-0.00,-0.00,-0.00,-0.00,-0.00
-0.00,-0.00,-0.00,-0.00,-0.00
-0.00,-0.00,-0.00,-0.00,-0.00
-0.00,-0.00,-0.00,-0.00,0.02
0.53,0.53,1.97,2.79,3.01
4.52,4.52,18.00,8.62,20.37
10.34,10.34,27.10,25.52,27.15
18.53,18.53,25.04,24.76,29.35
21.39,21.39,38.01,30.21,62.53
12.27,12.27,35.37,37.44,70.80
11.02,11.02,32.06,37.83,70.50
12.18,12.18,33.83,40.43,70.67
14.94,14.94,31.02,36.15,70.26
17.94,17.94,30.81,34.32,69.23
19.18,19.18,33.09,26.75,66.20
19.50,19.50,36.09,23.92,66.60
18.36,18.36,34.68,25.22,66.17
18.91,18.91,31.36,19.00,66.73
19.60,19.60,31.02,20.44,68.09
18.31,18.31,28.85,22.40,66.59
14.23,14.23,31.67,24.76,66.79
24.47,24.47,46.49,31.02,70.69
26.15,26.15,46.53,31.95,71.21
24.22,24.22,39.46,37.21,71.43
24.73,24.73,37.75,38.41,70.38
25.03,25.03,33.09,28.49,70.46
23.89,23.89,34.51,26.93,70.78
24.07,24.07,32.74,25.02,70.49
24.97,24.97,33.87,24.55,69.23
27.77,27.77,33.34,23.17,69.04
27.83,27.83,31.31,20.80,67.76
28.95,28.95,34.74,20.95,68.21
25.81,25.81,30.85,24.34,69.74
22.14,22.14,33.60,27.01,68.68
23.46,23.46,41.85,22.71,68.56
26.10,26.10,48.29,28.17,73.49
23.53,23.53,42.91,31.28,70.27
22.62,22.62,43.03,34.85,69.64
20.37,20.37,39.95,38.95,69.09
20.53,20.53,38.27,38.69,70.07
20.67,20.67,34.71,33.28,68.28
21.86,21.86,38.38,28.48,70.57
21.38,21.38,31.68,22.04,68.89
22.70,22.70,37.98,18.61,68.56
24.22,24.22,29.29,21.75,68.55
20.96,20.96,37.65,21.00,67.38
17.63,17.63,31.96,23.56,68.19
15.32,15.32,38.31,21.32,68.18
25.24,25.24,54.70,28.54,73.35
20.81,20.81,51.69,21.11,71.06
24.86,24.86,46.96,24.78,70.33
26.39,26.39,41.52,31.16,70.33
24.06,24.06,36.40,36.93,71.54
22.83,22.83,32.51,36.51,71.74
23.69,23.69,33.98,31.06,70.34
24.59,24.59,28.26,23.25,69.02
24.82,24.82,35.33,28.89,70.17
23.06,23.06,40.85,31.70,70.07
23.40,23.40,41.52,28.56,67.99
23.96,23.96,32.45,25.43,66.92
24.26,24.26,36.80,20.74,68.40
33.82,33.82,51.58,28.27,69.96
30.64,30.64,50.36,33.55,71.95
26.57,26.57,45.52,37.31,71.75
26.23,26.23,41.69,37.68,71.80
24.75,24.75,38.33,39.44,70.80
24.68,24.68,40.84,37.73,69.83
25.56,25.56,38.78,35.53,69.91
25.13,25.13,37.99,29.45,69.25
25.68,25.68,34.81,26.74,70.09
26.20,26.20,30.18,25.86,70.14
25.84,25.84,32.85,22.46,70.04
22.33,22.33,37.90,24.09,69.05
19.61,19.61,37.14,20.54,70.78
21.24,21.24,49.24,26.12,70.62
20.46,20.46,51.88,27.76,72.62
20.36,20.36,48.53,26.81,71.76
20.60,20.60,41.66,22.31,71.84
21.51,21.51,38.63,23.72,73.02
23.21,23.21,37.92,26.30,72.59
23.58,23.58,36.47,25.58,70.91
23.61,23.61,32.65,24.83,70.91
27.39,27.39,38.35,19.77,70.05
27.84,27.84,37.25,19.63,69.73
28.69,28.69,34.77,21.16,70.14
26.67,26.67,39.06,23.41,70.21
26.54,26.54,35.40,27.27,70.97
27.98,27.98,43.76,14.97,73.13
28.72,28.72,48.92,25.33,72.68
27.60,27.60,45.58,19.06,71.01
28.88,28.88,45.31,21.65,70.77
28.42,28.42,41.86,26.61,70.62
26.58,26.58,40.55,20.41,69.66
27.36,27.36,34.01,28.66,69.37
29.15,29.15,37.30,23.02,69.62
30.10,30.10,37.32,20.90,68.77
29.00,29.00,37.54,26.86,68.78
28.98,28.98,41.67,32.90,69.66
22.14,22.14,44.20,39.83,70.65
12.85,12.85,53.57,49.95,70.97
14.60,14.60,73.47,66.57,73.52
4.19,4.19,78.35,65.03,73.15
3.23,3.23,68.29,64.47,74.72
3.36,3.36,68.83,61.36,74.67
1.74,1.74,66.58,72.32,74.61
1.14,1.14,67.63,68.85,73.97
3.10,3.10,66.50,73.39,72.36
3.09,3.09,68.33,71.88,71.73
1.60,1.60,68.82,70.10,71.57
1.71,1.71,68.97,75.14,71.59
1.10,1.10,68.41,70.05,71.70
0.47,0.47,66.97,69.27,72.65
0.85,0.85,67.57,73.69,72.10
1.96,1.96,67.74,69.60,72.17
3.06,3.06,66.58,72.73,72.34
4.71,4.71,67.49,71.80,71.44
5.82,5.82,65.82,70.73,71.69
4.51,4.51,65.57,74.07,71.38
6.80,6.80,66.34,69.56,71.46
5.68,5.68,63.85,70.83,71.89
4.53,4.53,62.49,73.51,70.50
6.38,6.38,63.08,70.90,72.84
15.44,15.44,63.60,70.12,71.29
21.25,21.25,62.69,73.97,71.31
13.58,13.58,62.67,69.31,70.71
9.86,9.86,62.30,74.58,70.58
4.31,4.31,65.87,73.43,73.11
4.66,4.66,67.75,66.17,70.90
5.30,5.30,67.40,64.47,71.47
5.59,5.59,66.53,68.45,72.08
6.40,6.40,64.10,72.30,71.19
11.58,11.58,62.99,69.56,72.05
11.90,11.90,61.49,72.10,72.91
9.46,9.46,63.19,70.89,73.90
4.86,4.86,63.21,70.03,72.38
9.37,9.37,59.28,69.72,71.95
8.95,8.95,57.91,72.94,71.99
8.37,8.37,59.04,68.62,71.39
7.65,7.65,58.32,72.57,71.16
10.00,10.00,58.45,72.87,71.67
14.28,14.28,57.84,70.04,72.37
16.37,16.37,56.52,73.91,72.08
13.29,13.29,58.28,69.22,72.15
11.46,11.46,56.71,68.51,72.52
9.55,9.55,56.48,73.31,71.77
9.29,9.29,56.94,70.77,71.33
9.97,9.97,57.13,72.74,71.41
10.14,10.14,56.50,74.66,68.84
14.21,14.21,56.70,70.71,72.84
13.14,13.14,55.72,75.35,70.78
12.56,12.56,54.94,71.25,72.16
10.68,10.68,55.68,72.31,71.44
10.40,10.40,65.43,69.83,72.20
8.26,8.26,68.48,63.76,73.60
6.49,6.49,77.03,64.63,71.36
8.31,8.31,70.18,57.61,68.65
11.89,11.89,65.17,63.77,70.35
13.66,13.66,59.85,63.16,70.21
16.15,16.15,55.79,64.02,71.27
20.86,20.86,54.17,64.89,72.45
20.56,20.56,52.19,59.85,72.29
21.78,21.78,50.55,67.94,71.11
23.49,23.49,49.93,62.22,72.36
23.92,23.92,51.68,66.52,71.98
19.27,19.27,55.68,63.05,71.20
16.95,16.95,62.77,58.50,69.07
12.68,12.68,71.48,63.95,70.56
11.70,11.70,81.46,70.90,68.21
14.20,14.20,72.12,69.48,70.41
15.49,15.49,64.37,66.46,71.00
20.51,20.51,56.50,66.36,71.13
19.75,19.75,58.74,72.19,71.38
17.87,17.87,54.44,70.53,71.22
17.05,17.05,50.14,72.78,70.00
17.98,17.98,49.23,71.49,70.63
16.24,16.24,50.67,72.80,71.18
16.61,16.61,51.05,72.89,71.30
14.99,14.99,52.21,71.87,70.55
11.58,11.58,57.06,69.77,70.36
8.43,8.43,65.24,74.80,71.36
5.51,5.51,73.23,66.25,72.73
4.33,4.33,71.05,67.75,72.43
5.92,5.92,68.31,63.80,72.12
5.23,5.23,63.36,65.38,73.78
5.58,5.58,61.00,66.47,72.31
8.34,8.34,60.52,64.60,70.85
11.25,11.25,61.50,68.17,72.06
12.94,12.94,62.82,65.40,71.04
15.31,15.31,58.48,68.16,70.90
17.09,17.09,55.51,68.38,71.71
15.29,15.29,55.54,63.31,71.28
11.07,11.07,59.73,70.42,69.72
9.77,9.77,65.69,66.22,69.55
9.15,9.15,72.32,64.62,71.07
13.96,13.96,79.23,68.90,68.85
19.76,19.76,67.83,69.04,68.96
20.41,20.41,66.36,63.09,71.60
19.48,19.48,61.76,62.78,69.11
19.66,19.66,56.97,63.95,70.68
20.50,20.50,50.54,66.09,70.43
22.60,22.60,48.12,68.53,69.94
23.96,23.96,46.45,69.73,71.49
24.20,24.20,45.68,69.24,71.77
20.72,20.72,45.85,70.12,71.84
18.75,18.75,46.89,65.89,71.26
22.38,22.38,50.82,69.79,71.48
22.89,22.89,54.86,68.69,69.66
20.78,20.78,54.64,71.03,71.95
20.34,20.34,53.51,70.51,71.80
19.69,19.69,51.92,69.97,70.71
21.64,21.64,49.91,67.91,70.83
23.37,23.37,48.79,70.22,69.47
23.73,23.73,44.59,69.03,70.79
27.01,27.01,45.10,70.98,70.07
28.72,28.72,42.95,71.02,69.82
29.31,29.31,41.94,68.18,69.96
28.89,28.89,41.11,70.21,70.46
23.67,23.67,47.75,67.63,69.72
19.16,19.16,56.99,64.20,70.82
13.19,13.19,70.21,67.23,72.16
10.46,10.46,77.94,68.69,71.97
12.08,12.08,71.73,68.36,69.21
13.01,13.01,69.57,67.24,70.92
14.46,14.46,57.82,67.16,70.05
17.16,17.16,52.94,66.71,69.56
18.20,18.20,53.47,68.95,69.69
19.07,19.07,47.35,72.53,70.33
21.02,21.02,44.19,71.41,70.66
22.18,22.18,41.21,72.32,70.35
20.74,20.74,42.35,70.24,71.27
15.81,15.81,50.92,72.03,71.55
12.90,12.90,55.58,70.08,69.90
10.72,10.72,71.13,73.34,71.15
6.05,6.05,69.61,72.22,71.64
5.71,5.71,68.32,70.54,70.62
5.19,5.19,62.40,70.09,71.12
4.86,4.86,61.62,68.91,71.09
5.58,5.58,61.19,69.39,71.29
6.16,6.16,61.10,71.76,71.09
8.38,8.38,60.59,71.33,71.43
11.17,11.17,56.80,68.46,70.07
11.63,11.63,56.11,68.97,71.24
12.12,12.12,54.96,64.63,70.41
13.18,13.18,52.32,68.65,69.56
11.36,11.36,52.46,64.42,70.98
11.50,11.50,55.92,65.11,69.79
11.82,11.82,57.89,75.51,70.61
10.19,10.19,52.39,69.35,71.87
13.75,13.75,51.59,67.62,70.45
17.20,17.20,50.91,67.28,71.26
19.73,19.73,49.48,70.00,71.31
20.63,20.63,47.02,68.73,71.49
22.38,22.38,47.14,70.64,70.26
22.85,22.85,45.05,70.59,71.26
26.02,26.02,43.94,70.80,70.73
26.97,26.97,45.33,69.43,70.13
22.03,22.03,52.00,70.59,70.76
14.90,14.90,62.56,65.51,69.47
8.73,8.73,69.73,62.48,70.41
3.04,3.04,79.49,67.98,70.08
2.90,2.90,66.55,64.87,69.16
6.41,6.41,67.51,67.76,70.66
9.99,9.99,65.65,69.52,70.57
14.10,14.10,62.43,69.73,70.60
14.55,14.55,57.37,70.40,70.70
17.50,17.50,56.71,69.82,71.33
20.55,20.55,52.50,67.19,69.90
23.04,23.04,52.39,67.78,69.42
25.18,25.18,49.91,66.70,69.63
23.91,23.91,46.33,68.51,70.00
17.52,17.52,50.12,68.24,68.51
15.01,15.01,61.67,59.57,66.80
14.20,14.20,68.28,64.99,68.46
9.48,9.48,81.61,68.51,69.73
11.16,11.16,69.65,66.44,69.99
15.07,15.07,67.65,64.22,69.91
21.33,21.33,56.54,65.94,70.72
23.58,23.58,50.83,66.45,70.80
24.94,24.94,48.41,69.36,70.02
25.11,25.11,45.96,67.77,68.93
24.30,24.30,48.32,65.28,68.08
28.10,28.10,45.92,69.59,68.48
28.71,28.71,46.58,68.87,68.95
19.47,19.47,46.85,66.06,68.77
16.94,16.94,56.71,62.70,68.00
13.86,13.86,64.77,66.75,70.40
9.39,9.39,76.91,68.35,68.36
9.00,9.00,72.98,69.30,72.35
10.09,10.09,66.66,69.11,72.20
3.69,3.69,63.51,62.96,70.50
4.69,4.69,63.39,61.11,69.82
6.48,6.48,65.82,60.80,69.44
7.73,7.73,65.41,67.37,68.22
8.01,8.01,65.29,68.04,68.56
7.84,7.84,58.36,69.69,67.90
9.61,9.61,56.73,70.01,70.28
10.28,10.28,56.51,66.70,70.76
11.16,11.16,59.24,66.50,67.95
7.32,7.32,61.15,59.69,68.60
7.25,7.25,71.86,65.24,70.80
5.32,5.32,78.98,60.63,68.58
6.24,6.24,69.25,61.92,67.79
8.94,8.94,63.33,70.54,69.57
11.57,11.57,65.72,70.00,68.08
12.73,12.73,59.75,68.49,68.70
14.41,14.41,57.66,70.39,69.04
15.72,15.72,57.05,71.68,69.62
16.78,16.78,55.71,69.10,70.37
20.44,20.44,55.85,61.92,71.16
22.00,22.00,55.65,61.42,71.34
17.55,17.55,54.83,54.24,69.78
13.20,13.20,59.36,54.89,70.92
6.54,6.54,71.03,54.53,71.14
4.98,4.98,80.55,68.24,70.47
5.81,5.81,71.44,66.03,68.57
11.89,11.89,64.09,63.68,69.23
17.40,17.40,58.68,65.15,70.06
20.82,20.82,56.84,67.59,71.07
22.06,22.06,58.82,63.73,71.19
24.66,24.66,51.46,69.98,70.23
26.02,26.02,50.55,70.90,70.77
27.15,27.15,46.43,71.71,71.16
24.07,24.07,44.36,70.34,72.43
23.38,23.38,44.04,71.03,71.99
24.34,24.34,43.79,68.07,72.69
16.46,16.46,44.55,70.85,73.20
17.74,17.74,52.40,67.80,74.81
18.83,18.83,52.78,69.41,73.91
20.75,20.75,52.39,70.72,71.76
22.52,22.52,48.76,66.50,71.95
19.55,19.55,46.27,67.93,71.91
21.45,21.45,43.47,70.97,71.42
21.19,21.19,39.82,65.67,71.23
24.91,24.91,38.74,71.67,70.47
25.06,25.06,35.84,64.49,70.10
27.67,27.67,36.08,69.82,71.26
21.09,21.09,39.87,70.34,70.56
13.68,13.68,47.66,68.08,71.24
9.72,9.72,58.43,69.06,71.28
3.65,3.65,72.37,72.24,73.83
10.41,10.41,74.26,71.02,71.49
15.36,15.36,70.51,73.36,69.78
17.53,17.53,64.13,69.44,68.95
18.06,18.06,63.38,71.69,71.92
15.37,15.37,65.07,70.81,71.24
8.35,8.35,64.58,71.92,71.91
6.59,6.59,65.28,72.51,73.01
7.80,7.80,59.75,72.26,69.74
9.83,9.83,60.13,71.86,72.12
12.35,12.35,59.02,74.19,70.16
12.81,12.81,59.16,71.78,71.75
13.82,13.82,56.74,72.66,72.51
14.77,14.77,52.38,73.35,69.90
16.64,16.64,56.91,71.78,71.87
15.61,15.61,55.90,74.33,70.70
16.98,16.98,53.20,72.05,71.69
18.62,18.62,50.95,72.38,73.15
18.94,18.94,47.85,73.71,73.49
19.67,19.67,48.13,73.09,71.81
18.92,18.92,47.40,71.08,73.63
18.65,18.65,44.27,74.59,73.04
18.69,18.69,45.48,70.31,73.66
17.90,17.90,46.08,73.84,73.61
17.11,17.11,46.97,71.85,70.64
12.94,12.94,56.02,70.72,69.65
13.87,13.87,62.46,69.34,70.85
14.96,14.96,78.69,72.56,71.64
10.60,10.60,71.14,67.56,70.80
13.95,13.95,66.01,64.89,69.79
16.67,16.67,56.42,64.77,71.28
16.42,16.42,58.69,72.23,70.67
15.02,15.02,57.54,70.06,68.74
15.81,15.81,52.78,71.18,71.10
16.02,16.02,49.61,73.27,70.65
16.34,16.34,50.33,72.45,73.73
20.33,20.33,47.20,69.63,71.96
22.19,22.19,44.16,72.90,70.58
19.23,19.23,50.51,72.21,73.27
19.46,19.46,63.76,68.40,68.87
19.57,19.57,71.05,64.35,72.88
20.76,20.76,78.11,68.85,73.49
14.79,14.79,72.37,60.66,72.45
15.08,15.08,68.67,67.56,71.61
18.23,18.23,54.00,67.64,69.32
20.02,20.02,57.69,70.71,69.97
22.31,22.31,52.92,64.86,71.53
19.97,19.97,48.53,71.20,70.71
19.10,19.10,50.46,67.44,72.40
20.41,20.41,45.55,65.28,71.76
19.17,19.17,48.01,70.22,70.74
16.79,16.79,53.36,67.59,72.64
11.94,11.94,57.37,64.35,68.07
8.73,8.73,73.10,71.19,71.56
7.79,7.79,71.76,72.53,70.23
6.62,6.62,67.46,67.33,71.97
5.82,5.82,62.19,64.56,73.37
4.35,4.35,62.20,69.98,71.23
5.50,5.50,61.66,64.62,69.50
7.45,7.45,64.07,68.71,70.69
8.22,8.22,64.12,69.62,71.78
7.66,7.66,59.04,68.31,72.23
9.14,9.14,56.83,72.07,70.91
9.36,9.36,55.32,64.05,70.46
8.39,8.39,54.67,64.09,71.19
9.47,9.47,57.25,63.85,68.66
10.93,10.93,62.36,63.75,69.90
13.22,13.22,78.28,67.05,72.28
14.68,14.68,74.05,60.92,72.04
18.69,18.69,70.23,61.84,70.03
21.30,21.30,59.63,65.62,70.08
22.56,22.56,57.68,65.04,69.38
24.67,24.67,51.99,68.84,70.24
24.56,24.56,50.89,69.40,70.12
27.56,27.56,52.20,72.53,72.15
28.53,28.53,51.01,70.61,72.24
28.71,28.71,50.76,69.88,72.90
28.41,28.41,50.67,69.56,73.06
24.63,24.63,49.25,69.20,72.71
21.13,21.13,52.02,69.51,73.02
23.37,23.37,59.00,70.15,73.99
24.56,24.56,56.05,70.41,72.72
28.96,28.96,54.30,70.22,73.46
28.33,28.33,53.32,70.07,73.80
31.14,31.14,49.14,69.56,73.58
30.49,30.49,47.21,69.50,73.62
31.30,31.30,43.60,69.31,72.18
29.80,29.80,43.09,69.89,74.16
28.31,28.31,39.52,69.44,72.02
23.84,23.84,39.21,67.90,71.72
19.49,19.49,44.98,65.97,72.43
18.16,18.16,52.04,68.06,71.59
15.54,15.54,69.62,66.73,72.13
13.22,13.22,78.81,66.71,73.77
15.38,15.38,76.91,63.69,72.21
18.98,18.98,66.23,64.28,70.80
23.54,23.54,62.43,61.51,68.91
23.84,23.84,58.09,64.93,70.52
26.65,26.65,52.38,64.98,70.85
27.31,27.31,49.31,66.37,70.68
27.21,27.21,47.33,62.75,70.56
29.09,29.09,49.80,67.51,71.47
29.01,29.01,45.98,65.19,73.01
29.42,29.42,43.50,64.46,71.91
26.93,26.93,54.03,66.67,69.96
19.31,19.31,60.34,67.67,70.95
12.69,12.69,71.81,66.86,72.82
9.59,9.59,74.49,65.81,73.45
9.47,9.47,71.63,69.03,73.54
8.61,8.61,63.47,66.27,71.57
10.42,10.42,60.86,67.43,72.00
8.51,8.51,62.02,64.79,72.74
8.29,8.29,61.12,67.73,71.64
8.11,8.11,64.12,66.80,71.76
9.52,9.52,57.88,68.33,70.24
10.88,10.88,57.69,67.95,70.78
11.73,11.73,54.64,67.81,68.94
14.98,14.98,54.84,67.73,69.21
13.46,13.46,56.23,68.68,68.89
14.36,14.36,59.95,69.99,70.85
14.30,14.30,59.78,71.06,71.37
14.27,14.27,55.38,65.91,71.00
18.07,18.07,54.60,68.68,70.41
19.89,19.89,53.33,69.55,70.48
19.17,19.17,50.12,68.09,71.66
20.04,20.04,50.25,67.11,71.02
20.10,20.10,47.19,65.79,70.60
21.92,21.92,47.45,64.31,69.30
23.76,23.76,46.42,65.75,70.16
24.64,24.64,43.81,66.68,68.51
22.31,22.31,47.86,66.14,68.99
20.41,20.41,56.83,64.44,66.05
14.09,14.09,69.02,64.49,70.12
12.13,12.13,80.50,66.73,68.47
12.81,12.81,70.05,62.41,72.52
15.39,15.39,66.32,64.95,71.32
17.08,17.08,60.97,68.19,70.96
21.48,21.48,60.96,69.73,69.44
26.38,26.38,58.20,70.24,70.97
25.91,25.91,57.37,69.37,70.02
26.61,26.61,55.07,70.03,68.68
26.49,26.49,48.71,70.84,70.50
28.33,28.33,46.24,70.46,70.19
25.15,25.15,44.83,70.22,69.81
23.19,23.19,52.45,68.88,70.77
18.22,18.22,60.37,68.95,69.90
15.48,15.48,73.84,71.24,73.25
18.05,18.05,77.22,69.76,70.51
20.92,20.92,64.84,68.05,68.80
22.21,22.21,60.95,68.69,69.30
23.85,23.85,57.92,68.21,68.66
24.12,24.12,53.01,68.67,67.86
23.53,23.53,49.57,67.87,68.14
22.42,22.42,44.53,67.55,68.39
22.09,22.09,40.86,67.56,69.50
25.58,25.58,41.23,66.91,70.59
21.68,21.68,45.13,67.48,71.09
20.90,20.90,53.99,68.50,71.21
13.89,13.89,61.30,64.14,70.96
11.45,11.45,71.70,67.84,70.95
11.87,11.87,71.92,70.28,72.03
19.22,19.22,71.23,68.88,71.18
19.06,19.06,66.54,68.45,70.28
15.92,15.92,63.98,67.47,71.96
19.32,19.32,62.42,65.72,70.21
16.57,16.57,61.22,67.03,70.41
13.65,13.65,62.19,67.49,70.24
15.19,15.19,59.25,69.55,70.39
15.75,15.75,57.33,69.37,69.60
14.81,14.81,57.22,70.20,71.36
13.89,13.89,56.72,68.04,69.56
11.45,11.45,59.58,66.55,68.70
11.15,11.15,72.73,67.77,71.86
9.29,9.29,78.20,69.32,70.63
11.46,11.46,68.12,67.64,66.72
13.10,13.10,63.12,67.91,66.47
15.79,15.79,65.40,69.38,68.59
14.39,14.39,60.78,70.24,68.88
15.41,15.41,58.93,68.64,68.40
16.28,16.28,58.15,71.45,69.63
16.10,16.10,57.43,71.68,66.59
17.93,17.93,57.45,71.15,68.09
18.66,18.66,56.94,72.71,70.45
16.41,16.41,56.41,71.98,68.75
13.04,13.04,62.06,73.25,65.66
13.91,13.91,71.61,69.29,69.11
21.48,21.48,78.92,68.71,70.71
20.52,20.52,72.20,71.58,69.75
19.83,19.83,65.94,68.96,68.29
24.31,24.31,59.24,69.05,69.77
27.44,27.44,59.21,68.61,70.23
25.29,25.29,54.27,69.48,69.28
24.00,24.00,49.95,69.65,69.91
22.58,22.58,50.41,70.23,69.52
24.71,24.71,49.41,68.75,69.28
25.49,25.49,45.12,70.25,69.80
26.94,26.94,45.93,69.72,69.14
29.13,29.13,46.59,70.33,68.73
25.73,25.73,50.01,71.91,68.93
20.76,20.76,56.33,72.38,68.80
20.41,20.41,54.90,70.80,71.13
22.73,22.73,52.60,70.52,69.27
27.51,27.51,50.54,70.32,69.43
29.50,29.50,49.60,70.87,71.04
29.51,29.51,45.10,71.33,70.71
28.97,28.97,41.05,71.87,68.82
25.96,25.96,40.64,71.45,69.23
29.62,29.62,40.94,70.99,70.49
32.02,32.02,40.73,70.35,70.28
24.90,24.90,41.82,70.48,71.27
22.52,22.52,49.35,69.04,71.32
21.00,21.00,59.43,71.37,69.29
17.58,17.58,69.32,74.68,71.08
19.41,19.41,72.06,67.63,71.87
26.86,26.86,70.97,67.17,73.37
21.02,21.02,66.90,66.74,72.12
22.15,22.15,64.09,69.08,71.42
23.36,23.36,66.32,68.20,71.48
23.71,23.71,58.58,69.05,70.13
24.04,24.04,59.22,68.62,69.38
21.34,21.34,58.08,67.78,69.98
21.01,21.01,58.33,67.43,69.65
20.68,20.68,58.66,69.25,70.17
19.18,19.18,56.44,69.25,70.23
19.41,19.41,53.64,69.52,70.81
20.54,20.54,54.39,67.97,69.72
19.57,19.57,55.06,66.80,72.50
18.54,18.54,55.89,65.44,72.13
20.21,20.21,54.35,66.37,70.84
20.67,20.67,52.50,67.57,71.54
21.82,21.82,50.66,66.66,71.43
21.56,21.56,46.81,68.66,70.52
22.25,22.25,47.95,68.81,71.13
25.57,25.57,49.43,69.12,70.05
25.24,25.24,44.03,68.50,69.38
21.76,21.76,40.90,67.97,68.64
19.57,19.57,45.41,67.66,69.71
16.97,16.97,54.54,68.27,69.54
18.54,18.54,71.23,65.61,69.56
21.32,21.32,79.61,67.38,71.24
14.49,14.49,69.61,67.45,70.11
16.71,16.71,63.87,69.22,69.11
18.87,18.87,60.52,69.31,69.92
20.03,20.03,57.22,70.23,69.71
21.03,21.03,55.84,71.08,70.48
19.03,19.03,53.19,70.63,70.98
20.19,20.19,52.76,71.63,72.06
21.65,21.65,53.53,71.88,71.12
22.38,22.38,48.93,72.10,69.10
20.35,20.35,44.48,71.23,70.62
16.41,16.41,52.76,71.56,69.71
15.34,15.34,58.93,70.80,70.84
11.31,11.31,73.30,70.49,71.95
13.49,13.49,78.07,72.06,71.48
19.24,19.24,71.68,68.85,71.89
22.67,22.67,62.29,67.59,71.96
23.44,23.44,57.76,67.53,70.86
23.93,23.93,53.55,70.98,69.93
22.70,22.70,52.43,72.03,70.90
22.16,22.16,52.06,72.86,71.92
22.52,22.52,50.43,71.73,72.11
23.44,23.44,46.58,71.47,69.84
26.24,26.24,48.53,71.38,67.60
23.98,23.98,53.17,72.21,67.76
20.29,20.29,59.88,69.26,68.38
16.08,16.08,77.20,73.40,70.69
11.89,11.89,73.18,69.33,70.75
7.18,7.18,68.01,68.21,70.12
7.99,7.99,62.24,70.22,72.66
9.80,9.80,62.32,72.26,73.33
12.36,12.36,63.94,71.79,72.62
12.48,12.48,63.99,74.02,70.35
14.57,14.57,65.22,69.75,71.35
14.40,14.40,59.45,68.86,70.49
12.49,12.49,59.37,70.19,69.66
12.01,12.01,58.73,66.73,70.05
11.14,11.14,55.15,67.79,66.15
9.58,9.58,58.75,65.38,66.75
14.68,14.68,73.50,66.09,70.82
19.17,19.17,77.79,65.35,73.44
17.72,17.72,67.98,63.08,71.36
20.76,20.76,64.37,68.48,69.95
21.56,21.56,58.33,71.22,71.45
23.18,23.18,58.86,69.54,71.15
24.25,24.25,51.76,70.05,70.46
25.52,25.52,51.76,66.88,69.36
26.76,26.76,53.50,67.88,70.30
27.20,27.20,49.09,70.87,70.99
27.95,27.95,48.95,71.40,70.05
24.66,24.66,47.56,72.61,70.03
17.45,17.45,48.66,70.78,71.00
17.14,17.14,55.74,71.33,70.69
17.65,17.65,58.16,70.58,71.42
16.55,16.55,55.83,71.33,69.86
17.07,17.07,53.76,71.92,69.98
18.16,18.16,51.39,71.75,70.24
22.57,22.57,49.29,71.58,70.60
25.58,25.58,45.05,72.99,69.78
28.22,28.22,42.83,71.30,70.74
29.26,29.26,42.11,72.24,70.00
31.09,31.09,41.43,71.93,69.33
30.29,30.29,41.22,70.89,69.36
25.50,25.50,50.72,69.64,69.28
14.81,14.81,62.62,66.45,70.41
14.44,14.44,71.72,58.89,69.34
14.93,14.93,79.61,65.60,72.91
15.02,15.02,73.53,69.00,72.71
16.58,16.58,67.08,70.41,70.69
18.62,18.62,59.81,71.21,70.69
19.08,19.08,59.53,70.87,69.76
23.42,23.42,49.59,69.82,69.47
25.03,25.03,47.94,68.37,71.06
25.99,25.99,43.06,68.79,72.05
25.25,25.25,39.81,67.64,71.21
24.54,24.54,39.70,70.41,70.94
21.40,21.40,45.42,72.42,71.40
18.66,18.66,57.76,68.73,71.32
12.63,12.63,67.73,68.34,71.12
4.61,4.61,73.44,68.23,70.62
2.90,2.90,70.92,69.69,71.02
4.85,4.85,66.25,69.38,72.08
7.84,7.84,63.71,67.97,72.46
10.72,10.72,62.60,66.37,71.07
14.07,14.07,62.66,69.48,71.24
15.57,15.57,62.76,69.51,72.34
16.11,16.11,61.23,69.35,72.45
16.76,16.76,53.61,68.07,70.89
18.75,18.75,54.28,67.11,71.23
16.22,16.22,55.65,65.74,69.08
11.75,11.75,54.56,63.75,69.56
12.96,12.96,57.12,69.12,70.63
11.21,11.21,59.53,74.64,70.80
11.92,11.92,57.23,68.75,73.20
14.65,14.65,56.34,66.26,70.53
16.40,16.40,54.42,69.02,72.37
15.61,15.61,51.45,68.03,72.00
18.29,18.29,49.69,69.58,70.51
20.63,20.63,47.19,68.24,70.26
21.76,21.76,46.14,69.86,70.39
23.06,23.06,45.58,71.54,70.02
21.85,21.85,45.20,69.56,69.24
17.20,17.20,46.69,70.97,69.48
12.14,12.14,54.28,68.28,69.81
9.85,9.85,64.03,65.42,71.03
9.61,9.61,78.66,65.93,69.67
12.98,12.98,73.50,67.29,71.21
15.54,15.54,70.95,70.47,71.06
17.03,17.03,56.49,68.90,70.39
16.41,16.41,58.09,68.86,71.58
17.02,17.02,59.93,70.64,71.44
20.37,20.37,57.29,70.31,71.46
22.98,22.98,55.35,69.15,70.68
23.68,23.68,52.91,69.01,70.47
21.91,21.91,47.64,66.74,69.38
19.00,19.00,43.97,64.15,65.16
21.48,21.48,52.87,62.78,67.57
16.35,16.35,59.52,65.77,69.38
12.29,12.29,69.08,65.88,72.62
11.12,11.12,78.53,64.54,71.35
14.90,14.90,65.90,61.58,70.20
18.54,18.54,65.93,67.65,70.14
18.95,18.95,56.40,65.64,70.56
16.75,16.75,50.99,68.25,70.29
21.44,21.44,46.99,67.47,70.26
24.61,24.61,42.63,68.90,69.53
26.58,26.58,40.72,69.58,69.43
32.04,32.04,36.71,69.49,68.70
29.70,29.70,37.72,67.63,68.42
25.92,25.92,46.86,68.55,67.19
15.64,15.64,60.66,66.16,65.06
8.19,8.19,70.17,68.82,69.32
2.98,2.98,74.68,70.66,72.75
1.03,1.03,69.50,73.98,72.14
1.46,1.46,62.93,66.47,71.56
2.48,2.48,61.29,67.50,70.39
3.99,3.99,61.53,68.54,70.58
6.62,6.62,63.37,70.37,70.68
8.01,8.01,62.46,69.43,71.77
9.31,9.31,58.60,70.09,70.61
9.93,9.93,60.59,68.77,70.81
9.15,9.15,58.18,69.57,69.13
11.31,11.31,55.42,72.15,69.23
11.65,11.65,57.85,68.59,67.83
11.32,11.32,64.46,62.90,69.65
8.76,8.76,78.41,67.06,71.48
8.66,8.66,69.41,67.00,71.93
11.78,11.78,70.75,65.21,71.42
14.83,14.83,63.28,62.86,70.75
15.31,15.31,59.02,66.24,68.60
15.93,15.93,59.12,66.03,69.02
15.98,15.98,58.22,66.39,69.55
18.05,18.05,55.86,70.45,70.26
20.80,20.80,53.19,69.37,69.74
22.91,22.91,53.15,63.57,70.74
21.12,21.12,53.14,60.92,69.84
18.27,18.27,54.89,55.95,70.76
12.98,12.98,61.54,58.38,70.49
9.91,9.91,77.94,67.41,69.72
13.57,13.57,78.26,66.05,72.28
16.34,16.34,71.64,64.38,72.30
22.54,22.54,59.97,67.97,71.13
24.28,24.28,58.03,70.66,71.50
24.43,24.43,53.75,71.61,70.26
24.62,24.62,53.48,71.14,71.84
24.53,24.53,51.30,69.78,71.66
23.10,23.10,48.20,71.95,70.64
23.07,23.07,46.94,69.74,71.65
21.09,21.09,47.95,71.17,72.01
20.22,20.22,47.66,72.19,69.97
17.81,17.81,48.57,70.98,72.46
19.62,19.62,51.50,72.77,71.46
20.24,20.24,51.64,71.16,71.11
21.65,21.65,50.35,72.48,72.90
22.90,22.90,47.96,72.51,71.30
24.21,24.21,44.29,71.67,71.36
24.88,24.88,42.50,70.77,71.00
25.34,25.34,39.76,74.03,71.03
26.95,26.95,37.75,69.67,71.65
27.97,27.97,37.72,72.91,70.88
30.55,30.55,36.64,71.56,71.65
29.52,29.52,36.63,69.98,71.05
24.24,24.24,42.45,71.81,66.22
17.98,17.98,50.92,74.01,68.41
12.19,12.19,64.64,69.05,68.57
6.59,6.59,72.80,74.96,70.96
5.62,5.62,71.94,72.66,70.34
8.61,8.61,70.38,71.91,69.95
11.84,11.84,63.82,63.45,70.77
12.21,12.21,61.32,72.51,71.65
12.51,12.51,61.25,71.97,73.34
18.42,18.42,63.69,71.15,72.30
21.51,21.51,66.00,70.72,72.64
19.25,19.25,59.55,73.42,70.87
25.73,25.73,55.02,69.05,70.52
26.51,26.51,52.15,73.09,71.74
24.00,24.00,52.26,70.49,70.46
20.52,20.52,56.32,73.06,68.67
17.43,17.43,56.19,71.98,70.98
18.31,18.31,55.93,70.69,70.67
21.76,21.76,56.57,71.35,70.61
26.23,26.23,54.77,73.05,71.14
25.97,25.97,51.85,71.45,69.19
26.24,26.24,50.05,72.98,70.00
26.79,26.79,51.50,72.14,69.53
26.89,26.89,50.15,72.57,70.15
26.81,26.81,47.36,73.75,70.25
26.28,26.28,44.41,71.86,69.90
27.03,27.03,45.28,71.62,70.94
21.62,21.62,55.26,70.91,69.36
11.99,11.99,67.66,62.83,68.38
5.80,5.80,68.90,63.08,71.99
9.71,9.71,71.69,61.57,70.63
12.40,12.40,73.63,70.85,69.97
14.77,14.77,58.73,74.16,71.29
16.50,16.50,56.91,71.36,73.22
17.61,17.61,56.59,74.64,72.23
19.25,19.25,57.61,72.06,72.66
18.23,18.23,59.40,74.37,72.80
22.79,22.79,56.24,73.42,71.63
24.43,24.43,52.10,74.94,74.69
20.09,20.09,46.44,73.71,70.08
15.23,15.23,49.70,74.40,70.08
13.37,13.37,60.18,70.73,69.21
11.56,11.56,65.19,69.55,69.16
5.68,5.68,76.41,69.70,70.33
8.53,8.53,69.80,70.98,69.52
11.16,11.16,69.67,73.86,69.55
13.75,13.75,55.50,74.40,68.60
16.36,16.36,58.68,74.69,68.96
17.15,17.15,52.06,73.19,70.77
17.13,17.13,48.62,74.66,69.05
20.13,20.13,48.35,72.84,71.86
19.76,19.76,47.69,75.63,70.31
18.34,18.34,47.33,72.58,70.10
14.61,14.61,52.48,74.32,72.70
11.03,11.03,58.63,75.08,69.58
6.70,6.70,72.72,74.02,70.55
11.92,11.92,74.45,67.43,72.66
12.28,12.28,71.52,65.29,70.39
12.32,12.32,63.56,68.76,69.47
8.27,8.27,61.79,70.06,69.95
7.46,7.46,61.93,65.53,67.64
14.13,14.13,64.66,67.10,68.85
17.63,17.63,64.84,71.46,67.26
13.13,13.13,60.93,66.82,69.18
16.21,16.21,55.98,68.44,68.72
15.55,15.55,55.98,63.08,68.03
12.33,12.33,54.92,62.44,66.30
8.36,8.36,60.71,61.92,67.65
8.74,8.74,72.18,62.41,70.04
10.18,10.18,78.69,64.94,69.32
11.86,11.86,68.02,65.77,71.37
15.51,15.51,64.64,64.37,73.77
20.13,20.13,63.92,63.98,70.44
23.50,23.50,55.45,67.14,71.63
24.06,24.06,51.46,68.45,69.41
23.78,23.78,48.11,69.30,71.92
24.00,24.00,44.68,69.66,70.76
26.13,26.13,43.83,68.34,69.79
28.19,28.19,41.70,68.00,69.91
28.30,28.30,44.47,68.55,69.74
28.47,28.47,46.09,69.41,69.59
25.85,25.85,54.59,68.02,68.00
22.97,22.97,61.01,68.58,69.25
23.14,23.14,60.92,68.36,68.14
27.11,27.11,58.96,67.37,66.97
30.07,30.07,56.84,67.55,68.36
31.19,31.19,54.10,67.89,67.45
31.85,31.85,49.79,67.55,69.22
31.01,31.01,47.87,67.21,69.84
31.47,31.47,44.98,68.24,67.97
30.06,30.06,40.97,67.88,67.49
28.51,28.51,41.76,68.11,68.60
22.33,22.33,48.60,66.39,69.20
18.66,18.66,61.06,63.01,69.87
10.02,10.02,70.43,63.58,68.91
5.22,5.22,81.88,65.87,70.59
9.67,9.67,68.36,62.55,71.30
14.23,14.23,68.65,61.42,72.26
17.99,17.99,65.99,66.59,72.59
22.34,22.34,57.89,68.03,72.39
25.49,25.49,52.24,67.05,71.73
24.10,24.10,48.84,67.34,72.43
23.69,23.69,43.61,67.74,71.35
26.98,26.98,42.57,68.14,71.08
25.44,25.44,43.13,66.98,71.05
23.20,23.20,43.66,66.89,71.39
14.83,14.83,50.23,66.02,71.23
8.54,8.54,62.50,69.97,70.39
4.08,4.08,73.27,65.33,73.13
2.38,2.38,71.81,67.47,72.71
4.51,4.51,67.89,63.72,71.25
7.45,7.45,63.90,67.67,72.25
12.22,12.22,62.20,65.38,72.24
13.69,13.69,61.13,65.23,70.40
15.38,15.38,63.81,65.82,70.84
15.48,15.48,65.36,68.62,72.94
15.14,15.14,58.71,69.31,70.48
14.42,14.42,57.60,69.31,70.31
13.79,13.79,56.87,68.66,71.25
11.09,11.09,57.49,69.24,70.36
10.26,10.26,57.99,70.50,74.21
8.55,8.55,58.76,68.27,73.62
9.88,9.88,58.06,68.53,73.71
12.10,12.10,54.40,67.54,73.04
16.02,16.02,53.57,70.02,73.42
17.18,17.18,52.97,67.43,72.09
17.49,17.49,50.92,67.50,72.26
19.24,19.24,49.31,68.18,71.35
20.81,20.81,47.59,68.56,72.05
21.91,21.91,46.65,70.41,72.22
26.38,26.38,45.48,68.23,72.57
26.10,26.10,45.81,67.68,71.13
20.56,20.56,58.92,67.71,72.47
17.84,17.84,66.36,66.30,71.95
20.06,20.06,78.27,65.18,73.15
17.23,17.23,71.47,62.91,70.04
12.22,12.22,69.59,66.97,70.89
13.20,13.20,63.30,65.37,70.87
14.02,14.02,59.61,66.97,72.33
18.81,18.81,58.54,66.74,71.66
21.60,21.60,55.13,66.56,72.96
22.41,22.41,55.05,67.13,72.14
24.38,24.38,57.50,69.01,71.18
24.92,24.92,52.68,66.77,70.05
25.01,25.01,47.11,68.24,71.68
21.41,21.41,50.12,67.95,70.36
20.96,20.96,57.09,66.58,71.74
16.05,16.05,71.56,57.74,70.50
10.49,10.49,78.23,61.27,71.26
17.75,17.75,65.69,65.11,72.32
18.56,18.56,67.43,64.26,72.17
19.50,19.50,58.00,66.74,71.47
20.95,20.95,54.52,69.66,70.60
21.98,21.98,48.61,71.63,71.21
21.86,21.86,45.10,71.92,72.45
22.12,22.12,42.08,70.32,72.34
24.64,24.64,42.26,70.87,71.66
25.82,25.82,41.71,69.52,70.34
24.22,24.22,46.18,69.04,71.06
16.67,16.67,54.68,70.37,71.35
9.29,9.29,65.85,72.51,72.07
10.29,10.29,70.03,69.14,71.77
17.44,17.44,69.41,66.75,72.21
18.11,18.11,67.29,67.50,72.26
11.11,11.11,64.23,64.33,71.21
14.72,14.72,63.05,59.19,73.03
16.54,16.54,61.09,62.15,70.56
14.48,14.48,62.92,61.65,71.71
16.14,16.14,60.42,63.13,71.73
15.64,15.64,57.00,59.79,71.02
18.46,18.46,56.31,60.09,70.19
17.81,17.81,56.74,59.37,70.65
9.78,9.78,59.55,60.47,71.39
9.03,9.03,70.53,60.44,73.61
8.15,8.15,77.36,57.83,72.27
7.21,7.21,71.31,65.59,71.88
8.72,8.72,66.88,68.54,72.27
9.66,9.66,62.84,67.51,71.68
13.03,13.03,61.52,68.46,73.09
14.95,14.95,60.64,68.48,71.87
14.75,14.75,60.21,69.15,72.19
14.72,14.72,58.69,69.21,71.03
12.36,12.36,58.85,70.39,70.05
10.72,10.72,58.58,66.47,70.99
10.20,10.20,57.69,66.53,71.58
11.50,11.50,59.75,57.00,71.38
9.04,9.04,66.10,62.28,73.64
9.90,9.90,78.26,68.74,72.23
6.17,6.17,68.28,60.12,72.82
5.86,5.86,67.83,64.36,75.32
8.14,8.14,65.65,69.63,74.58
10.16,10.16,67.68,67.83,72.59
11.19,11.19,68.76,72.24,73.51
14.01,14.01,66.92,69.77,72.68
18.96,18.96,67.17,68.52,73.50
17.25,17.25,67.78,73.08,73.58
16.14,16.14,68.06,67.64,74.21
20.64,20.64,67.32,66.92,74.07
22.41,22.41,67.54,73.42,72.12
18.23,18.23,68.83,67.20,73.87
15.96,15.96,67.59,67.33,73.31
18.98,18.98,66.63,71.78,74.81
19.33,19.33,65.86,70.85,75.06
17.31,17.31,64.50,72.62,72.37
13.21,13.21,65.01,69.81,72.68
11.86,11.86,64.09,67.59,72.82
10.72,10.72,64.25,72.82,72.09
13.46,13.46,62.42,67.88,73.78
13.11,13.11,62.50,67.80,72.58
8.66,8.66,60.90,71.62,73.41
10.75,10.75,62.62,68.80,74.16
11.69,11.69,59.66,72.57,71.47
6.57,6.57,62.28,72.86,72.42
3.88,3.88,62.47,74.33,73.17
11.30,11.30,70.60,72.48,73.45
15.13,15.13,70.80,73.36,72.61
12.38,12.38,68.65,65.52,72.44
12.18,12.18,64.02,72.39,73.89
15.62,15.62,63.64,72.55,72.77
14.76,14.76,63.26,70.96,71.79
12.62,12.62,61.88,72.38,74.29
11.81,11.81,60.71,72.77,74.73
14.73,14.73,58.62,71.80,72.74
17.80,17.80,58.86,73.56,72.37
18.22,18.22,57.40,71.33,71.10
18.41,18.41,59.31,72.26,71.04
18.89,18.89,57.61,73.01,73.02
18.74,18.74,58.13,69.78,71.32
18.47,18.47,58.51,71.68,71.69
19.46,19.46,56.00,71.91,72.43
18.96,18.96,56.48,71.10,72.39
21.86,21.86,55.67,73.20,71.20
24.22,24.22,54.17,72.51,70.61
23.57,23.57,55.11,71.03,70.75
22.01,22.01,54.02,73.27,70.87
22.48,22.48,53.45,69.25,71.65
21.93,21.93,52.71,70.20,71.57
20.71,20.71,52.10,72.64,70.40
17.92,17.92,54.06,69.28,70.66
17.18,17.18,59.58,69.22,68.96
14.96,14.96,70.12,66.94,71.26
12.51,12.51,77.26,65.40,71.31
15.03,15.03,68.32,65.18,74.03
18.88,18.88,63.03,70.47,72.72
21.24,21.24,59.26,70.10,72.64
21.68,21.68,58.57,70.87,71.40
20.84,20.84,56.18,69.62,69.12
19.80,19.80,55.18,71.42,70.75
21.14,21.14,50.41,68.65,70.62
26.08,26.08,48.28,72.20,70.19
26.68,26.68,48.44,69.05,71.23
20.76,20.76,49.56,70.67,69.67
17.06,17.06,56.88,68.48,70.23
13.67,13.67,65.94,65.24,72.39
8.94,8.94,71.96,62.31,71.68
8.07,8.07,70.45,60.56,70.76
11.80,11.80,73.14,70.07,71.69
14.08,14.08,59.75,71.68,72.28
16.94,16.94,57.62,70.59,72.01
18.92,18.92,55.96,72.88,72.67
19.41,19.41,50.73,69.35,70.19
20.96,20.96,51.49,69.05,72.33
21.72,21.72,51.66,72.42,70.55
23.60,23.60,51.25,70.91,71.85
19.71,19.71,51.67,73.47,71.07
15.31,15.31,54.80,71.09,69.81
9.85,9.85,65.30,73.11,72.17
5.80,5.80,71.00,72.67,71.19
6.41,6.41,68.85,65.10,71.13
6.10,6.10,64.93,71.56,71.80
5.41,5.41,62.19,67.82,71.32
6.64,6.64,61.94,71.62,74.49
9.53,9.53,59.72,72.85,72.76
10.76,10.76,60.97,69.62,71.59
14.63,14.63,59.38,70.49,72.83
17.37,17.37,54.90,72.90,73.48
19.05,19.05,53.10,70.97,72.08
18.60,18.60,54.54,72.85,71.75
14.61,14.61,53.97,65.02,70.98
11.08,11.08,57.72,61.80,70.77
8.69,8.69,71.39,67.99,73.02
10.63,10.63,81.80,70.16,69.81
13.67,13.67,68.42,70.85,68.96
20.22,20.22,65.53,66.96,70.13
22.45,22.45,61.22,67.48,70.26
24.14,24.14,58.07,67.42,68.91
24.99,24.99,52.30,67.44,68.63
26.34,26.34,53.33,67.90,70.25
28.11,28.11,51.32,70.59,71.50
28.76,28.76,48.47,69.26,70.51
28.19,28.19,47.49,71.09,69.64
27.75,27.75,48.77,71.99,69.80
23.64,23.64,54.23,70.79,69.31
19.30,19.30,58.67,72.01,70.40
14.71,14.71,57.90,70.59,70.46
15.13,15.13,56.68,71.02,69.93
22.69,22.69,54.31,71.95,70.75
26.66,26.66,52.40,72.06,71.23
24.60,24.60,50.97,73.38,70.49
27.44,27.44,47.91,71.00,70.11
27.57,27.57,46.13,72.18,71.31
28.91,28.91,43.44,72.07,69.38
30.01,30.01,44.80,72.95,71.60
25.68,25.68,43.24,70.98,69.42
21.29,21.29,52.85,71.60,71.27
16.97,16.97,57.19,67.20,70.50
15.48,15.48,74.93,66.91,74.17
15.87,15.87,73.51,65.60,70.55
18.73,18.73,71.21,67.63,71.27
19.98,19.98,62.12,67.54,73.40
21.57,21.57,56.84,67.93,70.98
22.16,22.16,48.72,67.97,73.85
23.11,23.11,50.37,68.57,71.79
25.38,25.38,47.73,60.87,71.90
26.68,26.68,46.22,68.66,69.79
26.45,26.45,45.88,71.10,70.96
29.42,29.42,42.71,70.13,68.74
25.29,25.29,45.75,69.58,70.57
18.19,18.19,57.82,70.48,70.20
12.10,12.10,67.01,70.79,72.16
3.63,3.63,71.98,69.09,71.30
2.96,2.96,67.99,69.78,72.75
2.59,2.59,64.02,69.81,70.70
5.44,5.44,62.17,69.67,72.72
8.12,8.12,60.46,70.45,72.15
10.71,10.71,61.34,69.86,68.96
12.39,12.39,61.36,69.21,68.91
12.75,12.75,58.45,70.50,69.04
15.78,15.78,56.46,68.86,70.14
15.57,15.57,56.54,71.76,69.70
13.88,13.88,52.82,69.74,71.22
13.31,13.31,55.31,68.61,68.44
11.35,11.35,58.82,66.45,71.46
9.97,9.97,58.36,70.69,72.10
11.84,11.84,55.12,73.22,72.39
14.16,14.16,52.03,69.27,72.35
18.32,18.32,51.02,71.31,71.09
22.47,22.47,50.07,71.75,70.57
23.64,23.64,47.33,69.60,72.21
24.43,24.43,45.89,70.83,71.22
24.16,24.16,43.22,70.72,70.26
25.36,25.36,40.90,69.62,70.70
27.25,27.25,42.00,70.24,68.65
21.64,21.64,48.53,70.79,70.01
13.61,13.61,57.76,66.93,69.02
7.54,7.54,64.72,68.90,70.45
4.43,4.43,79.82,68.71,69.50
8.46,8.46,68.81,69.79,69.15
18.13,18.13,65.95,70.40,70.22
25.52,25.52,60.12,69.83,68.16
32.26,32.26,63.36,70.62,70.16
32.96,32.96,59.65,69.93,69.87
34.62,34.62,54.20,68.81,70.82
37.36,37.36,54.96,71.34,70.72
38.73,38.73,53.95,68.46,70.75
36.82,36.82,46.79,69.83,71.69
27.38,27.38,45.84,69.22,69.14
17.43,17.43,54.56,66.72,68.44
13.73,13.73,60.60,64.17,68.56
12.53,12.53,73.62,62.37,69.70
19.98,19.98,76.47,62.72,69.91
24.28,24.28,68.89,56.48,68.28
20.51,20.51,60.62,65.79,68.78
20.33,20.33,56.16,66.14,67.82
25.00,25.00,53.32,68.19,69.43
24.27,24.27,49.41,67.67,69.84
25.72,25.72,50.26,67.21,69.34
25.35,25.35,43.92,68.31,69.44
25.02,25.02,44.17,69.77,69.91
24.58,24.58,43.28,69.41,69.64
20.42,20.42,49.36,68.35,69.10
13.69,13.69,57.16,64.94,68.84
7.71,7.71,68.41,65.20,71.25
3.31,3.31,71.38,71.83,73.64
4.69,4.69,71.30,70.25,69.68
4.15,4.15,64.84,67.41,70.44
5.21,5.21,62.97,64.18,70.42
8.86,8.86,64.40,67.21,70.73
11.34,11.34,61.10,67.47,69.18
11.85,11.85,63.75,67.66,69.71
13.49,13.49,62.35,67.86,69.32
15.87,15.87,57.06,66.54,66.91
14.41,14.41,56.55,63.79,68.37
9.48,9.48,56.35,65.46,67.06
7.30,7.30,62.08,65.82,68.18
4.22,4.22,68.30,64.26,71.15
9.82,9.82,77.64,64.66,69.17
16.82,16.82,70.96,64.70,69.97
16.55,16.55,64.46,66.06,71.08
18.08,18.08,64.55,69.40,69.48
19.26,19.26,59.49,69.27,70.52
14.73,14.73,58.12,69.81,69.41
12.42,12.42,55.85,67.21,68.24
15.10,15.10,54.67,68.86,69.23
17.01,17.01,53.83,67.52,68.14
19.14,19.14,54.04,68.12,67.33
20.03,20.03,53.70,60.04,68.86
15.34,15.34,56.73,56.89,67.98
10.59,10.59,62.79,65.74,71.50
10.34,10.34,77.62,63.67,71.69
11.96,11.96,71.72,61.45,71.09
17.85,17.85,72.07,66.57,72.24
18.71,18.71,57.61,69.78,70.94
26.36,26.36,59.41,66.90,71.45
29.49,29.49,53.47,71.70,71.70
30.23,30.23,49.48,65.81,69.04
27.24,27.24,48.54,66.48,69.63
25.13,25.13,46.83,73.73,70.64
24.43,24.43,44.64,65.32,70.36
24.87,24.87,44.91,70.01,72.43
28.31,28.31,45.09,71.19,70.51
27.54,27.54,45.88,67.90,71.69
24.67,24.67,47.18,73.51,70.82
25.24,25.24,53.57,66.30,70.33
23.17,23.17,56.05,69.61,72.54
23.96,23.96,55.15,73.90,71.72
26.81,26.81,54.97,66.77,72.03
28.53,28.53,52.93,70.23,70.79
26.10,26.10,49.18,72.43,71.12
24.97,24.97,43.94,69.60,70.33
25.84,25.84,41.28,73.06,71.66
29.66,29.66,38.38,69.45,69.24
28.71,28.71,37.55,69.78,70.22
31.14,31.14,36.76,73.68,71.57
29.56,29.56,40.55,70.86,70.67
26.49,26.49,47.95,69.80,68.48
15.65,15.65,57.69,72.24,71.29
8.37,8.37,73.39,70.71,72.58
7.06,7.06,69.85,68.28,70.55
6.66,6.66,66.12,71.43,70.82
4.60,4.60,64.32,70.71,70.87
8.58,8.58,63.93,74.11,72.96
13.84,13.84,61.78,71.00,71.89
20.47,20.47,60.26,70.39,73.40
21.87,21.87,62.48,74.01,71.06
17.18,17.18,57.47,69.97,72.97
16.96,16.96,53.47,70.87,70.82
18.08,18.08,52.91,74.72,73.20
18.78,18.78,52.06,70.00,70.05
17.19,17.19,54.63,75.16,70.45
19.38,19.38,56.81,71.34,69.76
19.31,19.31,54.59,69.75,69.31
19.75,19.75,54.00,72.98,70.22
18.91,18.91,51.32,70.98,70.27
20.41,20.41,50.66,71.29,70.96
24.01,24.01,49.77,75.67,71.32
23.70,23.70,47.49,71.19,69.55
21.24,21.24,47.58,73.87,71.16
20.59,20.59,46.05,73.45,71.08
21.75,21.75,43.96,71.25,71.96
21.65,21.65,47.75,72.92,71.18
15.30,15.30,56.66,71.85,69.72
14.39,14.39,67.41,66.85,70.33
11.28,11.28,74.26,68.77,71.02
8.29,8.29,71.24,59.07,69.23
9.72,9.72,71.62,64.45,70.60
11.93,11.93,60.44,70.85,70.63
13.99,13.99,59.71,72.07,72.37
15.53,15.53,56.73,70.01,73.60
16.93,16.93,54.50,72.53,74.36
17.38,17.38,50.25,72.43,72.75
19.80,19.80,46.31,69.61,73.21
24.20,24.20,45.88,74.20,73.12
21.62,21.62,46.03,69.11,70.88
18.57,18.57,51.40,72.39,72.62
15.35,15.35,57.11,72.00,70.24
12.65,12.65,69.39,69.85,71.85
11.85,11.85,78.61,72.85,71.86
16.89,16.89,67.39,65.13,69.47
17.63,17.63,67.61,69.99,70.24
18.91,18.91,58.61,70.38,71.09
18.93,18.93,53.35,67.99,69.43
22.23,22.23,55.87,70.65,70.11
23.39,23.39,47.10,71.43,70.32
21.02,21.02,50.00,66.33,70.54
17.03,17.03,42.13,74.01,71.00
18.01,18.01,43.12,68.25,71.37
16.29,16.29,48.07,69.62,71.89
11.60,11.60,52.92,72.75,70.54
15.64,15.64,71.64,69.30,69.44
13.37,13.37,72.36,67.68,70.09
11.64,11.64,70.06,69.39,69.75
10.43,10.43,62.08,66.66,71.36
8.63,8.63,63.49,61.74,70.26
9.80,9.80,65.58,65.79,70.92
10.23,10.23,61.41,67.20,70.11
8.73,8.73,62.71,59.39,69.51
12.95,12.95,57.27,69.21,70.02
17.18,17.18,54.77,65.66,71.17
14.62,14.62,54.58,63.54,68.95
13.88,13.88,55.18,66.69,70.32
13.51,13.51,55.04,58.23,68.55
11.68,11.68,63.54,60.46,69.99
10.62,10.62,76.50,69.17,72.67
17.16,17.16,70.43,66.61,71.26
17.83,17.83,68.03,64.81,71.37
19.55,19.55,60.66,65.50,72.45
18.39,18.39,57.11,69.84,70.97
19.55,19.55,55.36,68.62,71.27
18.65,18.65,52.55,68.87,71.51
22.04,22.04,46.64,69.87,71.52
22.23,22.23,45.43,68.57,72.68
23.20,23.20,44.09,67.72,72.16
27.61,27.61,43.60,68.46,72.71
22.32,22.32,45.53,70.10,74.21
23.52,23.52,49.78,69.82,74.14
20.45,20.45,57.75,70.04,73.33
22.67,22.67,58.83,69.99,73.46
23.28,23.28,56.36,69.91,72.81
26.81,26.81,53.65,69.41,72.55
31.36,31.36,52.10,69.40,73.82
30.81,30.81,50.22,70.05,71.59
31.62,31.62,46.96,70.98,71.97
28.51,28.51,44.18,69.79,71.68
27.49,27.49,42.08,69.78,70.57
26.34,26.34,40.43,69.44,71.85
26.06,26.06,45.56,70.36,70.23
20.65,20.65,49.68,67.93,70.07
17.49,17.49,60.07,65.71,70.81
18.92,18.92,79.68,66.37,71.62
20.37,20.37,71.21,64.63,70.11
23.99,23.99,69.59,65.98,69.87
21.56,21.56,60.19,66.59,69.11
22.61,22.61,58.74,68.06,69.10
25.52,25.52,55.71,68.20,67.84
26.60,26.60,51.59,67.64,68.93
26.38,26.38,46.62,70.01,70.09
31.14,31.14,45.12,67.89,70.17
34.29,34.29,44.71,67.49,70.42
32.00,32.00,42.20,68.36,71.69
26.13,26.13,45.18,69.19,70.13
20.05,20.05,55.08,67.74,68.90
11.85,11.85,68.14,68.56,72.52
9.85,9.85,71.15,69.34,72.85
11.96,11.96,68.34,66.75,71.06
9.05,9.05,63.02,69.64,70.55
9.71,9.71,60.87,68.42,71.98
14.31,14.31,60.20,66.74,72.32
18.40,18.40,59.82,65.87,71.22
20.18,20.18,62.16,66.37,73.01
21.79,21.79,55.64,66.35,72.95
19.92,19.92,51.82,67.79,72.81
19.81,19.81,52.12,64.41,71.54
20.34,20.34,53.50,64.41,71.77
18.04,18.04,54.18,67.70,71.63
18.92,18.92,57.71,68.53,71.94
16.94,16.94,57.75,64.82,72.70
15.27,15.27,54.37,68.97,70.05
15.91,15.91,53.38,65.87,70.56
18.61,18.61,51.45,67.82,71.97
19.22,19.22,47.55,67.14,71.64
21.14,21.14,46.05,69.03,70.97
24.91,24.91,45.60,67.18,70.92
27.10,27.10,43.76,66.63,70.42
23.50,23.50,41.67,68.58,72.62
24.04,24.04,40.77,69.13,70.74
20.40,20.40,47.16,69.19,71.06
19.11,19.11,54.52,68.18,70.63
14.60,14.60,64.61,68.09,70.78
18.82,18.82,77.89,67.54,72.86
23.43,23.43,71.81,66.66,71.42
24.50,24.50,67.70,69.44,71.73
22.36,22.36,61.64,70.38,70.81
19.94,19.94,57.77,69.89,70.52
21.47,21.47,59.52,70.96,70.76
20.67,20.67,56.63,71.18,71.92
23.21,23.21,54.42,71.30,72.82
24.03,24.03,50.95,69.95,72.63
25.26,25.26,49.87,69.26,72.16
24.45,24.45,48.83,69.91,72.69
25.76,25.76,50.67,67.80,70.21
23.48,23.48,60.72,64.24,70.65
21.61,21.61,72.86,63.08,69.00
20.72,20.72,79.45,61.00,69.89
23.64,23.64,65.61,64.34,71.01
25.37,25.37,71.12,67.14,70.77
21.63,21.63,57.92,67.43,70.50
24.74,24.74,51.07,68.27,71.26
25.58,25.58,50.15,70.71,71.99
26.00,26.00,45.79,69.99,70.73
24.85,24.85,41.64,68.59,71.06
24.16,24.16,39.98,67.40,72.83
23.56,23.56,41.69,67.91,71.26
24.08,24.08,48.78,68.28,71.11
22.46,22.46,56.77,69.97,70.38
20.80,20.80,70.18,67.30,71.44
18.19,18.19,72.05,68.97,71.10
18.05,18.05,70.67,65.57,72.03
18.88,18.88,66.51,66.19,70.51
15.28,15.28,62.33,66.00,71.16
10.28,10.28,60.16,66.99,71.22
12.66,12.66,60.98,68.50,71.16
14.93,14.93,61.75,68.03,69.84
14.93,14.93,58.64,68.99,71.20
15.53,15.53,53.55,66.96,71.64
19.22,19.22,55.31,69.13,70.51
18.82,18.82,54.80,68.81,71.05
17.35,17.35,58.91,67.75,69.37
14.00,14.00,69.92,62.48,70.34
12.91,12.91,76.16,59.53,67.61
14.56,14.56,67.56,63.93,68.27
20.50,20.50,67.59,62.93,70.65
19.78,19.78,65.29,66.69,70.74
21.44,21.44,62.05,68.08,69.15
23.00,23.00,60.99,67.14,69.71
22.42,22.42,58.40,66.30,70.06
15.82,15.82,57.04,67.72,70.30
16.51,16.51,54.73,69.39,70.47
14.70,14.70,53.09,68.32,73.92
16.41,16.41,55.66,69.59,71.50
16.85,16.85,57.72,69.14,68.69
16.20,16.20,66.30,70.59,68.37
12.10,12.10,75.65,72.10,69.72
9.71,9.71,74.55,71.83,70.03
12.71,12.71,69.21,68.59,71.21
18.79,18.79,61.13,68.66,71.13
20.72,20.72,57.47,68.33,70.37
22.07,22.07,52.31,66.23,69.53
21.07,21.07,49.37,69.46,71.93
22.84,22.84,48.27,69.94,70.10
23.76,23.76,43.74,69.59,70.24
23.95,23.95,44.77,69.10,70.09
25.71,25.71,43.00,68.62,69.93
24.63,24.63,44.37,66.14,70.88
22.93,22.93,50.24,67.76,69.77
21.87,21.87,55.91,67.82,71.00
17.75,17.75,56.02,67.82,72.11
17.53,17.53,55.18,66.93,72.20
19.34,19.34,52.80,69.01,71.54
21.50,21.50,49.91,68.94,69.91
23.23,23.23,46.94,67.92,69.73
25.46,25.46,43.67,67.53,69.05
24.47,24.47,41.36,65.04,69.36
24.99,24.99,37.24,66.51,70.18
27.61,27.61,37.57,67.63,70.73
25.78,25.78,36.60,68.24,72.88
23.90,23.90,45.38,67.23,71.21
19.06,19.06,55.68,65.46,70.47
18.65,18.65,67.35,67.36,74.53
15.29,15.29,70.67,68.34,71.01
15.11,15.11,68.32,69.06,72.19
17.54,17.54,67.52,69.70,69.88
18.60,18.60,65.65,65.58,70.46
18.39,18.39,62.22,67.99,69.44
20.14,20.14,59.88,68.70,69.31
23.27,23.27,58.80,67.28,69.79
19.00,19.00,58.51,66.71,69.55
16.99,16.99,56.74,66.23,69.20
22.81,22.81,54.09,64.78,68.70
24.87,24.87,54.27,66.37,71.13
26.36,26.36,52.63,67.61,69.58
33.08,33.08,56.36,67.69,71.78
30.06,30.06,57.17,67.96,72.10
27.02,27.02,55.11,65.60,70.81
28.30,28.30,54.36,66.55,70.38
24.11,24.11,52.25,65.57,71.09
23.04,23.04,47.74,64.99,70.97
21.90,21.90,46.40,66.99,70.74
21.73,21.73,45.63,66.60,69.99
26.32,26.32,45.74,67.53,70.91
26.93,26.93,47.18,68.12,70.07
24.45,24.45,42.11,67.70,71.21
23.52,23.52,48.08,66.56,71.23
14.85,14.85,59.72,66.22,70.70
13.54,13.54,73.74,63.62,72.17
11.67,11.67,77.90,57.34,71.59
13.53,13.53,70.61,62.76,70.87
13.79,13.79,69.27,66.83,72.54
16.72,16.72,60.94,64.64,71.16
19.16,19.16,59.28,65.45,70.67
18.97,18.97,58.20,65.70,69.82
19.75,19.75,56.49,65.67,70.65
21.75,21.75,53.58,65.15,69.13
22.18,22.18,51.00,61.96,69.81
24.44,24.44,53.64,64.41,69.48
25.44,25.44,52.84,67.04,68.46
23.19,23.19,53.62,64.59,66.27
18.62,18.62,61.07,65.28,69.42
20.26,20.26,73.74,67.46,73.32
20.80,20.80,77.81,67.54,71.18
22.69,22.69,65.47,63.98,70.31
23.56,23.56,59.41,60.20,69.34
18.15,18.15,58.31,68.59,69.20
21.97,21.97,56.02,70.25,69.05
22.29,22.29,50.05,68.25,69.06
19.77,19.77,49.59,67.28,70.07
22.31,22.31,48.20,67.94,71.29
24.53,24.53,49.68,67.27,71.17
23.72,23.72,50.82,68.24,69.84
20.36,20.36,50.94,70.23,68.32
15.68,15.68,54.83,72.74,66.25
11.20,11.20,70.08,71.75,71.06
9.31,9.31,68.20,65.04,71.95
8.48,8.48,68.73,68.96,71.26
9.25,9.25,64.22,69.71,72.92
10.27,10.27,63.86,65.96,72.08
15.02,15.02,62.91,65.89,71.33
18.71,18.71,62.98,64.51,71.11
17.53,17.53,63.95,66.10,69.95
16.37,16.37,58.93,66.99,69.13
14.66,14.66,53.70,67.84,69.14
17.71,17.71,55.88,66.05,69.67
18.70,18.70,57.83,66.47,68.38
19.45,19.45,60.00,61.42,68.34
22.28,22.28,69.55,59.69,74.26
19.01,19.01,79.80,64.99,69.89
19.32,19.32,68.15,65.80,68.86
18.97,18.97,63.97,67.01,70.41
18.94,18.94,60.23,67.94,69.78
17.02,17.02,59.90,66.94,69.64
17.96,17.96,56.32,64.94,67.74
19.05,19.05,51.22,68.35,69.15
21.71,21.71,49.46,70.64,70.41
21.94,21.94,47.78,69.94,69.30
22.39,22.39,47.75,72.43,69.04
18.29,18.29,47.10,70.61,69.10
15.91,15.91,47.55,72.40,70.10
15.12,15.12,56.02,71.34,71.75
13.69,13.69,59.07,72.87,71.31
12.64,12.64,57.46,70.70,70.26
10.19,10.19,56.06,72.33,70.72
11.14,11.14,56.79,73.00,69.54
15.37,15.37,53.06,70.74,71.20
19.29,19.29,49.61,72.44,70.33
20.86,20.86,46.40,70.92,68.96
22.92,22.92,44.66,71.08,70.15
21.15,21.15,42.19,71.39,68.49
19.43,19.43,42.17,70.76,69.26
19.88,19.88,51.03,69.17,69.88
13.40,13.40,56.46,67.00,69.20
8.42,8.42,65.16,64.34,72.36
8.16,8.16,79.75,66.12,70.40
14.93,14.93,70.39,68.23,72.11
18.67,18.67,69.35,68.92,69.97
21.84,21.84,64.24,68.78,70.81
23.87,23.87,57.90,68.49,71.48
25.59,25.59,51.79,71.43,71.58
25.79,25.79,47.52,68.81,71.25
26.31,26.31,44.54,69.13,71.13
25.73,25.73,45.53,71.26,69.19
22.69,22.69,42.91,68.04,70.92
19.25,19.25,45.48,68.70,70.17
20.46,20.46,53.34,70.69,70.07
10.84,10.84,63.60,70.17,71.26
6.47,6.47,73.40,68.68,73.38
9.42,9.42,69.63,69.39,72.26
10.06,10.06,66.23,69.61,71.20
10.15,10.15,62.52,71.16,70.12
9.70,9.70,61.95,69.96,67.28
10.44,10.44,59.98,70.56,70.85
11.28,11.28,59.03,70.95,70.64
12.59,12.59,61.81,70.62,69.47
15.24,15.24,59.31,69.00,71.08
16.79,16.79,52.95,70.83,70.09
16.10,16.10,53.55,66.61,69.48
14.93,14.93,54.31,63.80,68.13
17.21,17.21,56.98,63.75,69.50
22.38,22.38,59.69,67.05,72.21
22.31,22.31,57.08,71.12,71.76
23.03,23.03,57.29,68.86,69.94
26.32,26.32,54.79,62.74,70.52
19.23,19.23,52.48,62.97,71.40
24.70,24.70,51.69,67.93,71.30
22.68,22.68,47.75,68.74,70.26
20.74,20.74,45.98,67.96,71.24
22.35,22.35,43.23,65.21,70.23
21.49,21.49,43.55,66.24,69.13
23.78,23.78,43.76,68.28,69.56
16.95,16.95,51.42,67.25,69.05
10.44,10.44,63.70,63.98,67.43
10.98,10.98,71.63,65.98,70.14
7.87,7.87,78.34,66.18,69.15
7.90,7.90,72.48,66.26,69.66
9.23,9.23,63.67,68.69,69.37
10.50,10.50,59.70,69.90,70.30
15.66,15.66,57.44,69.75,69.58
21.16,21.16,53.16,68.42,70.69
21.26,21.26,52.30,68.59,69.39
21.10,21.10,54.36,66.81,69.24
20.45,20.45,50.34,67.29,70.50
18.65,18.65,47.36,68.92,70.39
14.99,14.99,47.00,68.90,68.01
14.41,14.41,58.03,65.97,68.89
8.00,8.00,64.63,63.74,70.97
5.39,5.39,81.15,66.13,70.66
5.73,5.73,69.01,65.08,69.20
10.16,10.16,69.64,67.94,69.33
15.02,15.02,62.10,65.50,70.18
16.19,16.19,56.99,69.18,69.70
17.11,17.11,50.72,69.73,68.97
17.84,17.84,44.26,70.16,69.75
23.16,23.16,42.80,72.12,69.73
25.05,25.05,45.66,69.97,69.26
24.95,24.95,44.09,70.73,69.04
16.82,16.82,49.21,69.42,68.79
16.19,16.19,52.95,69.38,67.82
10.07,10.07,63.76,69.66,68.98
6.81,6.81,72.63,63.01,72.83
7.37,7.37,69.22,73.94,71.29
9.56,9.56,65.88,67.40,71.19
7.39,7.39,60.58,66.90,71.23
10.15,10.15,61.21,67.21,72.97
14.61,14.61,60.08,66.77,69.84
19.45,19.45,59.30,67.36,71.80
21.48,21.48,60.98,68.83,72.12
19.90,19.90,56.89,68.15,70.86
17.07,17.07,54.94,68.94,69.94
12.48,12.48,55.71,68.67,69.31
7.30,7.30,56.77,67.62,68.73
11.16,11.16,65.61,67.34,68.96
8.90,8.90,77.30,69.24,68.95
15.71,15.71,71.22,63.10,73.32
11.27,11.27,64.25,60.26,70.61
12.51,12.51,64.01,66.08,70.31
14.33,14.33,61.14,68.29,68.58
11.90,11.90,57.26,69.89,71.30
13.59,13.59,56.59,69.29,70.63
17.24,17.24,55.43,67.91,70.15
17.67,17.67,54.02,68.21,68.77
20.06,20.06,54.51,71.69,70.65
21.98,21.98,53.59,63.76,69.68
20.49,20.49,53.58,59.90,69.94
12.42,12.42,61.11,58.99,69.86
12.04,12.04,73.32,65.24,70.19
12.59,12.59,80.30,66.09,71.82
14.82,14.82,72.61,65.12,72.15
19.56,19.56,61.73,67.16,68.51
23.05,23.05,57.55,68.11,69.42
23.81,23.81,57.72,72.37,69.08
24.20,24.20,50.41,65.65,72.00
22.82,22.82,49.61,70.03,72.89
23.46,23.46,48.16,69.27,71.36
25.08,25.08,47.82,67.56,71.16
26.03,26.03,46.07,72.18,72.61
27.71,27.71,45.50,68.91,72.13
26.08,26.08,49.40,66.08,72.08
23.00,23.00,56.12,72.93,70.17
22.47,22.47,57.41,69.91,72.64
23.21,23.21,57.87,72.26,72.06
26.39,26.39,56.41,71.21,71.69
26.95,26.95,52.53,70.25,71.51
28.19,28.19,49.75,71.85,71.81
28.93,28.93,47.13,71.63,69.95
28.70,28.70,46.07,69.22,72.19
27.76,27.76,42.55,73.57,71.08
27.97,27.97,40.06,70.66,72.01
26.41,26.41,39.08,70.71,73.83
24.41,24.41,42.57,71.42,71.79
20.52,20.52,52.99,71.05,71.52
12.77,12.77,61.40,72.68,69.09
10.70,10.70,75.15,72.43,70.52
6.59,6.59,74.73,70.96,71.07
7.17,7.17,67.97,70.35,69.95
8.47,8.47,62.29,72.45,70.79
8.22,8.22,63.59,69.32,71.70
9.02,9.02,65.58,71.38,70.03
10.94,10.94,64.06,72.89,71.81
13.32,13.32,61.08,69.89,69.43
13.65,13.65,59.27,74.34,70.82
14.81,14.81,59.56,74.36,71.87
12.93,12.93,60.87,72.08,70.85
13.14,13.14,58.81,74.22,72.59
16.71,16.71,53.36,71.71,70.16
18.40,18.40,55.83,74.07,71.43
17.20,17.20,59.41,73.85,73.31
18.96,18.96,54.59,73.34,70.85
22.21,22.21,51.68,72.60,70.76
26.13,26.13,51.62,74.15,71.15
26.83,26.83,49.66,71.55,70.70
28.16,28.16,50.12,75.13,71.76
28.46,28.46,51.03,73.08,70.12
28.72,28.72,51.88,74.43,70.70
27.54,27.54,50.00,73.30,72.18
25.57,25.57,45.19,73.86,69.68
19.05,19.05,47.96,70.71,68.88
14.46,14.46,61.12,72.95,70.57
16.82,16.82,71.90,67.41,68.76
12.75,12.75,76.77,64.00,68.47
12.67,12.67,69.28,60.78,69.27
13.61,13.61,61.47,62.22,68.46
17.43,17.43,56.06,60.94,68.70
18.60,18.60,57.10,62.84,69.31
16.66,16.66,56.41,65.74,69.60
16.05,16.05,53.63,63.38,69.63
21.31,21.31,52.71,63.28,71.67
21.50,21.50,49.52,68.82,71.10
22.99,22.99,47.41,64.25,71.34
22.41,22.41,49.35,65.27,71.82
18.10,18.10,58.48,65.56,67.76
15.23,15.23,67.59,62.35,71.59
13.56,13.56,80.69,69.43,70.88
10.97,10.97,74.20,64.91,69.59
8.72,8.72,66.21,64.78,69.04
11.92,11.92,58.73,68.44,69.84
15.80,15.80,56.02,66.44,68.58
19.98,19.98,55.19,69.62,70.97
18.23,18.23,47.13,72.41,69.00
15.18,15.18,47.24,70.45,68.79
15.49,15.49,43.99,71.83,69.79
14.42,14.42,44.39,70.34,68.13
12.26,12.26,46.85,68.83,68.44
9.86,9.86,53.77,71.00,68.23
8.40,8.40,65.51,69.42,67.83
7.76,7.76,76.06,60.89,69.87
11.64,11.64,72.54,62.64,70.03
18.14,18.14,67.41,67.54,68.47
12.46,12.46,63.11,68.27,71.61
11.06,11.06,62.45,67.21,73.07
13.07,13.07,63.03,67.84,69.58
14.14,14.14,64.12,67.23,72.27
14.07,14.07,61.97,64.29,67.08
13.75,13.75,55.73,67.87,69.82
12.51,12.51,53.91,67.99,68.37
11.72,11.72,54.82,59.04,65.42
11.42,11.42,53.82,59.00,66.41
10.58,10.58,59.06,61.90,68.29
10.80,10.80,71.08,63.94,70.21
16.42,16.42,80.23,63.57,68.14
22.30,22.30,72.02,64.68,68.54
24.13,24.13,65.54,65.38,67.55
23.79,23.79,61.68,67.24,67.45
26.14,26.14,61.56,69.00,70.33
25.67,25.67,51.37,69.26,68.13
24.95,24.95,47.19,68.22,68.99
24.85,24.85,47.19,66.19,68.05
25.56,25.56,47.08,63.60,68.55
23.35,23.35,47.41,65.53,68.59
22.74,22.74,47.11,65.25,69.17
19.92,19.92,51.16,67.73,68.62
20.22,20.22,62.02,65.61,70.47
20.38,20.38,59.96,66.78,68.63
20.88,20.88,59.46,67.20,69.58
22.34,22.34,58.10,67.53,69.05
24.86,24.86,55.55,67.61,68.89
27.44,27.44,53.28,68.54,68.68
28.77,28.77,52.05,67.39,66.11
27.68,27.68,49.67,64.35,65.87
25.86,25.86,46.96,65.56,65.89
24.24,24.24,44.29,66.84,66.24
22.22,22.22,43.71,66.48,66.31
17.93,17.93,51.64,65.27,67.35
10.39,10.39,59.70,63.01,67.59
7.50,7.50,74.22,64.98,71.42
5.90,5.90,78.48,65.95,73.08
6.21,6.21,66.57,64.90,69.86
10.46,10.46,62.74,65.43,69.01
18.13,18.13,61.58,66.17,68.36
22.39,22.39,54.43,66.90,68.37
21.48,21.48,52.11,66.80,68.71
23.53,23.53,50.27,66.73,68.56
24.34,24.34,48.10,65.32,68.88
25.03,25.03,47.61,65.11,68.71
24.86,24.86,46.29,65.80,68.42
20.91,20.91,47.98,66.13,69.81
16.20,16.20,53.71,65.84,68.87
9.67,9.67,67.33,67.42,72.52
4.18,4.18,70.71,66.52,73.01
4.85,4.85,71.00,68.82,72.60
5.30,5.30,64.82,67.33,74.45
6.24,6.24,61.35,66.80,73.60
6.51,6.51,60.89,67.97,72.34
8.79,8.79,60.97,68.78,73.44
10.39,10.39,60.94,68.79,73.26
13.32,13.32,59.58,68.08,72.28
15.68,15.68,56.00,68.14,72.37
16.64,16.64,55.99,67.74,74.15
17.21,17.21,56.57,67.08,71.47
14.56,14.56,60.41,66.03,70.59
13.39,13.39,67.73,61.49,71.75
10.62,10.62,81.11,64.14,72.86
13.59,13.59,67.07,61.71,71.23
13.94,13.94,59.87,61.90,72.14
14.12,14.12,58.71,64.75,70.90
16.33,16.33,59.01,65.30,70.93
17.00,17.00,60.53,63.81,70.52
17.67,17.67,60.48,66.84,70.37
18.85,18.85,55.14,65.84,69.88
20.55,20.55,51.55,66.37,69.65
20.95,20.95,48.36,65.48,69.55
17.76,17.76,47.70,67.08,69.78
15.87,15.87,54.67,62.75,68.79
16.83,16.83,72.58,60.15,71.10
9.86,9.86,79.91,59.92,71.40
9.05,9.05,66.07,59.99,70.06
11.94,11.94,64.65,63.43,70.02
11.55,11.55,64.39,66.46,70.99
13.06,13.06,58.64,67.16,70.12
15.26,15.26,56.84,68.52,71.16
17.78,17.78,53.89,68.21,71.09
18.87,18.87,51.65,68.09,71.38
20.78,20.78,51.29,68.89,72.04
20.04,20.04,50.06,68.58,72.75
15.37,15.37,52.90,66.51,70.24
18.21,18.21,57.50,68.87,71.11
9.98,9.98,67.30,69.24,72.95
5.34,5.34,73.76,72.41,72.35
3.75,3.75,71.68,68.08,72.85
4.45,4.45,69.22,69.02,71.56
4.08,4.08,66.00,67.93,71.49
6.21,6.21,63.16,67.62,73.72
7.61,7.61,65.22,66.63,74.17
8.85,8.85,68.86,64.67,72.04
7.28,7.28,68.82,66.83,72.68
6.15,6.15,66.16,66.10,73.35
4.63,4.63,61.89,65.26,71.91
2.95,2.95,62.00,67.00,71.28
2.42,2.42,61.70,65.16,68.64
7.69,7.69,68.17,66.59,71.19
4.32,4.32,78.58,66.37,71.71
8.12,8.12,71.13,61.68,72.22
8.79,8.79,65.27,60.17,69.83
9.53,9.53,63.87,67.61,71.66
11.26,11.26,62.27,68.89,71.43
15.36,15.36,55.65,66.34,71.33
16.52,16.52,57.15,69.71,72.65
19.70,19.70,56.79,68.77,73.23
22.05,22.05,53.74,70.36,72.66
21.76,21.76,53.47,68.60,71.52
22.58,22.58,51.36,67.45,72.21
21.78,21.78,58.49,69.07,70.38
18.62,18.62,59.45,69.49,71.53
16.44,16.44,74.15,69.26,72.19
18.15,18.15,73.69,68.45,71.81
21.68,21.68,68.70,64.00,70.99
25.72,25.72,63.96,63.05,71.26
28.22,28.22,62.11,65.25,70.82
27.82,27.82,62.93,66.68,70.20
35.93,35.93,63.21,66.34,71.37
36.74,36.74,63.84,66.96,68.58
33.15,33.15,65.60,68.33,69.14
46.62,46.62,63.82,64.75,67.75
51.84,51.84,62.42,67.23,68.95
62.46,62.46,61.56,59.24,70.57
64.06,64.06,63.22,60.64,69.78
64.70,64.70,77.07,66.25,71.92
71.62,71.62,73.35,61.16,70.93
71.20,71.20,74.98,68.44,69.86
70.25,70.25,65.63,63.91,70.45
70.25,70.25,64.87,70.77,68.12
70.29,70.29,63.74,69.88,69.30
68.01,68.01,63.97,69.01,70.37
68.84,68.84,64.11,71.45,67.69
70.58,70.58,64.01,71.83,70.03
65.03,65.03,63.46,70.52,67.30
62.03,62.03,62.44,73.26,67.86
59.36,59.36,63.13,68.91,68.39
62.50,62.50,63.20,71.95,69.69
65.61,65.61,63.58,71.33,69.39
70.97,70.97,62.88,70.03,70.87
74.59,74.59,64.66,72.66,70.38
71.95,71.95,62.63,71.70,69.32
71.25,71.25,63.35,72.02,68.46
71.05,71.05,61.14,73.86,69.55
71.27,71.27,61.91,73.35,69.72
67.31,67.31,61.77,72.32,70.40
67.61,67.61,61.59,74.52,70.02
69.04,69.04,61.54,70.27,69.25
71.52,71.52,60.64,73.27,69.45
70.53,70.53,59.74,72.89,66.85
69.15,69.15,60.99,70.94,68.11
68.18,68.18,65.81,71.60,68.98
68.83,68.83,71.92,70.73,73.84
69.39,69.39,70.42,70.77,71.00
74.56,74.56,66.62,71.73,70.02
71.44,71.44,63.46,65.47,68.05
71.48,71.48,62.39,70.89,67.43
70.85,70.85,62.22,67.75,65.87
71.15,71.15,61.97,71.10,68.87
65.40,65.40,58.84,72.02,67.94
59.56,59.56,59.76,69.28,66.39
62.22,62.22,61.49,70.26,67.50
64.39,64.39,61.75,71.52,67.77
66.65,66.65,62.06,68.00,67.87
68.41,68.41,59.18,73.67,67.94
72.48,72.48,57.78,73.09,68.21
70.59,70.59,55.62,65.71,68.72
71.13,71.13,56.16,69.85,68.13
65.81,65.81,54.97,70.75,67.07
68.55,68.55,52.97,71.15,68.45
70.77,70.77,54.54,71.65,65.43
72.10,72.10,54.71,71.22,65.70
73.73,73.73,52.92,72.15,65.69
71.09,71.09,53.52,70.99,64.66
70.91,70.91,53.07,70.18,68.16
71.13,71.13,54.65,72.13,68.64
71.88,71.88,54.00,70.00,64.72
69.05,69.05,61.92,66.74,68.65
68.53,68.53,70.15,60.29,66.97
69.91,69.91,78.51,66.57,67.66
71.08,71.08,68.33,63.45,68.55
71.58,71.58,62.25,66.78,69.40
74.18,74.18,58.50,69.00,66.44
75.41,75.41,58.31,65.73,68.47
74.10,74.10,54.62,70.96,67.97
70.69,70.69,55.20,69.01,65.84
68.74,68.74,54.78,69.10,68.08
71.52,71.52,51.35,70.16,66.27
73.82,73.82,49.00,68.69,67.21
75.28,75.28,48.08,69.35,68.01
74.08,74.08,56.58,67.19,64.99
72.09,72.09,59.84,64.00,65.28
69.36,69.36,72.84,66.01,65.25
68.92,68.92,75.57,62.40,66.96
70.96,70.96,73.04,68.78,65.84
70.46,70.46,64.36,70.80,64.05
69.48,69.48,55.56,71.72,65.11
71.71,71.71,57.53,70.91,64.15
75.33,75.33,49.88,71.39,66.81
76.88,76.88,48.22,69.23,65.52
79.52,79.52,48.13,72.80,63.28
78.32,78.32,49.70,69.38,65.06
76.93,76.93,50.99,73.16,64.79
75.88,75.88,53.99,68.79,66.08
66.09,66.09,61.91,70.44,66.76
65.97,65.97,74.38,67.44,68.95
63.52,63.52,70.67,67.60,66.85
62.70,62.70,66.96,67.47,66.20
58.46,58.46,63.36,66.62,68.14
62.32,62.32,63.64,67.56,68.20
60.12,60.12,62.82,66.97,65.37
61.00,61.00,61.89,61.47,66.66
60.31,60.31,60.74,68.85,65.53
58.04,58.04,57.46,60.60,65.53
70.75,70.75,54.74,63.94,67.58
76.47,76.47,55.59,57.89,65.93
74.83,74.83,57.78,48.44,65.04
74.92,74.92,61.11,45.58,65.97
70.72,70.72,70.85,58.60,66.20
68.95,68.95,75.37,64.54,65.42
70.57,70.57,69.83,66.64,65.55
67.87,67.87,62.97,69.14,68.09
68.46,68.46,64.71,67.99,66.40
70.97,70.97,58.30,66.49,64.29
71.98,71.98,51.96,70.57,65.99
69.55,69.55,51.37,71.25,66.29
69.16,69.16,48.89,72.26,67.35
69.68,69.68,48.83,70.67,67.91
71.43,71.43,46.73,73.18,65.91
73.16,73.16,46.83,71.82,66.89
73.25,73.25,51.08,72.87,65.41
71.24,71.24,54.72,73.13,67.09
67.80,67.80,57.14,73.46,66.53
68.03,68.03,55.71,72.36,66.85
70.42,70.42,54.33,74.23,67.28
71.14,71.14,51.77,71.66,63.88
73.40,73.40,49.40,72.28,68.63
73.20,73.20,47.19,72.96,65.95
73.39,73.39,46.33,71.71,66.92
74.63,74.63,45.64,72.56,68.69
75.56,75.56,42.76,71.29,65.93
73.63,73.63,45.71,71.24,67.54
66.31,66.31,50.62,69.34,65.36
73.32,73.32,61.38,62.89,64.66
72.06,72.06,65.96,66.41,66.54
70.53,70.53,80.45,70.80,64.76
68.72,68.72,72.31,69.22,66.23
64.32,64.32,67.30,67.78,65.51
63.26,63.26,60.54,67.10,64.84
68.24,68.24,52.11,70.47,67.20
69.01,69.01,50.87,70.52,65.20
72.38,72.38,48.52,71.64,67.09
74.03,74.03,47.17,70.45,64.98
75.64,75.64,46.19,70.62,64.08
73.54,73.54,46.47,71.30,64.65
68.57,68.57,48.61,69.80,64.07
65.70,65.70,52.85,72.24,67.38
66.06,66.06,64.66,72.17,65.97
69.55,69.55,71.46,70.58,69.30
66.84,66.84,71.82,67.84,70.40
64.80,64.80,63.19,69.76,68.41
64.93,64.93,60.67,71.70,67.81
64.18,64.18,56.86,72.51,67.35
63.15,63.15,59.62,71.00,68.92
60.71,60.71,61.51,71.18,67.61
58.06,58.06,57.52,70.84,67.63
58.43,58.43,56.96,68.29,67.96
55.11,55.11,54.88,71.70,68.49
57.18,57.18,51.83,69.67,69.78
59.31,59.31,52.50,67.44,68.26
64.95,64.95,57.35,69.50,69.72
71.76,71.76,55.99,69.97,69.40
70.48,70.48,56.10,71.70,68.19
71.37,71.37,56.59,65.57,64.55
69.15,69.15,54.42,67.43,67.69
66.89,66.89,52.66,67.69,63.86
74.14,74.14,47.47,68.35,65.91
69.70,69.70,45.06,69.94,67.84
62.56,62.56,44.37,68.67,63.96
64.54,64.54,43.65,68.81,68.01
65.15,65.15,44.49,69.98,64.03
68.55,68.55,46.78,70.17,65.32
67.33,67.33,52.00,69.52,67.85
63.94,63.94,60.33,68.28,64.88
65.64,65.64,73.74,68.28,70.91
69.37,69.37,76.16,66.86,65.45
66.53,66.53,69.07,67.87,68.42
64.36,64.36,62.42,69.13,68.50
68.08,68.08,56.18,69.05,68.42
65.19,65.19,57.36,71.31,69.46
64.38,64.38,57.81,69.47,67.11
65.00,65.00,56.56,72.51,69.76
64.62,64.62,54.49,71.21,66.86
64.48,64.48,49.59,71.13,70.26
64.94,64.94,47.75,72.23,68.27
59.26,59.26,50.29,69.93,68.74
62.78,62.78,57.81,65.75,69.84
60.75,60.75,62.26,62.44,70.05
57.34,57.34,77.87,68.43,69.21
52.67,52.67,72.75,68.61,66.26
52.62,52.62,66.97,68.85,69.24
58.68,58.68,59.20,70.67,66.88
55.37,55.37,53.84,69.60,67.86
60.01,60.01,57.40,72.02,67.84
51.82,51.82,51.23,73.39,67.99
51.06,51.06,48.09,71.57,69.41
56.31,56.31,44.87,72.50,67.83
50.36,50.36,43.15,72.69,69.03
47.04,47.04,49.15,71.18,66.97
43.88,43.88,60.61,71.57,66.06
42.78,42.78,68.31,68.49,69.22
44.79,44.79,72.89,71.04,67.91
44.80,44.80,73.11,71.30,69.93
43.44,43.44,69.73,67.19,69.53
42.39,42.39,64.63,67.39,68.44
42.66,42.66,64.90,66.58,69.48
38.14,38.14,65.39,65.71,67.29
40.74,40.74,66.15,64.02,67.33
41.04,41.04,64.98,67.22,66.26
38.45,38.45,56.48,69.62,66.02
38.91,38.91,58.40,70.08,68.24
39.95,39.95,58.88,68.63,66.65
34.73,34.73,58.45,65.04,66.35
40.98,40.98,65.38,60.55,68.65
40.01,40.01,77.94,67.72,67.85
41.52,41.52,71.13,69.87,66.57
43.31,43.31,68.96,70.82,70.20
45.35,45.35,62.72,69.65,68.25
45.93,45.93,64.20,64.39,65.26
48.32,48.32,61.00,63.93,68.30
55.33,55.33,58.53,68.96,66.28
58.46,58.46,58.22,70.22,70.06
68.10,68.10,57.10,70.37,70.76
72.10,72.10,49.30,65.00,66.87
70.02,70.02,47.52,61.60,67.33
69.88,69.88,51.21,61.10,67.36
69.10,69.10,54.52,46.45,65.47
72.56,72.56,73.89,62.39,69.66
67.70,67.70,77.72,64.03,70.41
67.38,67.38,70.24,64.30,68.49
66.54,66.54,65.37,67.21,70.16
71.43,71.43,57.83,71.20,73.38
73.77,73.77,57.32,67.34,67.31
73.32,73.32,48.89,70.57,70.80
69.66,69.66,46.64,72.45,69.91
68.14,68.14,42.88,68.83,66.13
68.09,68.09,49.42,74.28,72.81
67.47,67.47,49.18,70.69,68.73
65.63,65.63,45.93,70.30,70.34
64.23,64.23,44.01,72.80,71.89
66.38,66.38,47.28,71.98,67.28
66.82,66.82,50.72,69.57,69.39
75.02,75.02,53.12,73.09,67.78
75.52,75.52,51.94,69.91,66.10
68.71,68.71,52.35,71.49,68.43
70.01,70.01,52.40,71.83,66.12
69.75,69.75,52.09,70.28,67.38
70.55,70.55,52.78,70.42,70.83
70.42,70.42,51.41,72.71,67.17
72.31,72.31,48.64,69.22,69.81
74.09,74.09,47.16,73.24,69.99
74.88,74.88,49.17,68.58,65.64
71.20,71.20,56.20,71.34,70.66
67.95,67.95,68.20,66.54,66.62
68.17,68.17,73.04,70.09,67.34
67.39,67.39,67.66,66.85,68.17
66.98,66.98,61.36,62.99,65.56
67.39,67.39,59.48,68.63,64.86
69.64,69.64,57.80,63.89,68.86
68.96,68.96,60.27,66.67,68.43
67.98,67.98,62.31,70.21,71.31
61.62,61.62,59.20,68.71,70.07
60.85,60.85,55.65,69.68,71.63
58.24,58.24,53.84,70.83,70.99
56.31,56.31,59.35,65.09,71.80
62.74,62.74,55.64,69.28,71.91
70.20,70.20,57.66,69.85,71.12
70.90,70.90,57.93,62.94,70.26
76.81,76.81,54.52,69.89,71.42
72.03,72.03,55.61,69.44,71.97
74.03,74.03,54.35,62.99,69.30
72.67,72.67,53.75,69.54,70.99
70.24,70.24,52.17,66.27,67.68
71.71,71.71,46.45,67.65,69.24
69.00,69.00,51.83,68.71,68.76
68.30,68.30,51.28,66.68,66.71
70.24,70.24,47.48,63.42,69.48
70.51,70.51,47.65,68.72,65.42
69.76,69.76,50.24,63.27,67.96
70.15,70.15,59.49,65.16,70.32
70.58,70.58,73.50,61.89,70.25
69.57,69.57,76.91,59.95,66.78
71.24,71.24,65.44,65.72,68.81
70.71,70.71,61.56,63.80,65.96
71.40,71.40,55.45,67.04,66.99
72.88,72.88,56.17,64.49,66.41
73.45,73.45,55.11,70.27,65.06
75.02,75.02,54.69,65.07,64.37
76.13,76.13,53.63,62.88,66.77
77.03,77.03,53.29,69.78,64.07
77.86,77.86,47.75,63.82,62.79
79.03,79.03,46.88,61.70,62.36
70.54,70.54,51.33,64.14,64.92
66.53,66.53,62.95,62.36,66.32
70.96,70.96,79.90,70.73,66.00
71.96,71.96,73.96,65.65,63.38
72.48,72.48,67.16,67.58,67.07
70.21,70.21,58.56,68.46,61.41
69.38,69.38,56.52,68.24,68.81
69.60,69.60,58.83,71.10,67.12
68.06,68.06,55.37,72.43,65.37
68.81,68.81,50.90,70.20,69.63
70.77,70.77,51.25,72.17,68.73
69.98,69.98,50.19,72.85,68.25
69.34,69.34,51.02,71.55,71.45
68.62,68.62,58.56,72.10,68.18
69.18,69.18,69.18,71.92,67.35
70.72,70.72,71.88,72.17,68.06
71.38,71.38,67.33,69.57,70.30
68.70,68.70,64.85,72.34,64.48
69.99,69.99,64.06,72.80,67.15
71.29,71.29,63.01,72.12,68.16
74.98,74.98,58.70,73.29,66.60
74.90,74.90,59.30,73.14,67.40
75.43,75.43,56.43,74.06,67.48
74.52,74.52,56.00,72.51,66.39
73.42,73.42,53.67,72.42,63.28
72.66,72.66,51.52,66.14,65.02
68.51,68.51,56.13,54.06,64.92
69.88,69.88,61.53,62.69,67.19
70.34,70.34,67.59,65.03,69.62
68.43,68.43,76.96,65.35,66.24
69.86,69.86,69.66,61.60,64.71
70.46,70.46,64.69,62.75,62.23
71.08,71.08,61.48,65.85,64.79
70.52,70.52,56.88,67.81,66.59
70.57,70.57,58.57,68.78,64.69
71.08,71.08,54.31,69.42,65.75
67.97,67.97,50.61,68.51,66.24
67.03,67.03,50.11,68.27,66.30
68.34,68.34,50.56,69.88,66.75
67.20,67.20,46.46,68.42,66.97
68.11,68.11,48.31,68.33,68.89
68.78,68.78,55.12,69.53,68.82
68.66,68.66,58.37,70.35,68.59
66.47,66.47,56.21,69.66,72.08
67.23,67.23,52.46,69.13,69.95
65.31,65.31,48.05,68.96,71.70
66.38,66.38,44.46,68.48,72.56
67.28,67.28,44.38,67.30,71.87
67.40,67.40,43.76,67.92,73.26
65.88,65.88,43.79,67.70,72.07
67.92,67.92,44.11,67.54,73.82
66.95,66.95,42.17,68.06,71.90
66.61,66.61,49.69,66.68,68.90
66.74,66.74,57.86,66.54,68.48
71.60,71.60,66.15,68.19,63.70
73.04,73.04,79.82,69.17,66.06
74.49,74.49,68.25,62.82,64.58
69.78,69.78,64.86,66.28,66.09
68.28,68.28,59.66,68.08,68.14
69.49,69.49,56.61,68.11,67.44
70.07,70.07,56.11,66.30,68.27
70.73,70.73,52.88,67.02,67.94
73.58,73.58,49.79,69.35,67.21
73.32,73.32,49.49,69.94,67.96
71.98,71.98,47.64,69.42,67.43
69.56,69.56,47.61,69.34,67.47
66.00,66.00,51.33,69.00,67.69
71.76,71.76,63.48,69.00,68.67
70.23,70.23,71.48,69.08,67.53
72.83,72.83,71.03,69.61,69.69
70.66,70.66,67.40,69.34,67.67
67.91,67.91,62.19,68.83,66.17
65.48,65.48,60.75,68.56,65.71
63.73,63.73,59.46,68.61,70.04
61.61,61.61,61.65,67.88,70.37
61.82,61.82,60.07,68.59,69.65
65.27,65.27,54.64,70.39,69.56
67.52,67.52,54.16,68.77,68.23
68.89,68.89,52.48,71.26,68.05
70.95,70.95,51.06,68.96,66.60
69.71,69.71,55.62,69.81,67.81
70.82,70.82,53.73,72.27,68.42
72.81,72.81,53.90,66.82,66.91
72.89,72.89,53.75,64.90,65.48
71.39,71.39,49.65,65.69,67.36
72.10,72.10,47.27,63.90,65.70
71.75,71.75,47.38,63.31,66.39
69.58,69.58,49.48,64.14,68.15
69.16,69.16,52.11,65.50,67.95
70.42,70.42,51.11,65.66,67.98
70.53,70.53,47.96,67.03,70.39
73.71,73.71,48.66,64.28,69.69
73.39,73.39,53.48,66.37,67.36
74.58,74.58,62.72,64.89,69.11
73.21,73.21,77.50,65.93,70.26
70.19,70.19,70.92,62.21,67.39
68.29,68.29,68.90,65.22,66.00
65.21,65.21,60.18,65.73,64.80
59.28,59.28,60.10,61.23,64.60
60.61,60.61,58.49,65.68,65.01
67.82,67.82,54.11,65.01,64.39
69.29,69.29,52.61,65.60,66.13
71.79,71.79,50.13,65.76,65.73
70.90,70.90,47.37,63.82,64.06
71.49,71.49,47.00,65.84,64.18
73.25,73.25,49.44,66.48,67.63
70.09,70.09,57.18,64.87,65.42
69.45,69.45,65.54,65.25,69.38
66.15,66.15,80.70,67.58,71.45
63.81,63.81,70.73,64.98,65.56
57.83,57.83,68.05,65.44,65.09
62.11,62.11,58.87,67.76,64.47
56.93,56.93,54.76,69.75,63.91
60.48,60.48,52.08,71.06,65.10
59.44,59.44,48.76,71.03,65.24
60.77,60.77,47.87,69.40,66.46
64.87,64.87,47.29,68.96,68.45
56.82,56.82,46.05,68.76,67.18
57.19,57.19,50.99,68.78,65.47
51.74,51.74,62.64,68.29,66.11
50.62,50.62,72.70,70.04,67.23
54.30,54.30,72.46,71.13,68.34
56.87,56.87,68.50,67.68,68.57
53.61,53.61,63.45,65.90,66.22
54.52,54.52,61.91,57.29,68.88
50.91,50.91,61.63,59.54,68.08
49.34,49.34,63.33,62.86,68.55
50.90,50.90,61.52,66.60,69.32
48.83,48.83,57.71,66.04,70.81
46.31,46.31,56.29,64.59,70.28
50.06,50.06,58.39,67.88,68.91
45.33,45.33,58.12,66.38,69.15
45.40,45.40,61.78,63.70,67.41
51.58,51.58,73.76,58.31,67.77
49.32,49.32,80.44,64.62,65.62
47.77,47.77,69.90,62.76,69.67
44.97,44.97,63.86,64.22,67.24
45.12,45.12,62.71,63.60,67.17
45.87,45.87,61.48,65.61,68.63
48.04,48.04,59.99,63.56,68.78
49.74,49.74,58.84,66.93,70.12
44.88,44.88,57.08,68.69,71.44
48.85,48.85,55.64,67.22,70.58
48.60,48.60,53.64,66.48,67.33
45.83,45.83,51.90,64.33,65.33
51.65,51.65,57.68,66.49,67.01
57.89,57.89,68.90,64.14,64.43
66.85,66.85,76.91,66.96,70.36
72.67,72.67,70.37,66.09,72.12
73.80,73.80,64.80,59.57,66.10
73.82,73.82,58.04,68.41,62.66
72.31,72.31,61.26,71.24,63.52
74.96,74.96,56.97,69.42,65.05
73.74,73.74,55.01,69.26,67.79
72.86,72.86,52.69,69.16,59.86
71.88,71.88,45.75,67.94,62.89
70.60,70.60,45.10,69.34,69.58
74.93,74.93,46.03,69.65,66.15
73.60,73.60,46.20,68.06,65.45
70.43,70.43,48.27,68.03,68.96
71.05,71.05,53.65,69.26,68.63
76.13,76.13,50.70,69.72,65.88
75.92,75.92,48.61,68.91,64.19
74.18,74.18,43.32,68.70,66.83
68.45,68.45,39.59,69.20,66.98
68.81,68.81,38.51,68.17,65.61
68.62,68.62,38.13,68.03,65.62
66.51,66.51,37.17,67.80,67.00
64.28,64.28,35.45,68.85,65.50
65.21,65.21,37.36,67.69,65.64
67.72,67.72,40.11,65.90,61.18
64.47,64.47,49.73,66.02,62.66
63.56,63.56,57.49,66.76,65.51
69.24,69.24,71.42,71.34,68.77
71.52,71.52,73.26,67.69,66.70
69.35,69.35,73.31,69.27,67.37
70.87,70.87,65.96,66.85,66.88
69.74,69.74,62.77,68.84,61.67
68.14,68.14,64.11,69.36,63.81
67.06,67.06,60.40,70.65,65.31
72.64,72.64,56.95,67.40,65.62
67.77,67.77,56.54,71.08,61.20
71.31,71.31,58.45,71.25,62.79
72.89,72.89,54.45,71.20,64.26
68.85,68.85,50.94,70.50,63.61
69.39,69.39,57.43,69.44,62.43
71.49,71.49,63.41,70.94,64.13
71.97,71.97,61.06,69.91,62.87
70.10,70.10,55.02,71.51,63.55
68.86,68.86,56.70,71.72,63.37
67.64,67.64,55.22,68.93,62.05
67.67,67.67,56.86,69.47,63.04
69.85,69.85,49.75,70.14,62.50
65.46,65.46,49.63,69.07,62.96
62.83,62.83,52.35,69.38,63.12
59.14,59.14,48.31,67.81,64.03
60.26,60.26,47.46,69.36,64.76
60.09,60.09,46.52,70.64,63.37
66.38,66.38,53.05,71.36,64.77
71.38,71.38,66.40,68.65,64.49
73.82,73.82,77.40,67.21,66.55
73.87,73.87,68.23,64.28,64.09
70.48,70.48,59.33,63.35,63.54
76.24,76.24,59.40,67.27,65.72
74.98,74.98,59.14,68.81,64.12
71.42,71.42,59.25,69.39,61.96
70.94,70.94,56.92,70.90,63.92
70.24,70.24,54.16,71.65,66.12
67.90,67.90,53.84,70.86,66.23
66.40,66.40,51.69,71.96,64.21
63.40,63.40,46.69,72.90,66.23
63.75,63.75,48.22,73.13,66.07
68.55,68.55,62.02,71.23,62.22
69.13,69.13,71.60,67.17,65.04
72.29,72.29,77.87,66.59,62.06
68.34,68.34,66.20,64.03,66.37
72.62,72.62,67.27,66.11,64.53
71.42,71.42,52.90,66.50,66.66
68.80,68.80,49.99,66.42,64.86
68.68,68.68,49.04,64.56,65.20
70.37,70.37,50.63,65.49,65.25
73.15,73.15,49.30,66.02,67.28
67.85,67.85,50.41,66.21,63.05
66.07,66.07,52.55,64.22,66.96
68.90,68.90,55.33,66.77,62.76
70.84,70.84,65.11,67.72,67.32
70.07,70.07,73.21,69.72,64.75
70.71,70.71,71.40,67.29,68.35
70.55,70.55,67.48,69.62,68.89
69.70,69.70,62.17,71.15,68.11
71.60,71.60,59.82,68.31,69.36
64.31,64.31,58.10,69.62,65.62
62.59,62.59,56.66,68.81,68.24
63.89,63.89,55.31,70.57,67.82
61.65,61.65,52.95,71.32,65.03
65.53,65.53,51.29,66.67,65.69
67.52,67.52,51.85,67.26,65.33
69.83,69.83,57.08,69.94,62.80
68.06,68.06,60.93,68.31,63.96
68.74,68.74,70.67,68.14,67.73
67.86,67.86,78.72,68.32,60.84
72.86,72.86,67.82,65.15,63.56
72.04,72.04,64.66,71.31,65.91
71.33,71.33,62.94,67.46,65.42
72.38,72.38,54.47,70.45,65.44
72.55,72.55,54.30,70.13,62.39
71.46,71.46,51.64,70.71,62.42
71.22,71.22,52.23,71.18,67.01
72.08,72.08,50.74,69.63,64.76
71.85,71.85,48.94,70.46,67.96
71.56,71.56,47.20,71.09,65.36
71.17,71.17,48.96,69.48,64.29
72.37,72.37,54.63,71.53,63.24
72.39,72.39,56.07,72.76,64.79
70.61,70.61,53.41,71.38,67.26
72.26,72.26,53.16,71.89,65.13
73.55,73.55,49.07,70.73,67.74
73.68,73.68,48.37,71.68,66.56
68.55,68.55,47.27,71.37,68.12
68.62,68.62,45.19,71.61,67.32
65.87,65.87,42.27,71.74,66.54
69.38,69.38,41.25,71.82,68.68
68.61,68.61,40.85,69.66,65.54
70.11,70.11,49.17,70.60,69.71
75.59,75.59,55.89,66.47,64.71
73.65,73.65,64.26,68.06,67.09
70.99,70.99,76.99,67.22,67.09
69.04,69.04,73.85,62.26,65.48
72.92,72.92,68.72,60.15,65.03
71.14,71.14,57.94,65.29,61.09
73.31,73.31,56.54,67.30,62.49
73.03,73.03,54.78,69.43,64.82
73.49,73.49,46.70,67.77,65.08
71.77,71.77,46.02,64.76,63.25
71.67,71.67,46.56,66.91,62.94
72.37,72.37,43.84,68.57,61.67
71.67,71.67,51.98,70.20,65.15
69.02,69.02,57.34,69.67,63.86
70.71,70.71,71.26,66.39,66.93
73.99,73.99,74.17,69.85,67.19
68.55,68.55,69.86,69.45,71.13
61.56,61.56,62.50,69.17,66.64
56.55,56.55,62.26,68.25,65.73
54.13,54.13,58.87,69.03,66.81
58.43,58.43,60.72,69.74,66.42
63.74,63.74,62.41,71.67,67.06
69.73,69.73,54.84,69.26,64.82
69.64,69.64,51.77,69.91,63.95
70.85,70.85,52.52,68.08,65.27
70.54,70.54,55.46,68.07,65.73
69.26,69.26,48.20,66.01,65.66
67.75,67.75,49.70,67.13,67.08
69.56,69.56,53.18,67.59,61.19
72.14,72.14,56.20,70.16,62.05
72.10,72.10,57.31,69.62,63.32
73.24,73.24,55.79,70.24,63.59
73.87,73.87,51.67,69.16,65.74
71.90,71.90,51.07,69.42,64.38
70.83,70.83,50.40,69.41,64.58
68.21,68.21,50.55,70.06,62.43
67.55,67.55,49.42,69.08,61.78
70.15,70.15,49.93,68.39,63.28
69.72,69.72,49.53,69.62,63.69
71.06,71.06,48.95,69.88,63.69
72.71,72.71,48.96,71.78,63.37
73.55,73.55,51.67,71.46,62.53
71.58,71.58,61.75,69.96,63.59
70.05,70.05,76.31,70.83,67.50
69.11,69.11,71.02,68.46,64.24
71.03,71.03,70.96,68.78,65.03
72.80,72.80,61.07,69.46,64.70
71.24,71.24,57.94,70.14,65.38
70.10,70.10,57.97,70.52,66.44
70.73,70.73,58.02,71.66,66.48
68.66,68.66,55.66,70.75,68.27
68.89,68.89,51.18,71.86,67.30
69.38,69.38,50.81,69.40,65.67
69.67,69.67,45.77,71.16,65.01
72.98,72.98,49.91,68.51,64.53
74.33,74.33,59.44,65.46,64.04
71.33,71.33,69.23,61.93,64.45
66.89,66.89,80.87,68.00,63.64
64.58,64.58,71.10,65.72,64.38
69.05,69.05,62.03,68.07,65.86
70.98,70.98,59.12,68.38,63.07
68.77,68.77,55.67,68.52,64.71
67.88,67.88,52.31,68.40,62.15
68.70,68.70,49.17,69.12,61.64
72.74,72.74,46.37,69.25,64.78
66.49,66.49,40.30,69.14,61.81
64.25,64.25,38.98,69.88,63.58
62.19,62.19,46.49,65.69,59.30
62.35,62.35,57.42,65.21,63.53
66.51,66.51,72.29,66.87,69.22
64.23,64.23,73.25,72.64,67.99
64.73,64.73,70.75,74.05,69.21
66.41,66.41,62.14,68.88,69.37
64.47,64.47,58.78,67.84,68.35
64.72,64.72,60.18,67.95,68.86
61.97,61.97,61.47,69.80,67.75
56.49,56.49,61.13,71.19,69.91
52.57,52.57,58.13,70.33,67.06
50.59,50.59,55.45,69.93,66.68
49.34,49.34,56.18,67.60,66.24
51.24,51.24,57.80,66.67,66.47
53.92,53.92,58.88,56.93,64.50
60.81,60.81,70.50,58.78,69.29
63.15,63.15,79.51,65.98,66.54
69.77,69.77,68.68,69.16,67.22
71.39,71.39,63.36,69.91,65.87
68.95,68.95,59.93,69.61,66.79
72.41,72.41,61.67,67.26,65.96
69.74,69.74,57.59,68.02,65.95
69.75,69.75,58.12,67.99,65.71
68.85,68.85,56.50,70.46,66.16
71.26,71.26,51.57,68.84,66.26
70.78,70.78,50.91,69.21,65.57
69.42,69.42,51.76,60.78,62.11
71.56,71.56,56.98,63.35,64.11
74.12,74.12,61.92,61.06,67.55
73.28,73.28,74.77,56.87,68.11
72.31,72.31,73.60,63.60,68.53
74.11,74.11,72.99,67.18,69.11
76.41,76.41,57.59,70.03,65.92
74.53,74.53,57.11,66.89,67.48
70.41,70.41,51.30,70.11,66.01
71.68,71.68,49.89,68.01,66.24
74.08,74.08,50.07,68.39,68.23
73.24,73.24,45.98,71.41,65.13
71.75,71.75,45.41,69.18,68.22
63.20,63.20,44.79,70.05,68.02
64.29,64.29,46.52,70.62,65.64
67.02,67.02,50.10,70.40,67.17
66.46,66.46,55.72,69.23,66.53
69.56,69.56,56.27,71.31,66.53
73.83,73.83,54.87,69.54,71.29
71.59,71.59,52.15,70.63,67.35
71.19,71.19,50.31,69.97,65.31
70.33,70.33,48.04,70.93,67.29
71.02,71.02,45.15,70.73,64.93
69.56,69.56,42.41,70.27,64.53
70.90,70.90,41.27,70.76,63.74
71.11,71.11,39.63,70.83,64.27
68.59,68.59,40.87,69.44,61.59
65.39,65.39,45.84,72.18,62.32
67.01,67.01,57.19,71.69,63.07
66.33,66.33,65.68,72.29,69.19
69.92,69.92,70.88,74.45,65.26
69.63,69.63,70.75,72.76,67.47
70.90,70.90,67.04,70.01,69.54
68.06,68.06,62.59,70.58,68.53
65.69,65.69,60.81,73.77,68.55
63.67,63.67,63.20,70.64,70.49
57.61,57.61,65.84,73.45,67.38
56.90,56.90,62.88,72.21,68.91
57.01,57.01,57.59,72.99,65.93
54.81,54.81,57.80,72.99,70.18
55.27,55.27,55.58,72.85,67.75
54.27,54.27,55.54,72.76,70.48
52.46,52.46,53.20,75.13,69.05
51.78,51.78,54.87,70.83,69.36
47.47,47.47,54.21,74.94,68.68
45.19,45.19,53.36,73.35,67.30
44.66,44.66,52.74,73.57,67.28
44.84,44.84,50.13,74.17,69.11
46.09,46.09,49.01,75.29,67.45
46.18,46.18,49.54,73.00,65.68
45.60,45.60,45.61,75.73,66.69
48.82,48.82,47.88,73.51,64.46
54.32,54.32,47.22,74.69,64.14
59.32,59.32,48.76,73.78,60.93
70.04,70.04,56.25,74.02,59.97
72.05,72.05,68.07,71.23,64.49
73.81,73.81,76.24,70.03,64.69
71.14,71.14,72.38,69.62,63.47
70.76,70.76,64.79,67.46,65.90
69.83,69.83,57.29,66.03,64.69
67.46,67.46,58.33,72.24,67.54
67.96,67.96,55.51,67.02,65.98
70.04,70.04,59.46,68.40,67.59
70.75,70.75,52.59,70.91,66.11
71.04,71.04,50.73,66.80,69.19
72.14,72.14,49.32,68.98,68.56
69.88,69.88,47.85,71.58,66.99
70.96,70.96,50.62,68.55,67.66
68.09,68.09,63.85,69.24,66.32
69.24,69.24,68.06,64.68,67.56
70.55,70.55,79.81,63.98,70.29
68.97,68.97,70.47,68.02,69.15
69.41,69.41,69.39,67.51,69.03
69.06,69.06,54.86,72.27,67.46
70.08,70.08,56.63,70.53,67.33
70.79,70.79,54.27,70.14,67.58
71.60,71.60,51.19,71.17,66.67
71.59,71.59,48.81,70.21,67.55
71.15,71.15,46.93,70.93,67.52
71.33,71.33,47.64,70.40,66.18
69.57,69.57,52.71,69.32,66.22
68.39,68.39,60.32,70.37,67.68
67.30,67.30,72.00,73.96,70.43
63.57,63.57,71.82,71.17,68.03
63.91,63.91,72.35,73.37,69.86
67.15,67.15,64.76,72.04,68.43
70.46,70.46,61.13,74.44,65.93
73.67,73.67,60.56,70.82,65.87
72.18,72.18,65.02,73.63,66.45
73.48,73.48,66.40,72.50,67.08
73.14,73.14,59.60,74.70,67.45
73.84,73.84,53.89,73.68,68.61
74.84,74.84,56.49,67.31,67.23
74.18,74.18,53.62,58.42,65.77
74.40,74.40,60.08,64.51,64.97
75.85,75.85,68.29,64.88,67.15
73.20,73.20,78.15,61.83,63.59
76.84,76.84,64.77,60.12,64.11
76.15,76.15,61.60,62.80,63.78
75.81,75.81,61.51,58.43,62.17
75.30,75.30,55.60,61.84,59.98
72.33,72.33,52.99,60.69,61.23
73.46,73.46,53.82,64.96,61.46
74.55,74.55,44.64,65.50,60.70
71.28,71.28,44.81,65.73,62.18
69.74,69.74,45.04,65.27,62.49
71.55,71.55,45.25,63.53,61.46
73.95,73.95,48.01,65.47,61.28
71.43,71.43,55.60,64.51,62.36
72.06,72.06,58.72,66.62,64.04
72.22,72.22,58.03,65.01,63.39
72.89,72.89,55.96,65.64,63.02
74.90,74.90,53.53,65.00,62.05
71.47,71.47,52.47,65.55,65.70
69.81,69.81,50.23,64.55,64.01
68.64,68.64,48.96,65.05,63.53
69.58,69.58,44.28,65.08,63.42
67.82,67.82,41.82,65.92,65.73
67.11,67.11,42.97,65.43,65.21
66.33,66.33,47.69,63.52,65.59
61.07,61.07,53.68,63.44,62.31
63.83,63.83,68.56,63.59,69.78
62.82,62.82,80.94,62.92,71.21
59.77,59.77,73.31,64.61,71.78
56.98,56.98,68.20,63.65,69.39
58.41,58.41,61.82,62.74,69.09
55.60,55.60,60.27,66.57,69.13
55.36,55.36,55.85,66.98,68.48
58.40,58.40,53.00,71.54,67.39
56.86,56.86,52.49,70.04,68.53
56.99,56.99,48.88,65.88,66.80
53.27,53.27,45.35,62.07,67.33
52.70,52.70,45.77,60.91,67.48
54.15,54.15,49.16,64.49,66.52
51.91,51.91,57.87,64.33,69.54
54.52,54.52,71.59,67.08,72.16
52.13,52.13,70.91,64.93,71.87
48.61,48.61,65.98,67.28,71.89
53.75,53.75,63.02,63.81,72.29
54.79,54.79,62.43,62.91,71.25
47.88,47.88,60.26,65.23,72.10
46.73,46.73,60.12,65.70,71.71
42.83,42.83,61.06,66.67,71.56
43.59,43.59,58.75,66.13,70.97
43.40,43.40,56.07,64.10,68.92
47.02,47.02,58.23,61.11,69.95
44.68,44.68,60.82,67.35,71.08
41.77,41.77,58.83,67.84,70.61
37.71,37.71,56.94,73.17,71.54
35.33,35.33,57.20,64.57,73.35
36.72,36.72,56.86,65.03,73.62
33.63,33.63,56.40,69.03,72.47
34.20,34.20,55.01,69.59,72.06
37.39,37.39,50.90,68.00,72.22
39.43,39.43,50.65,67.86,72.35
38.06,38.06,51.98,67.77,72.21
38.60,38.60,51.06,68.32,72.20
39.91,39.91,50.71,68.07,73.29
36.09,36.09,46.52,66.60,72.62
33.54,33.54,49.24,69.42,71.07
33.96,33.96,60.53,67.68,72.25
36.21,36.21,72.04,62.48,72.27
34.01,34.01,77.29,61.39,72.04
32.37,32.37,70.81,63.82,70.53
33.81,33.81,66.60,67.33,72.15
35.08,35.08,63.42,65.38,71.53
30.73,30.73,58.33,68.77,72.91
31.99,31.99,59.99,70.04,70.92
32.39,32.39,55.84,69.63,72.13
33.32,33.32,53.51,68.64,71.26
36.30,36.30,50.48,68.04,70.22
37.72,37.72,48.76,67.33,70.66
33.98,33.98,47.58,68.40,69.09
32.68,32.68,57.76,66.32,70.26
31.29,31.29,63.97,65.95,69.87
29.00,29.00,76.33,62.85,73.48
24.00,24.00,77.10,64.77,70.25
25.21,25.21,67.47,61.99,70.43
27.76,27.76,65.74,62.74,69.96
27.76,27.76,56.32,66.81,70.03
30.25,30.25,51.97,69.24,69.09
32.87,32.87,50.51,69.28,69.03
33.53,33.53,43.03,68.79,69.08
34.03,34.03,41.52,68.86,67.95
35.54,35.54,42.68,67.65,68.67
34.66,34.66,50.65,68.40,69.28
30.39,30.39,59.44,66.89,70.51
28.23,28.23,72.26,66.69,71.89
28.45,28.45,76.95,66.40,72.07
23.81,23.81,73.40,70.66,71.49
27.19,27.19,69.49,67.00,72.96
27.35,27.35,66.64,59.57,71.08
29.77,29.77,65.72,62.00,71.95
25.79,25.79,65.15,63.21,71.84
31.65,31.65,66.30,64.53,70.35
30.88,30.88,65.70,66.91,71.93
29.47,29.47,61.49,66.68,69.24
30.15,30.15,61.29,64.29,69.88
28.29,28.29,62.39,65.42,69.22
25.74,25.74,60.27,63.08,71.15
25.36,25.36,63.97,59.69,68.92
24.52,24.52,74.42,64.14,72.22
25.11,25.11,77.94,62.26,71.97
29.33,29.33,68.40,63.74,72.36
26.57,26.57,63.97,62.53,71.53
26.51,26.51,63.16,65.57,70.79
27.76,27.76,61.32,67.64,70.00
29.84,29.84,60.27,66.85,71.20
33.71,33.71,60.60,67.78,71.85
36.21,36.21,58.75,66.90,70.69
41.26,41.26,59.09,66.87,69.12
46.18,46.18,58.44,61.09,67.34
50.57,50.57,59.31,57.60,69.51
58.56,58.56,64.96,55.08,69.92
66.87,66.87,77.63,61.33,71.94
67.08,67.08,70.27,61.73,70.03
72.73,72.73,67.83,66.59,70.63
74.04,74.04,64.05,66.89,69.52
72.81,72.81,62.63,69.91,69.34
71.36,71.36,63.19,69.56,68.45
71.81,71.81,64.19,69.64,70.64
71.71,71.71,63.45,71.84,69.09
69.23,69.23,63.50,69.99,72.67
70.12,70.12,63.51,71.90,71.54
71.59,71.59,62.38,70.40,71.76
71.24,71.24,62.91,70.10,71.43
72.53,72.53,63.77,71.93,70.86
73.53,73.53,61.88,71.30,70.48
73.08,73.08,63.93,68.67,71.64
73.48,73.48,62.71,73.32,69.71
72.98,72.98,61.83,68.44,70.21
72.82,72.82,61.92,71.78,69.66
72.62,72.62,60.88,70.80,69.70
71.59,71.59,61.11,70.49,72.34
69.03,69.03,59.75,72.44,69.78
66.64,66.64,60.06,72.31,71.43
68.96,68.96,59.99,70.76,71.05
71.41,71.41,58.52,74.00,70.08
72.55,72.55,58.96,71.78,71.95
66.57,66.57,61.37,72.83,68.03
70.29,70.29,65.76,72.71,72.70
76.89,76.89,71.32,69.07,74.22
71.98,71.98,68.10,68.36,72.10
69.16,69.16,63.01,68.19,69.21
71.40,71.40,62.51,66.09,67.91
68.55,68.55,63.81,66.79,71.01
70.70,70.70,62.43,69.11,69.25
73.29,73.29,59.08,63.94,70.12
73.84,73.84,58.51,65.88,70.02
74.09,74.09,58.62,66.98,68.26
75.81,75.81,58.75,63.27,67.52
73.85,73.85,60.13,66.78,68.50
73.36,73.36,57.74,64.58,64.66
73.83,73.83,56.50,66.22,67.63
74.37,74.37,57.62,68.42,67.56
71.28,71.28,55.13,63.82,67.35
66.36,66.36,54.16,63.30,69.00
69.79,69.79,54.49,68.07,67.84
72.66,72.66,52.95,63.65,69.00
75.13,75.13,52.91,66.74,69.18
72.94,72.94,53.98,66.51,66.71
69.03,69.03,53.77,65.79,72.36
68.68,68.68,52.86,69.45,68.99
68.30,68.30,50.61,66.92,69.91
68.68,68.68,51.79,65.95,70.79
72.65,72.65,59.83,68.39,66.71
72.63,72.63,62.62,64.09,69.39
70.05,70.05,77.01,65.43,69.77
68.95,68.95,70.76,61.23,67.87
69.22,69.22,72.70,62.16,66.23
70.51,70.51,61.17,68.04,67.63
69.40,69.40,61.12,64.44,67.63
67.47,67.47,60.15,69.28,68.41
64.66,64.66,59.40,70.11,68.65
63.18,63.18,58.88,67.42,70.73
63.06,63.06,55.48,70.53,67.96
54.45,54.45,51.88,69.13,68.71
53.91,53.91,49.19,66.71,69.67
54.53,54.53,47.86,71.50,68.67
63.44,63.44,60.88,66.42,68.66
68.04,68.04,63.27,67.57,70.56
70.60,70.60,78.87,71.42,69.78
70.52,70.52,70.42,68.40,69.01
70.09,70.09,66.17,70.00,68.40
67.77,67.77,56.02,68.05,65.65
66.52,66.52,54.12,67.90,68.84
67.74,67.74,50.63,72.49,68.56
68.22,68.22,50.53,71.82,69.38
68.45,68.45,49.48,73.08,67.83
69.42,69.42,48.97,72.86,67.80
70.94,70.94,49.97,72.23,67.83
67.34,67.34,50.03,72.88,64.70
67.24,67.24,53.68,72.98,65.92
68.88,68.88,67.37,67.99,68.72
70.60,70.60,72.45,64.09,70.98
72.53,72.53,71.11,69.52,69.49
64.71,64.71,69.68,71.92,69.70
65.50,65.50,65.72,69.98,69.68
59.30,59.30,62.97,71.07,68.79
54.17,54.17,63.16,72.06,70.40
52.76,52.76,68.07,69.17,71.38
52.24,52.24,65.43,71.50,69.04
50.47,50.47,59.62,75.63,71.57
50.33,50.33,53.63,71.00,67.38
52.62,52.62,54.79,61.48,66.24
56.42,56.42,57.66,58.60,68.26
59.46,59.46,63.13,58.34,70.28
67.74,67.74,68.72,58.22,69.77
74.25,74.25,74.84,61.36,67.44
72.75,72.75,71.94,63.08,66.08
70.32,70.32,63.16,68.99,66.13
70.69,70.69,58.81,70.51,66.31
70.72,70.72,61.56,71.93,66.93
70.25,70.25,54.93,69.01,66.41
68.59,68.59,50.01,70.59,66.66
69.41,69.41,47.16,70.13,67.23
67.37,67.37,44.57,71.10,67.83
70.12,70.12,44.89,69.74,64.69
70.96,70.96,45.29,70.95,67.44
70.61,70.61,50.37,71.54,68.58
71.94,71.94,55.89,70.62,66.55
70.93,70.93,54.75,70.95,67.61
71.16,71.16,54.36,70.34,67.13
71.14,71.14,53.10,68.94,68.38
71.72,71.72,50.86,69.99,67.28
67.60,67.60,47.42,70.40,66.83
64.57,64.57,45.05,69.00,67.79
68.57,68.57,42.41,69.92,67.60
66.61,66.61,40.16,67.95,66.53
66.50,66.50,36.81,66.47,65.42
72.50,72.50,37.87,64.16,65.51
65.76,65.76,48.51,60.13,66.01
66.41,66.41,56.95,65.76,67.88
65.54,65.54,74.27,68.88,72.49
64.81,64.81,77.84,70.21,70.49
63.54,63.54,70.18,69.17,69.84
62.35,62.35,59.68,63.86,69.67
60.81,60.81,62.80,64.38,68.32
55.38,55.38,57.21,66.19,68.04
55.69,55.69,53.40,69.83,67.70
53.57,53.57,48.39,69.23,67.71
53.74,53.74,43.26,66.02,67.86
54.43,54.43,42.01,67.65,68.64
56.84,56.84,44.32,71.03,66.85
60.41,60.41,52.30,66.87,66.54
66.38,66.38,63.81,70.96,67.47
71.00,71.00,70.27,72.99,67.52
71.49,71.49,72.52,67.78,66.59
70.34,70.34,67.70,71.64,70.49
71.22,71.22,61.47,70.99,67.54
70.79,70.79,59.47,71.96,66.61
70.67,70.67,58.07,70.13,64.33
69.84,69.84,56.59,70.05,64.91
70.82,70.82,61.00,69.86,66.35
69.99,69.99,58.15,71.29,67.89
68.04,68.04,54.60,70.18,66.58
69.80,69.80,60.79,68.66,64.97
69.70,69.70,59.70,68.27,65.48
70.81,70.81,55.84,67.42,64.86
68.44,68.44,61.37,63.85,67.90
67.18,67.18,60.24,74.81,68.11
68.36,68.36,55.26,71.25,67.98
69.50,69.50,52.23,70.16,67.94
66.67,66.67,51.26,69.69,67.76
63.03,63.03,48.51,72.16,65.96
65.86,65.86,45.49,71.44,65.51
66.35,66.35,44.78,71.73,67.30
69.27,69.27,46.04,69.50,68.17
66.60,66.60,45.51,71.53,67.04
62.57,62.57,41.54,70.06,68.26
65.07,65.07,44.17,71.84,66.66
61.41,61.41,60.31,70.24,67.63
55.81,55.81,67.18,64.34,67.38
59.27,59.27,76.65,64.36,65.40
59.69,59.69,68.77,63.89,66.94
59.42,59.42,66.46,68.10,68.10
58.30,58.30,62.45,69.12,67.37
54.15,54.15,60.57,70.12,67.08
52.55,52.55,58.05,69.54,67.32
47.78,47.78,58.64,68.54,69.23
49.09,49.09,56.01,68.81,69.32
48.68,48.68,52.49,68.21,67.48
49.45,49.45,50.88,68.03,66.79
50.53,50.53,44.38,70.38,66.08
50.79,50.79,48.31,65.52,67.29
46.52,46.52,57.68,65.79,67.05
45.00,45.00,68.50,67.50,69.49
43.34,43.34,79.98,69.82,68.38
42.08,42.08,72.02,66.72,66.71
42.97,42.97,67.01,67.63,68.72
41.90,41.90,60.53,66.12,67.65
41.11,41.11,49.84,66.21,66.15
42.36,42.36,49.94,66.87,67.73
43.61,43.61,49.82,69.13,68.06
41.53,41.53,45.54,66.25,67.33
42.31,42.31,44.50,65.80,66.77
39.69,39.69,45.27,67.02,66.65
39.98,39.98,50.01,63.95,64.87
39.38,39.38,57.42,66.06,66.05
42.59,42.59,73.98,59.87,68.68
41.44,41.44,72.36,66.19,71.60
39.12,39.12,70.63,71.84,68.11
38.99,38.99,62.78,71.66,71.26
36.18,36.18,61.31,71.06,70.77
36.76,36.76,62.47,68.93,69.02
35.27,35.27,63.00,66.61,68.42
36.26,36.26,62.74,70.01,68.00
36.46,36.46,57.95,71.34,68.81
37.95,37.95,56.35,71.62,68.06
36.08,36.08,59.15,72.86,69.65
35.82,35.82,54.67,68.48,67.31
34.22,34.22,55.91,67.05,66.05
37.54,37.54,65.67,70.28,69.54
32.99,32.99,78.71,71.78,70.51
30.32,30.32,71.18,71.34,67.73
31.96,31.96,66.57,71.57,68.82
30.90,30.90,62.63,69.88,67.92
29.05,29.05,65.15,68.69,67.84
38.91,38.91,61.45,67.48,66.31
44.57,44.57,57.43,69.80,65.36
52.75,52.75,57.78,70.62,66.62
64.39,64.39,53.55,71.68,66.55
71.27,71.27,48.22,69.93,66.56
72.16,72.16,46.74,63.47,65.00
70.60,70.60,48.37,51.98,66.08
69.64,69.64,52.24,52.01,65.26
69.76,69.76,72.06,63.99,68.70
71.75,71.75,76.11,67.00,68.21
70.12,70.12,69.07,63.87,66.98
71.37,71.37,66.54,66.89,65.26
69.03,69.03,59.70,69.56,64.98
68.90,68.90,55.81,69.79,64.72
68.56,68.56,50.19,69.08,66.49
70.23,70.23,56.62,71.00,66.88
69.62,69.62,52.61,70.05,67.19
68.80,68.80,50.84,72.40,66.18
67.12,67.12,50.97,72.11,65.68
66.96,66.96,48.27,72.14,66.50
69.06,69.06,47.94,70.54,64.15
66.22,66.22,53.78,72.88,66.44
65.38,65.38,55.10,69.53,67.58
64.29,64.29,52.57,73.70,66.39
64.22,64.22,49.74,71.50,67.69
62.74,62.74,47.61,71.42,65.43
68.83,68.83,56.02,71.86,67.33
69.54,69.54,60.16,71.92,67.07
65.53,65.53,54.29,71.04,66.45
63.53,63.53,48.45,73.66,66.48
63.21,63.21,47.29,71.66,67.35
62.49,62.49,47.91,74.29,67.29
62.60,62.60,49.16,71.54,66.78
63.54,63.54,56.92,74.44,65.13
65.85,65.85,65.67,73.37,68.47
73.53,73.53,70.54,73.40,68.43
71.60,71.60,70.75,68.80,69.73
71.73,71.73,67.12,63.81,69.51
71.35,71.35,62.40,67.32,70.16
70.24,70.24,60.68,70.71,68.62
70.95,70.95,58.27,66.84,68.74
72.84,72.84,65.06,71.52,67.12
72.41,72.41,65.40,67.29,66.88
74.00,74.00,59.51,70.61,66.87
72.37,72.37,54.97,71.22,68.28
69.91,69.91,53.85,68.58,67.75
74.17,74.17,56.31,69.96,67.53
72.34,72.34,60.49,72.20,68.76
72.08,72.08,55.92,68.83,68.95
74.44,74.44,50.28,72.56,68.63
76.05,76.05,51.03,69.89,66.16
76.23,76.23,50.78,70.61,69.00
71.10,71.10,51.32,71.03,67.40
74.99,74.99,47.43,70.57,67.22
69.62,69.62,52.48,70.35,65.41
65.77,65.77,49.90,72.23,68.41
62.83,62.83,48.46,71.38,67.95
65.19,65.19,48.81,72.77,66.84
65.38,65.38,48.10,71.09,65.86
68.12,68.12,54.45,68.56,66.04
69.08,69.08,68.60,68.03,66.00
68.63,68.63,77.98,69.28,66.25
68.98,68.98,69.99,63.68,66.17
68.64,68.64,68.88,65.02,64.74
70.68,70.68,55.76,67.66,66.22
68.64,68.64,57.20,71.28,64.40
68.02,68.02,58.32,68.97,66.58
69.10,69.10,57.20,68.75,66.66
71.65,71.65,52.49,70.61,68.69
65.90,65.90,47.21,71.36,68.62
66.02,66.02,49.15,69.27,68.52
65.30,65.30,45.67,72.22,68.94
64.67,64.67,45.26,66.91,69.98
64.33,64.33,58.23,69.21,68.36
64.30,64.30,70.69,65.46,71.24
66.28,66.28,79.34,67.22,70.81
72.16,72.16,73.35,65.63,67.39
71.87,71.87,70.38,68.86,67.86
67.04,67.04,51.56,69.11,63.62
65.57,65.57,57.99,71.09,66.78
70.63,70.63,54.66,71.43,64.14
71.44,71.44,48.87,72.66,66.99
71.77,71.77,45.50,72.19,66.01
72.40,72.40,44.63,71.64,65.95
74.53,74.53,45.50,72.17,66.25
75.45,75.45,50.73,72.38,65.35
72.13,72.13,55.29,72.91,65.21
64.67,64.67,71.65,71.36,71.10
61.87,61.87,72.38,72.04,70.30
64.40,64.40,69.02,61.96,69.89
64.02,64.02,62.60,65.71,73.32
60.63,60.63,65.31,64.00,68.59
60.87,60.87,69.82,63.90,70.24
56.05,56.05,68.17,63.59,70.87
54.28,54.28,63.17,67.29,68.12
51.41,51.41,58.97,65.02,70.82
52.41,52.41,54.74,65.35,70.76
50.52,50.52,52.14,63.23,65.55
50.08,50.08,52.06,66.91,67.98
56.02,56.02,59.35,63.14,67.54
64.88,64.88,62.53,59.44,69.45
68.97,68.97,77.11,64.41,69.88
72.00,72.00,73.69,65.15,65.45
73.19,73.19,71.56,59.66,64.08
74.11,74.11,62.57,65.53,65.18
68.68,68.68,59.07,69.58,68.12
70.96,70.96,58.68,62.52,68.51
70.73,70.73,53.93,62.39,70.18
70.46,70.46,50.77,68.36,71.84
72.79,72.79,48.46,70.90,72.34
70.82,70.82,46.34,70.01,70.74
69.73,69.73,46.70,69.35,71.59
73.54,73.54,47.63,68.30,70.90
74.50,74.50,50.94,68.37,73.66
72.20,72.20,55.90,70.27,73.82
69.30,69.30,55.38,70.93,71.80
67.31,67.31,54.62,70.59,73.64
61.18,61.18,52.56,69.66,73.70
59.39,59.39,50.35,71.28,73.80
55.35,55.35,48.73,70.75,74.07
53.74,53.74,47.66,71.17,74.03
55.45,55.45,45.41,70.63,73.69
55.38,55.38,43.12,71.31,74.64
56.26,56.26,40.54,72.24,74.25
57.70,57.70,41.73,70.54,72.24
60.28,60.28,51.23,70.81,71.83
65.97,65.97,61.20,68.66,72.06
69.93,69.93,68.06,68.24,69.83
72.06,72.06,78.20,69.14,66.02
74.18,74.18,68.72,68.71,64.85
68.17,68.17,65.36,67.81,64.10
72.35,72.35,60.59,67.43,62.61
71.97,71.97,58.50,68.17,61.64
71.76,71.76,56.21,68.01,62.78
71.81,71.81,53.65,68.31,63.77
69.90,69.90,50.46,65.71,63.34
72.19,72.19,45.81,66.06,65.21
73.73,73.73,49.00,66.46,64.46
71.01,71.01,51.18,66.29,61.68
71.50,71.50,53.10,65.49,63.61
72.58,72.58,70.31,67.09,67.87
71.42,71.42,71.57,65.47,65.78
70.33,70.33,68.28,66.65,64.54
69.04,69.04,61.93,63.88,64.52
69.09,69.09,60.41,63.06,65.07
68.87,68.87,60.45,65.45,68.61
66.31,66.31,62.58,60.69,66.70
66.42,66.42,62.10,62.87,66.19
65.73,65.73,57.97,66.70,67.36
66.06,66.06,51.78,68.06,67.19
65.51,65.51,54.94,63.33,67.33
68.38,68.38,55.67,69.32,66.04
68.91,68.91,53.78,67.54,66.70
69.83,69.83,57.96,66.36,66.38
71.34,71.34,59.14,68.79,67.74
74.01,74.01,54.72,64.84,67.95
70.18,70.18,50.30,63.36,69.85
69.18,69.18,49.47,63.03,68.56
68.60,68.60,45.94,61.85,68.43
69.98,69.98,43.76,64.29,68.37
71.80,71.80,44.46,63.19,70.50
69.98,69.98,46.52,63.06,68.07
72.75,72.75,48.15,65.17,68.97
72.47,72.47,47.26,65.06,69.59
69.71,69.71,48.48,66.60,67.87
72.18,72.18,59.27,64.85,68.73
73.05,73.05,71.06,65.33,71.12
72.50,72.50,76.94,64.12,70.38
71.47,71.47,67.97,66.81,71.62
74.08,74.08,57.66,65.93,69.94
73.12,73.12,62.05,67.62,70.58
73.12,73.12,57.52,68.10,69.13
70.01,70.01,60.33,68.80,70.09
71.26,71.26,57.54,68.57,68.73
68.44,68.44,52.82,67.67,67.76
70.65,70.65,49.69,67.29,66.46
65.63,65.63,43.97,67.96,67.70
65.84,65.84,44.62,64.37,65.57
71.17,71.17,53.50,62.84,65.77
74.65,74.65,65.04,61.20,65.17
72.06,72.06,72.00,62.48,66.58
71.38,71.38,71.85,61.06,65.56
72.88,72.88,66.95,63.07,67.71
70.97,70.97,61.26,65.03,66.46
71.52,71.52,53.14,68.24,66.20
72.40,72.40,52.76,68.57,66.16
71.05,71.05,49.32,69.83,64.56
73.40,73.40,46.35,68.97,64.72
72.95,72.95,44.12,67.77,66.32
72.57,72.57,43.73,70.03,64.03
74.52,74.52,50.50,68.87,65.24
74.27,74.27,54.40,67.36,64.35
65.44,65.44,70.38,67.88,68.22
62.56,62.56,76.17,67.54,70.51
61.41,61.41,74.21,70.06,73.46
57.13,57.13,67.99,61.62,69.89
53.21,53.21,62.67,66.64,68.90
53.67,53.67,62.34,65.70,69.21
56.09,56.09,62.08,65.57,67.56
55.17,55.17,63.49,69.30,68.82
53.32,53.32,60.30,69.59,67.89
52.85,52.85,57.46,65.87,66.90
52.79,52.79,57.48,66.23,66.98
56.38,56.38,57.33,65.46,66.46
60.25,60.25,59.74,66.77,65.12
63.99,63.99,65.55,66.01,65.43
71.81,71.81,79.43,67.97,69.70
70.05,70.05,71.96,64.47,67.25
74.43,74.43,71.83,64.98,67.06
74.00,74.00,61.06,66.15,66.17
77.48,77.48,61.29,66.99,64.53
78.52,78.52,56.81,68.17,66.46
72.82,72.82,57.68,67.50,63.10
70.09,70.09,56.14,65.18,66.91
74.72,74.72,53.00,66.62,66.81
73.71,73.71,51.01,63.85,64.42
70.38,70.38,50.70,66.63,62.24
68.49,68.49,52.74,67.07,65.64
72.93,72.93,65.47,66.30,68.77
76.59,76.59,70.16,66.27,70.66
75.50,75.50,75.53,66.07,68.06
74.13,74.13,67.89,66.12,66.29
74.40,74.40,63.00,66.30,64.28
66.78,66.78,58.61,67.04,68.24
70.26,70.26,54.83,68.60,68.26
67.77,67.77,49.13,65.90,67.49
66.47,66.47,48.80,65.47,69.39
65.18,65.18,45.76,67.40,70.20
64.11,64.11,46.38,67.32,68.23
63.43,63.43,46.41,66.27,68.45
62.39,62.39,44.85,65.31,69.90
61.41,61.41,43.46,67.05,68.85
65.36,65.36,48.21,66.83,70.85
72.09,72.09,50.04,68.00,68.95
72.53,72.53,50.88,68.93,69.37
70.29,70.29,51.50,67.90,67.98
68.62,68.62,49.42,68.22,66.62
70.15,70.15,47.44,66.45,67.09
70.78,70.78,47.27,65.78,66.20
69.82,69.82,47.32,66.73,67.35
70.45,70.45,46.14,67.18,66.67
71.91,71.91,45.89,66.23,65.01
70.29,70.29,44.71,66.66,65.23
68.31,68.31,51.74,66.84,65.75
68.92,68.92,61.03,67.25,65.86
67.67,67.67,68.59,66.66,69.01
67.32,67.32,71.13,70.18,67.87
63.73,63.73,71.28,65.81,66.84
62.33,62.33,64.56,65.54,67.51
64.23,64.23,61.88,69.52,69.05
60.35,60.35,63.50,68.02,69.99
56.62,56.62,63.72,68.23,70.28
50.65,50.65,59.26,69.25,68.74
50.79,50.79,57.16,69.54,70.47
53.22,53.22,60.97,69.88,70.54
53.06,53.06,58.30,70.05,69.58
53.00,53.00,58.41,69.46,69.66
47.92,47.92,55.69,70.76,69.80
48.71,48.71,52.92,71.59,70.15
48.36,48.36,56.46,71.31,71.18
47.05,47.05,55.45,70.76,70.17
46.22,46.22,52.54,70.32,69.37
47.78,47.78,50.92,70.97,70.70
46.85,46.85,51.12,70.55,70.26
44.03,44.03,49.56,69.72,70.59
42.95,42.95,48.95,70.42,70.23
42.20,42.20,47.70,70.94,70.42
44.34,44.34,42.49,69.87,70.31
47.44,47.44,40.83,70.28,69.45
52.48,52.48,43.98,70.41,69.53
60.76,60.76,60.61,67.08,67.58
70.27,70.27,70.34,54.43,66.66
72.23,72.23,78.87,57.92,67.31
75.85,75.85,69.99,63.58,65.40
70.32,70.32,65.78,63.06,65.76
70.40,70.40,56.55,62.99,67.32
69.81,69.81,58.45,63.69,69.22
73.60,73.60,56.82,64.75,66.87
73.83,73.83,54.95,63.41,66.04
77.08,77.08,56.24,65.03,66.69
75.08,75.08,54.16,65.10,68.78
69.41,69.41,53.84,69.29,67.88
64.28,64.28,48.63,70.04,67.91
64.28,64.28,44.52,69.79,67.77
66.94,66.94,56.73,66.79,67.82
67.85,67.85,69.45,65.55,70.42
68.43,68.43,79.69,65.37,68.80
68.95,68.95,69.31,65.83,67.14
72.98,72.98,68.07,68.48,66.65
73.38,73.38,51.11,69.34,68.34
72.22,72.22,54.79,68.39,66.64
68.91,68.91,50.64,68.87,67.43
69.17,69.17,51.85,71.87,66.47
70.59,70.59,43.69,71.76,67.86
69.83,69.83,45.40,71.02,66.89
70.90,70.90,48.63,70.19,66.15
70.51,70.51,55.20,71.96,65.24
69.52,69.52,65.12,73.58,68.11
70.18,70.18,71.21,69.41,69.70
70.76,70.76,66.81,67.68,69.12
71.51,71.51,64.57,66.37,67.15
72.51,72.51,59.23,65.82,66.45
72.63,72.63,56.65,65.57,68.14
64.76,64.76,57.18,69.99,69.19
60.58,60.58,59.60,67.45,67.79
58.59,58.59,57.46,68.99,67.12
59.32,59.32,56.44,66.25,67.71
58.26,58.26,55.87,64.12,68.01
59.51,59.51,52.89,63.38,67.28
62.63,62.63,52.43,64.31,66.34
59.63,59.63,57.79,64.37,65.16
67.48,67.48,71.58,64.18,68.04
68.93,68.93,78.38,68.70,65.43
70.84,70.84,66.21,69.70,66.59
70.30,70.30,61.64,67.28,67.67
69.68,69.68,58.89,69.29,66.91
67.64,67.64,55.00,70.72,66.01
68.94,68.94,57.10,69.44,67.70
68.05,68.05,49.05,69.78,65.76
68.77,68.77,47.62,68.22,66.67
67.90,67.90,44.35,71.35,67.44
69.44,69.44,41.75,68.34,66.15
68.97,68.97,42.26,70.04,66.04
67.92,67.92,46.58,70.95,66.41
70.71,70.71,54.80,71.17,67.38
71.69,71.69,57.80,68.27,68.76
73.12,73.12,56.14,67.85,66.55
73.70,73.70,55.09,67.17,66.87
75.54,75.54,52.94,71.27,67.49
75.49,75.49,49.77,71.75,66.37
72.07,72.07,48.08,70.25,66.49
67.18,67.18,47.59,70.76,66.95
73.42,73.42,46.97,68.24,65.63
69.57,69.57,48.25,69.76,65.19
69.91,69.91,48.63,69.50,65.65
71.63,71.63,51.55,70.32,65.46
70.55,70.55,53.90,69.19,65.49
68.16,68.16,71.13,68.69,69.22
71.59,71.59,77.09,66.14,68.02
71.82,71.82,70.76,67.78,66.89
70.77,70.77,64.81,69.40,66.52
67.65,67.65,53.96,69.50,65.31
69.43,69.43,55.53,68.72,65.64
72.51,72.51,60.14,70.00,66.80
70.81,70.81,50.45,69.95,66.28
70.44,70.44,47.07,70.42,67.19
70.80,70.80,47.00,72.74,66.86
67.66,67.66,44.39,71.13,67.03
70.25,70.25,46.93,72.21,68.02
70.05,70.05,56.15,70.68,68.14
68.71,68.71,62.56,69.69,69.80
70.30,70.30,72.52,70.99,69.90
67.37,67.37,72.40,71.74,70.36
61.67,61.67,66.10,70.64,69.29
64.83,64.83,60.22,70.20,69.97
66.16,66.16,55.37,68.42,68.76
66.76,66.76,54.97,69.99,68.20
67.42,67.42,59.71,71.50,68.81
66.79,66.79,56.21,69.81,67.50
68.91,68.91,54.55,69.41,67.36
63.65,63.65,55.08,67.06,66.99
61.72,61.72,52.20,60.06,66.74
63.00,63.00,48.79,59.53,67.01
65.76,65.76,54.31,69.28,67.43
75.44,75.44,55.66,72.27,63.84
72.97,72.97,56.72,71.34,62.83
67.78,67.78,57.06,69.64,67.48
69.41,69.41,53.81,68.20,66.20
69.61,69.61,53.03,68.42,67.34
72.59,72.59,54.10,70.54,64.51
71.44,71.44,53.11,70.58,65.97
76.23,76.23,48.95,70.29,64.60
76.32,76.32,47.02,70.41,66.93
72.54,72.54,47.13,69.13,66.00
72.82,72.82,47.04,71.68,64.92
72.91,72.91,53.84,70.31,65.65
73.35,73.35,63.54,67.97,67.18
71.99,71.99,76.05,66.21,68.75
68.63,68.63,74.02,66.61,64.21
69.91,69.91,71.65,65.48,63.70
68.65,68.65,62.45,68.33,66.56
68.11,68.11,57.94,69.82,65.29
66.50,66.50,59.07,71.31,65.06
64.44,64.44,56.32,71.92,65.65
66.51,66.51,55.36,70.10,65.01
63.95,63.95,52.24,71.46,66.71
62.03,62.03,51.96,70.18,66.38
60.91,60.91,48.71,70.91,65.71
61.02,61.02,46.61,67.91,65.39
60.88,60.88,58.23,63.83,67.54
69.00,69.00,66.26,62.81,69.90
68.22,68.22,78.39,64.93,69.19
69.49,69.49,70.72,66.77,67.79
69.07,69.07,66.47,65.67,68.43
71.17,71.17,58.45,63.54,67.89
68.29,68.29,51.28,62.88,67.52
71.19,71.19,54.91,68.90,64.82
70.99,70.99,47.71,68.80,65.65
69.84,69.84,44.63,68.81,66.21
69.79,69.79,44.68,67.30,63.74
68.34,68.34,44.50,68.95,65.55
62.21,62.21,48.05,67.34,65.34
56.01,56.01,53.92,65.19,63.58
61.53,61.53,66.41,69.27,70.10
62.16,62.16,70.37,67.17,68.58
62.95,62.95,66.34,74.71,70.93
64.31,64.31,65.81,68.08,71.31
63.56,63.56,63.64,69.20,66.58
64.03,64.03,57.06,68.26,67.29
65.73,65.73,55.65,70.41,67.91
61.35,61.35,57.18,69.83,67.73
55.85,55.85,62.64,71.37,68.02
51.15,51.15,57.58,69.83,67.88
51.15,51.15,55.27,69.17,67.81
53.62,53.62,53.51,68.32,67.74
56.37,56.37,52.15,66.62,65.46
64.81,64.81,59.73,66.65,68.29
73.40,73.40,68.92,63.96,66.12
72.43,72.43,76.64,66.72,65.23
71.07,71.07,67.53,67.36,64.94
71.46,71.46,58.76,68.47,64.58
73.04,73.04,59.80,66.63,66.42
73.01,73.01,59.21,66.94,64.86
68.96,68.96,58.63,66.47,63.59
67.91,67.91,55.99,66.44,65.92
72.02,72.02,52.17,66.17,67.88
73.66,73.66,49.37,63.70,64.34
73.22,73.22,47.17,61.36,66.16
72.53,72.53,48.72,52.50,65.63
75.47,75.47,59.23,57.97,66.45
73.11,73.11,70.76,65.24,71.82
69.26,69.26,80.99,67.29,71.13
67.35,67.35,69.02,66.21,68.60
67.75,67.75,61.78,65.02,69.31
71.31,71.31,55.74,67.37,67.73
69.64,69.64,59.35,69.83,67.13
67.09,67.09,49.27,67.63,70.11
69.61,69.61,52.01,71.91,66.98
69.69,69.69,50.42,66.94,69.62
68.56,68.56,47.24,66.11,68.76
64.77,64.77,46.98,71.61,67.44
66.11,66.11,45.14,69.81,68.28
68.49,68.49,47.08,71.59,69.71
69.13,69.13,51.77,71.26,65.89
70.43,70.43,55.23,70.03,70.09
70.77,70.77,55.97,72.09,71.30
69.74,69.74,55.39,69.18,67.24
69.35,69.35,52.63,69.08,71.70
70.08,70.08,49.81,71.84,70.25
67.49,67.49,48.02,70.11,68.65
68.46,68.46,48.08,69.65,70.16
71.71,71.71,45.92,72.21,67.82
69.45,69.45,45.62,69.33,66.46
67.50,67.50,44.61,70.99,67.29
69.58,69.58,49.78,69.66,66.20
71.33,71.33,54.02,71.74,69.05
70.10,70.10,65.80,71.87,68.23
70.18,70.18,69.57,60.63,74.16
66.34,66.34,68.27,63.17,72.33
67.45,67.45,67.65,68.04,72.74
62.70,62.70,61.84,70.13,72.10
60.81,60.81,61.41,64.84,73.26
57.75,57.75,59.88,68.32,71.96
57.49,57.49,62.61,69.80,71.44
57.29,57.29,62.64,67.97,72.99
54.54,54.54,56.63,71.03,69.45
57.20,57.20,52.23,68.62,72.60
57.64,57.64,52.08,64.89,72.07
53.57,53.57,53.08,70.51,69.78
52.15,52.15,56.90,70.73,70.77
51.31,51.31,55.94,68.66,69.52
51.44,51.44,54.57,72.08,68.96
50.42,50.42,54.37,66.24,69.27
49.77,49.77,51.37,71.26,69.24
52.67,52.67,51.72,69.08,68.64
53.01,53.01,53.02,70.77,70.46
53.87,53.87,49.16,70.91,69.48
51.53,51.53,48.54,69.09,70.13
51.87,51.87,43.82,66.95,70.14
53.58,53.58,41.97,72.41,67.96
59.98,59.98,43.96,66.22,66.43
69.76,69.76,59.88,67.45,66.52
71.86,71.86,71.90,65.87,67.13
70.00,70.00,76.34,67.83,66.31
67.18,67.18,73.30,68.74,69.89
69.14,69.14,65.07,68.06,72.17
69.15,69.15,59.51,65.38,69.04
69.04,69.04,58.89,71.36,69.08
70.80,70.80,58.60,69.55,69.94
69.77,69.77,55.91,70.35,70.41
70.58,70.58,52.15,71.71,68.97
69.73,69.73,50.82,69.24,69.14
68.00,68.00,49.65,69.80,69.90
69.32,69.32,50.24,72.82,68.69
70.23,70.23,49.98,70.37,68.09
71.30,71.30,57.80,70.99,66.80
69.17,69.17,65.30,69.36,69.31
66.94,66.94,79.23,69.24,67.88
68.27,68.27,67.99,65.22,68.50
68.91,68.91,70.82,65.10,67.62
70.18,70.18,56.96,69.93,64.61
69.68,69.68,59.94,72.36,66.77
70.16,70.16,54.72,70.88,67.93
71.71,71.71,54.59,71.35,63.62
71.15,71.15,53.93,70.29,65.36
70.73,70.73,51.63,69.75,65.49
70.76,70.76,49.68,69.07,64.97
71.06,71.06,51.46,69.72,67.16
71.38,71.38,56.19,69.22,66.25
70.59,70.59,64.87,72.22,67.58
71.36,71.36,72.16,70.92,67.47
69.93,69.93,70.58,72.73,67.42
70.99,70.99,67.17,70.40,69.49
68.18,68.18,62.51,73.46,68.10
68.25,68.25,60.63,72.10,69.25
68.88,68.88,61.55,73.27,71.46
68.78,68.78,63.19,72.06,71.28
67.05,67.05,62.25,73.94,70.25
65.61,65.61,57.20,70.40,69.33
63.63,63.63,56.07,63.33,67.27
66.23,66.23,55.63,63.83,63.74
72.03,72.03,58.75,67.08,65.80
74.35,74.35,67.25,59.76,67.96
74.54,74.54,78.12,58.55,67.91
71.81,71.81,75.93,60.55,67.39
69.06,69.06,66.44,64.58,69.13
73.72,73.72,61.83,64.57,69.89
73.80,73.80,59.60,64.85,69.09
70.21,70.21,54.74,66.27,68.70
70.45,70.45,51.50,69.87,69.43
73.17,73.17,49.60,70.99,67.40
72.79,72.79,48.47,69.86,68.36
71.52,71.52,45.95,70.40,70.41
70.27,70.27,46.42,68.86,68.74
71.90,71.90,47.50,70.35,67.32
68.73,68.73,51.86,70.74,68.67
69.84,69.84,57.94,68.82,70.17
72.09,72.09,60.01,69.65,69.77
72.10,72.10,59.13,66.77,69.84
68.27,68.27,57.66,66.76,68.85
68.45,68.45,56.24,68.46,68.78
68.67,68.67,52.82,69.42,68.08
67.98,67.98,50.65,70.37,69.42
66.36,66.36,48.92,69.35,68.53
65.38,65.38,47.07,69.43,68.82
66.35,66.35,46.18,70.21,67.65
62.73,62.73,46.27,64.73,67.27
63.88,63.88,50.32,67.71,69.23
64.00,64.00,61.03,69.64,69.85
62.76,62.76,68.96,66.22,68.74
63.67,63.67,80.82,66.72,69.93
64.04,64.04,69.88,61.34,68.95
62.11,62.11,65.88,65.09,69.43
62.04,62.04,60.56,65.95,69.95
60.10,60.10,55.46,66.60,70.77
64.38,64.38,51.48,68.31,72.19
62.12,62.12,46.14,68.86,70.74
55.32,55.32,44.79,67.31,70.57
56.12,56.12,42.36,67.10,71.35
59.79,59.79,46.20,68.12,71.41
57.14,57.14,46.87,69.79,71.22
61.32,61.32,56.68,69.68,71.33
62.50,62.50,67.76,69.52,73.51
54.82,54.82,74.19,68.98,72.61
54.98,54.98,69.46,68.58,70.90
53.56,53.56,68.03,67.88,71.95
50.89,50.89,63.75,68.31,70.67
53.68,53.68,64.37,68.96,73.55
54.62,54.62,63.45,69.91,72.45
50.88,50.88,66.83,69.17,72.56
44.01,44.01,66.17,67.85,73.62
46.06,46.06,58.79,69.53,71.60
49.76,49.76,58.47,68.99,72.11
44.57,44.57,59.89,66.90,69.72
44.96,44.96,57.17,64.84,71.82
45.00,45.00,67.17,66.50,71.52
43.38,43.38,80.22,68.54,71.48
39.12,39.12,66.74,61.46,69.77
43.23,43.23,61.17,63.41,69.41
40.09,40.09,59.33,60.55,69.94
40.04,40.04,58.15,62.39,68.87
39.57,39.57,53.09,66.74,68.87
38.25,38.25,54.26,66.68,70.63
36.28,36.28,50.30,67.73,69.83
34.62,34.62,49.87,68.40,69.71
36.91,36.91,48.82,66.91,69.93
36.42,36.42,47.86,65.64,68.03
33.91,33.91,56.24,62.50,69.15
34.94,34.94,68.66,55.47,68.53
40.55,40.55,78.36,61.91,70.22
33.11,33.11,71.11,57.74,70.89
33.97,33.97,64.14,62.10,71.11
32.34,32.34,62.85,62.81,72.07
30.92,30.92,54.69,64.92,71.76
31.94,31.94,53.58,65.23,70.59
29.08,29.08,52.38,66.02,70.58
29.72,29.72,49.32,67.46,70.45
30.80,30.80,49.21,66.80,69.06
31.18,31.18,48.23,68.27,70.23
30.98,30.98,49.24,68.77,69.71
26.70,26.70,55.02,66.90,68.98
20.68,20.68,68.23,67.18,70.07
20.18,20.18,74.03,65.96,70.12
20.35,20.35,71.77,73.30,70.89
16.81,16.81,69.18,70.41,72.92
18.53,18.53,66.23,64.07,71.21
13.92,13.92,64.30,66.70,72.98
17.09,17.09,63.84,67.26,71.56
16.56,16.56,67.48,66.15,70.66
18.75,18.75,69.65,68.43,72.72
17.35,17.35,65.97,67.68,70.13
18.63,18.63,64.39,69.79,70.64
19.05,19.05,63.52,68.35,71.32
21.56,21.56,63.93,66.68,70.71
25.02,25.02,75.26,62.05,71.46
22.64,22.64,76.57,65.56,71.84
18.60,18.60,73.31,64.07,71.82
20.46,20.46,69.88,65.84,70.84
22.02,22.02,64.50,65.25,70.06
20.33,20.33,62.63,63.75,69.04
19.01,19.01,68.30,65.88,71.66
20.83,20.83,71.36,68.53,71.02
21.84,21.84,69.28,67.84,72.01
27.16,27.16,64.12,69.56,69.87
24.01,24.01,61.44,70.69,70.99
24.64,24.64,61.02,70.83,70.58
23.81,23.81,62.34,69.87,70.44
23.91,23.91,68.01,72.14,71.21
25.64,25.64,66.16,68.68,72.33
30.08,30.08,65.68,68.58,71.44
30.31,30.31,64.13,65.51,71.10
28.87,28.87,65.72,62.47,71.29
29.54,29.54,66.10,64.78,70.65
28.02,28.02,67.90,63.95,69.56
26.55,26.55,69.75,64.34,71.37
28.15,28.15,67.89,66.81,71.31
33.43,33.43,65.41,66.84,71.36
45.85,45.85,66.59,68.59,68.70
52.80,52.80,64.86,67.63,72.26
57.10,57.10,64.61,56.53,70.08
60.93,60.93,71.67,58.88,71.02
65.54,65.54,75.49,58.73,71.79
69.45,69.45,70.60,60.39,74.12
70.13,70.13,65.53,58.65,72.78
70.50,70.50,65.98,64.47,72.75
69.41,69.41,64.22,70.15,71.98
69.17,69.17,63.33,70.66,73.00
67.86,67.86,62.84,68.21,72.76
62.69,62.69,63.29,67.22,71.22
60.41,60.41,63.16,67.13,72.19
56.59,56.59,60.74,68.66,70.82
58.84,58.84,60.62,70.73,72.17
61.54,61.54,59.29,69.76,71.10
65.54,65.54,58.91,69.84,70.79
67.45,67.45,58.07,69.06,70.05
70.24,70.24,58.37,68.47,71.85
71.83,71.83,58.88,72.34,71.26
71.10,71.10,58.26,69.63,68.71
68.81,68.81,59.08,70.95,71.27
67.73,67.73,58.90,71.09,73.06
63.43,63.43,57.56,69.78,72.36
60.61,60.61,59.15,70.34,73.00
62.79,62.79,58.70,69.02,71.05
57.91,57.91,56.45,68.55,71.41
59.06,59.06,55.64,68.61,71.00
61.48,61.48,57.42,66.92,70.89
65.82,65.82,60.46,66.09,70.99
69.63,69.63,69.41,65.19,69.32
72.55,72.55,73.55,66.75,70.24
73.82,73.82,71.08,72.44,69.59
76.32,76.32,65.34,67.67,69.40
74.74,74.74,60.91,70.08,68.34
69.07,69.07,60.44,70.24,70.58
72.85,72.85,61.01,67.95,70.45
72.48,72.48,62.09,70.17,70.93
73.83,73.83,62.71,68.40,70.90
75.98,75.98,59.25,70.36,70.99
72.43,72.43,56.32,68.78,69.79
68.75,68.75,58.39,70.78,69.75
69.78,69.78,57.74,71.12,70.91
71.90,71.90,55.26,69.02,69.03
72.41,72.41,55.37,69.70,67.73
70.24,70.24,54.89,70.19,66.78
72.65,72.65,53.41,70.00,68.14
71.80,71.80,51.41,71.34,68.41
71.56,71.56,51.70,70.14,67.90
71.83,71.83,50.21,70.45,69.12
75.12,75.12,48.62,71.18,68.46
75.61,75.61,49.82,69.57,70.73
75.14,75.14,48.27,70.60,68.35
74.28,74.28,48.40,69.50,69.06
72.84,72.84,50.44,70.89,68.02
72.83,72.83,57.98,68.86,70.19
74.88,74.88,61.57,64.79,71.07
73.61,73.61,75.86,64.24,69.27
74.90,74.90,68.13,66.30,67.31
74.43,74.43,66.49,71.95,69.24
74.46,74.46,59.54,70.65,69.06
73.44,73.44,58.89,67.00,68.73
72.57,72.57,58.29,68.54,69.29
72.16,72.16,55.27,67.98,69.25
71.29,71.29,52.65,69.41,69.16
73.25,73.25,52.77,71.05,70.79
74.38,74.38,47.84,68.26,70.29
75.01,75.01,47.07,68.62,69.73
75.87,75.87,49.85,66.57,69.83
72.49,72.49,53.38,64.57,69.25
73.44,73.44,62.63,65.43,69.24
75.20,75.20,74.53,66.05,68.54
72.69,72.69,76.72,68.20,68.46
71.55,71.55,69.42,67.70,70.42
73.65,73.65,61.32,62.33,71.02
73.29,73.29,55.63,63.12,70.48
71.90,71.90,49.93,66.04,70.30
73.07,73.07,49.07,64.71,70.52
73.88,73.88,44.21,66.85,71.34
74.30,74.30,42.74,66.35,67.94
74.65,74.65,46.25,65.55,70.63
73.10,73.10,45.85,64.10,70.30
71.06,71.06,48.78,61.87,68.94
70.24,70.24,53.38,63.66,70.55
71.57,71.57,55.91,58.34,70.50
72.74,72.74,55.96,70.87,69.34
70.33,70.33,54.78,71.48,69.44
69.86,69.86,53.78,70.56,69.14
68.12,68.12,52.64,65.81,69.96
66.09,66.09,53.79,65.74,70.72
64.57,64.57,52.25,69.26,70.64
64.54,64.54,49.78,68.78,69.65
66.03,66.03,46.73,70.64,71.28
69.78,69.78,46.62,68.38,70.87
71.45,71.45,48.14,66.15,69.16
73.31,73.31,53.28,61.47,70.44
72.32,72.32,59.31,59.76,70.60
72.04,72.04,66.23,62.80,71.54
72.78,72.78,73.45,69.42,69.71
76.85,76.85,68.79,68.95,69.40
75.28,75.28,63.45,65.20,69.95
74.50,74.50,61.23,69.76,70.11
70.76,70.76,61.38,69.06,69.13
70.21,70.21,62.87,68.26,67.74
71.62,71.62,65.70,69.93,69.91
72.13,72.13,63.17,68.74,70.70
73.03,73.03,58.21,67.71,69.19
71.24,71.24,58.83,69.00,67.98
71.48,71.48,57.28,67.92,68.41
74.09,74.09,54.33,67.60,68.25
74.62,74.62,57.56,67.13,68.53
77.19,77.19,57.43,67.03,68.90
77.04,77.04,53.48,67.89,66.87
74.14,74.14,50.88,68.13,68.92
73.93,73.93,50.48,66.55,69.23
69.43,69.43,50.78,66.39,70.10
64.61,64.61,50.32,65.64,69.07
64.00,64.00,47.52,65.52,71.29
65.78,65.78,48.23,66.71,69.77
67.14,67.14,48.78,67.47,71.68
67.90,67.90,47.78,66.15,70.34
65.43,65.43,49.41,64.50,70.41
70.14,70.14,52.59,60.53,72.93
68.68,68.68,56.93,58.86,73.35
68.61,68.61,71.06,60.24,73.74
70.56,70.56,79.58,64.96,71.01
63.17,63.17,68.89,61.19,71.85
60.94,60.94,67.28,66.80,69.45
59.18,59.18,60.54,67.20,69.74
62.01,62.01,61.60,70.55,68.25
64.25,64.25,53.57,69.59,71.38
62.10,62.10,49.98,69.21,71.12
57.42,57.42,46.10,69.04,70.81
57.89,57.89,46.47,67.79,73.31
60.85,60.85,47.67,69.02,72.36
58.29,58.29,51.46,67.69,72.36
57.72,57.72,58.17,69.93,72.54
59.47,59.47,63.46,70.38,73.12
62.51,62.51,72.25,68.55,71.91
62.09,62.09,67.56,67.99,71.15
59.04,59.04,65.52,64.32,72.25
56.26,56.26,63.04,66.78,71.06
57.67,57.67,68.02,67.94,72.99
59.24,59.24,63.87,67.99,71.58
57.11,57.11,62.41,68.04,71.63
54.43,54.43,63.37,67.24,71.24
51.78,51.78,60.39,67.52,71.67
52.15,52.15,58.09,67.89,71.99
53.43,53.43,58.42,70.02,70.43
54.18,54.18,57.00,68.81,72.39
54.47,54.47,56.77,67.57,72.74
54.06,54.06,57.96,67.79,72.83
53.38,53.38,58.25,73.61,72.64
54.59,54.59,56.23,69.07,72.56
55.05,55.05,52.32,65.71,70.67
54.86,54.86,54.14,66.87,71.71
51.24,51.24,53.15,65.63,71.14
53.17,53.17,47.14,65.59,71.83
50.24,50.24,44.63,65.86,71.95
49.74,49.74,45.28,66.85,72.27
49.03,49.03,43.64,63.52,72.43
51.54,51.54,46.37,63.41,72.62
47.15,47.15,50.88,63.51,70.61
46.80,46.80,67.35,65.39,70.08
43.19,43.19,76.53,62.77,69.02
42.00,42.00,73.27,65.21,68.54
43.07,43.07,70.87,67.76,68.82
42.06,42.06,61.26,70.36,69.04
43.25,43.25,59.62,70.59,68.60
44.83,44.83,58.93,71.10,69.38
46.37,46.37,58.80,72.02,70.09
47.31,47.31,54.05,71.08,70.15
48.43,48.43,50.66,70.53,71.53
47.93,47.93,51.09,70.60,71.30
46.22,46.22,49.84,71.12,70.17
45.69,45.69,52.45,67.68,69.93
48.15,48.15,58.35,67.26,71.87
52.64,52.64,69.84,71.37,72.75
54.92,54.92,77.32,69.97,71.57
57.35,57.35,65.46,69.81,70.60
56.26,56.26,59.98,70.54,71.36
54.59,54.59,57.94,68.99,73.07
54.79,54.79,51.91,69.78,72.65
54.87,54.87,51.71,71.04,73.07
55.68,55.68,47.76,71.07,73.96
54.36,54.36,45.98,69.48,72.53
52.31,52.31,42.71,69.42,71.85
52.48,52.48,42.08,69.13,72.21
55.60,55.60,52.33,68.27,73.15
52.42,52.42,55.68,68.91,71.21
60.04,60.04,67.20,68.69,73.94
58.49,58.49,72.16,67.04,73.63
56.35,56.35,68.28,71.11,72.05
57.27,57.27,63.96,65.68,72.75
55.70,55.70,61.48,68.74,70.94
56.57,56.57,61.53,67.32,71.16
54.77,54.77,61.67,66.03,69.73
53.87,53.87,63.52,63.28,68.85
55.02,55.02,60.72,65.90,71.07
54.57,54.57,56.42,64.03,69.96
54.69,54.69,55.66,67.43,71.44
52.23,52.23,56.95,67.51,69.21
53.80,53.80,62.44,65.89,70.20
56.65,56.65,70.32,63.29,73.50
57.06,57.06,76.87,63.04,73.17
55.70,55.70,71.47,67.50,71.62
53.15,53.15,69.37,69.13,71.03
54.24,54.24,67.78,68.77,70.28
55.70,55.70,66.25,70.84,70.22
49.94,49.94,65.42,69.48,70.65
49.07,49.07,64.59,70.42,70.97
49.80,49.80,63.26,70.09,69.45
53.33,53.33,63.15,70.95,68.16
55.74,55.74,62.41,70.00,68.28
58.36,58.36,62.76,70.95,69.48
60.21,60.21,64.66,71.27,67.95
62.81,62.81,67.96,70.05,67.44
67.82,67.82,80.10,70.68,67.61
72.44,72.44,69.64,65.19,67.43
71.95,71.95,66.04,63.79,65.92
72.45,72.45,62.33,65.77,67.40
70.31,70.31,62.21,68.13,68.18
72.69,72.69,61.62,70.33,67.50
71.03,71.03,61.82,71.33,67.36
71.72,71.72,63.30,71.55,71.36
68.87,68.87,61.84,72.12,71.29
73.43,73.43,62.68,73.36,70.85
73.50,73.50,61.86,72.99,69.51
70.16,70.16,61.87,72.62,69.47
67.62,67.62,63.50,72.83,70.72
69.04,69.04,62.88,73.02,68.90
70.79,70.79,63.99,72.07,70.98
69.34,69.34,61.85,72.52,69.16
69.12,69.12,63.07,72.81,69.40
68.63,68.63,62.50,73.24,70.98
67.27,67.27,62.75,72.38,68.82
68.38,68.38,61.44,72.52,68.88
70.25,70.25,62.11,72.97,68.23
70.84,70.84,61.68,71.82,68.80
72.33,72.33,62.54,72.93,71.54
72.61,72.61,61.78,73.40,69.69
72.78,72.78,61.54,72.82,70.79
72.46,72.46,61.18,72.63,68.83
72.58,72.58,68.17,74.93,71.16
75.75,75.75,72.21,69.00,70.26
73.17,73.17,68.24,69.28,69.72
68.39,68.39,64.00,67.70,69.03
70.43,70.43,64.82,63.81,69.32
68.67,68.67,66.76,65.68,69.18
70.35,70.35,61.59,67.60,70.16
75.00,75.00,60.11,67.69,68.78
74.99,74.99,60.65,64.38,67.79
73.17,73.17,61.05,66.48,67.42
75.08,75.08,60.16,66.58,68.78
72.66,72.66,60.00,65.73,68.75
73.65,73.65,58.08,66.78,68.21
73.95,73.95,57.41,67.38,70.35
76.17,76.17,59.31,67.57,67.83
77.08,77.08,58.21,66.99,67.00
74.63,74.63,57.81,66.73,66.81
71.28,71.28,55.57,66.68,65.30
68.90,68.90,56.01,66.20,66.27
69.22,69.22,54.88,67.66,67.48
68.23,68.23,54.27,68.31,68.48
66.13,66.13,53.78,67.71,67.18
65.64,65.64,52.51,67.39,67.61
63.99,63.99,51.43,66.13,67.97
68.41,68.41,53.73,65.31,69.79
70.38,70.38,58.89,64.56,68.90
73.54,73.54,71.15,64.67,68.80
72.82,72.82,76.46,67.17,69.23
72.83,72.83,68.60,65.75,70.30
67.41,67.41,62.36,70.06,69.39
69.70,69.70,60.05,68.15,68.91
69.70,69.70,60.54,68.05,69.19
71.41,71.41,58.70,67.23,67.04
70.19,70.19,57.05,67.80,67.51
72.32,72.32,55.85,69.78,69.74
74.35,74.35,54.78,70.83,70.30
74.35,74.35,53.58,70.58,68.55
74.24,74.24,52.42,69.36,68.09
72.62,72.62,54.74,70.34,64.72
70.18,70.18,66.69,68.80,66.66
72.40,72.40,73.52,68.46,67.95
70.48,70.48,76.40,68.16,67.30
69.97,69.97,68.36,65.75,66.96
70.45,70.45,63.46,64.10,67.28
70.42,70.42,59.65,70.07,65.98
72.36,72.36,56.85,71.69,67.35
74.73,74.73,55.28,72.25,65.05
76.33,76.33,56.02,71.92,67.48
75.03,75.03,54.64,70.51,68.04
73.80,73.80,53.46,68.03,67.78
74.61,74.61,52.81,68.00,69.43
69.33,69.33,50.64,71.36,67.80
63.87,63.87,49.57,73.46,70.73
62.44,62.44,47.69,68.61,69.88
65.29,65.29,48.18,69.68,70.69
66.12,66.12,44.89,66.44,72.61
65.44,65.44,42.90,68.77,73.17
66.51,66.51,43.64,70.26,73.78
65.66,65.66,45.20,70.26,70.72
64.19,64.19,46.93,70.82,71.75
59.66,59.66,47.25,69.69,70.39
58.79,58.79,47.72,70.25,70.93
59.21,59.21,47.38,69.71,70.66
61.62,61.62,48.97,63.49,69.41
65.44,65.44,56.19,60.79,70.39
67.04,67.04,63.07,58.40,68.20
68.85,68.85,67.49,64.54,71.55
69.05,69.05,71.74,69.39,70.25
70.06,70.06,67.92,68.27,70.33
70.52,70.52,64.08,65.52,70.45
69.43,69.43,63.26,67.44,69.88
69.85,69.85,61.65,67.94,69.34
69.84,69.84,60.61,69.58,70.42
69.83,69.83,63.56,70.12,70.57
69.97,69.97,62.79,71.80,68.88
69.84,69.84,59.42,69.81,70.64
69.27,69.27,56.20,70.33,68.59
68.55,68.55,58.69,70.07,68.92
67.53,67.53,55.06,71.19,66.56
69.87,69.87,55.97,72.26,69.31
69.03,69.03,56.54,71.58,69.92
70.18,70.18,56.10,73.71,70.49
69.35,69.35,53.60,71.37,69.90
71.26,71.26,53.14,71.85,70.36
69.78,69.78,51.33,72.60,71.73
65.58,65.58,51.01,72.39,72.43
64.59,64.59,49.68,72.98,71.20
64.74,64.74,49.57,74.28,72.09
65.69,65.69,45.92,72.07,71.58
65.39,65.39,46.16,72.16,72.05
64.12,64.12,44.86,69.99,73.00
64.91,64.91,44.82,68.80,72.74
65.28,65.28,50.59,66.75,70.83
66.48,66.48,58.72,66.19,72.96
66.48,66.48,74.11,65.06,72.51
65.74,65.74,74.92,60.64,70.81
66.17,66.17,68.76,58.48,70.83
66.36,66.36,61.23,64.08,72.37
66.85,66.85,59.98,65.33,73.33
65.32,65.32,55.82,67.20,73.76
62.59,62.59,51.77,68.55,74.18
65.54,65.54,50.92,64.10,72.65
66.00,66.00,49.88,68.03,72.77
64.83,64.83,47.13,70.14,70.57
66.28,66.28,48.06,69.29,70.98
66.66,66.66,51.55,69.88,72.89
67.49,67.49,56.09,69.02,72.41
68.74,68.74,70.24,69.75,72.36
68.53,68.53,68.70,69.42,73.07
68.49,68.49,66.86,67.15,72.97
69.41,69.41,65.62,65.56,72.20
67.14,67.14,64.59,68.02,72.18
69.20,69.20,64.11,66.87,70.55
67.42,67.42,62.83,69.86,72.34
65.58,65.58,62.73,69.65,73.62
65.07,65.07,60.94,68.85,72.75
58.41,58.41,56.02,69.38,73.57
60.52,60.52,52.34,67.95,73.62
66.37,66.37,56.04,64.75,73.56
67.56,67.56,55.48,68.38,73.23
71.74,71.74,57.05,73.75,73.20
69.12,69.12,57.25,69.56,73.21
68.39,68.39,53.53,65.47,69.84
69.18,69.18,51.86,67.76,70.81
69.06,69.06,52.49,68.75,69.14
70.31,70.31,50.25,68.54,69.10
68.96,68.96,49.02,67.17,67.08
68.21,68.21,47.61,62.56,69.21
64.04,64.04,46.55,66.29,70.05
66.66,66.66,46.75,65.56,70.41
66.51,66.51,48.11,67.47,71.48
64.32,64.32,56.24,67.37,70.63
60.27,60.27,59.37,63.97,71.14
63.47,63.47,76.55,64.52,71.29
62.80,62.80,69.24,63.20,69.18
60.08,60.08,70.66,64.29,70.03
60.13,60.13,61.87,67.99,69.67
61.70,61.70,59.76,69.54,70.61
64.07,64.07,58.19,68.98,71.33
60.51,60.51,55.61,66.71,71.64
56.51,56.51,53.31,67.52,70.80
59.02,59.02,52.62,67.33,72.38
57.50,57.50,49.88,70.38,73.15
56.01,56.01,48.03,69.49,72.21
57.71,57.71,52.46,65.11,72.12
50.37,50.37,58.74,61.38,71.74
53.40,53.40,69.33,63.99,71.12
50.84,50.84,82.44,66.87,70.43
48.52,48.52,68.47,64.57,70.70
44.77,44.77,69.09,62.88,70.46
42.99,42.99,56.89,63.88,70.72
39.89,39.89,54.14,68.12,70.35
42.04,42.04,55.98,68.83,71.80
39.55,39.55,50.22,70.80,71.07
39.14,39.14,47.71,69.08,71.50
41.04,41.04,46.95,69.49,71.27
38.86,38.86,46.29,67.69,70.80
38.48,38.48,48.86,67.67,69.84
39.93,39.93,57.69,55.67,72.23
40.51,40.51,67.29,61.99,71.73
41.59,41.59,72.65,65.98,71.84
39.17,39.17,70.03,72.41,71.25
35.24,35.24,65.84,72.64,71.79
32.98,32.98,63.64,70.54,72.01
31.94,31.94,62.03,70.52,71.00
29.39,29.39,62.10,65.85,72.65
27.80,27.80,61.32,68.55,72.47
28.78,28.78,64.45,70.18,72.29
29.50,29.50,59.88,70.61,71.38
33.48,33.48,56.95,71.68,71.64
41.26,41.26,54.51,68.52,70.62
50.08,50.08,59.90,61.48,70.51
54.82,54.82,66.48,66.73,72.10
57.72,57.72,78.48,63.29,71.47
58.03,58.03,73.40,62.38,72.83
58.73,58.73,64.98,68.02,73.20
57.67,57.67,63.26,69.25,71.88
52.63,52.63,64.25,69.45,71.46
47.34,47.34,61.56,72.59,71.73
43.65,43.65,60.25,69.42,71.23
40.21,40.21,59.41,68.76,71.89
37.73,37.73,57.75,66.51,71.98
40.69,40.69,56.68,67.60,71.28
47.19,47.19,57.25,66.23,70.72
56.62,56.62,56.10,60.11,70.21
62.43,62.43,65.23,59.82,69.10
68.86,68.86,79.43,68.94,69.84
70.73,70.73,72.16,63.19,70.48
69.72,69.72,65.10,67.67,69.90
68.85,68.85,61.18,65.04,69.72
70.87,70.87,63.68,71.55,69.97
71.75,71.75,63.24,69.49,70.11
76.39,76.39,63.96,70.26,69.80
71.83,71.83,62.96,70.03,69.51
70.75,70.75,61.91,69.59,69.38
70.16,70.16,61.97,70.87,69.86
72.37,72.37,61.45,70.50,70.03
70.18,70.18,61.17,71.01,69.98
70.16,70.16,60.17,70.73,68.64
74.29,74.29,60.26,71.86,68.25
70.00,70.00,60.26,69.36,67.86
70.03,70.03,60.92,72.46,68.42
76.56,76.56,60.66,70.51,67.97
74.13,74.13,61.61,71.22,69.83
69.08,69.08,60.47,71.27,72.06
71.34,71.34,60.51,71.44,70.32
73.42,73.42,59.82,70.86,72.29
74.02,74.02,59.06,73.29,72.14
71.26,71.26,59.74,68.58,69.86
64.46,64.46,58.27,71.01,71.82
64.00,64.00,57.59,69.59,70.22
66.48,66.48,59.77,73.24,71.37
71.53,71.53,64.32,73.01,69.07
77.36,77.36,66.05,71.45,69.78
73.32,73.32,68.38,72.45,68.77
75.04,75.04,67.38,69.91,70.94
73.43,73.43,65.39,71.42,70.10
72.68,72.68,61.11,73.05,69.55
72.23,72.23,59.07,71.27,70.61
73.98,73.98,62.36,73.84,70.02
71.49,71.49,61.85,72.63,69.56
68.90,68.90,57.57,74.47,71.05
71.92,71.92,54.87,73.97,71.27
71.45,71.45,55.81,72.68,69.88
73.04,73.04,57.15,74.04,71.20
74.67,74.67,58.15,73.63,68.67
75.27,75.27,56.95,72.94,71.40
76.67,76.67,56.03,73.34,68.55
74.95,74.95,55.05,74.03,66.96
73.52,73.52,55.21,72.67,68.35
72.12,72.12,54.40,76.02,69.33
70.86,70.86,54.11,72.18,70.36
69.34,69.34,52.43,73.56,71.53
69.48,69.48,51.54,73.57,70.04
70.24,70.24,50.81,75.03,70.75
70.57,70.57,51.31,74.12,70.00
70.17,70.17,51.49,75.13,69.29
67.92,67.92,56.67,72.31,67.35
69.36,69.36,71.11,67.97,69.15
69.49,69.49,76.71,67.89,68.70
68.94,68.94,69.39,61.28,68.18
69.26,69.26,66.13,67.34,68.56
69.15,69.15,61.08,67.49,70.58
71.07,71.07,58.70,70.23,72.15
70.16,70.16,57.68,71.56,69.50
70.59,70.59,55.47,68.88,70.76
74.21,74.21,55.28,70.02,69.45
71.88,71.88,54.78,68.62,69.54
72.86,72.86,52.57,67.68,68.53
67.52,67.52,50.46,72.58,68.69
67.79,67.79,52.05,68.87,69.47
67.23,67.23,57.21,69.06,70.38
68.76,68.76,68.39,64.89,71.61
69.97,69.97,77.89,68.32,68.28
67.93,67.93,72.12,61.41,68.96
66.13,66.13,71.89,69.39,70.62
65.82,65.82,57.55,71.08,68.56
70.01,70.01,58.90,70.67,70.04
68.87,68.87,54.57,74.07,69.92
71.08,71.08,52.08,70.04,69.77
68.10,68.10,50.96,71.85,71.14
71.86,71.86,50.27,72.66,68.92
71.69,71.69,48.13,67.93,68.90
71.86,71.86,47.17,71.80,70.19
69.16,69.16,50.28,71.96,70.12
72.26,72.26,53.27,68.11,69.50
71.35,71.35,55.16,73.30,71.36
74.55,74.55,54.54,66.44,69.36
71.23,71.23,54.15,66.70,69.33
69.59,69.59,52.98,67.43,70.56
69.65,69.65,53.76,64.26,71.47
65.94,65.94,53.70,69.81,70.91
64.20,64.20,51.29,66.55,70.10
67.52,67.52,50.46,68.26,70.55
65.04,65.04,48.41,66.67,68.76
67.56,67.56,49.71,63.99,70.15
68.39,68.39,52.90,65.02,71.29
70.51,70.51,59.91,65.76,69.27
72.01,72.01,69.57,65.91,71.85
74.02,74.02,69.97,68.99,67.46
70.93,70.93,66.38,71.82,69.67
69.43,69.43,63.30,65.34,67.13
68.47,68.47,63.50,66.77,67.92
70.90,70.90,64.70,63.69,71.69
71.51,71.51,60.23,65.86,70.03
70.77,70.77,61.49,66.47,68.79
71.20,71.20,56.37,67.01,67.80
70.72,70.72,54.13,69.15,66.28
70.95,70.95,54.40,68.40,67.34
69.04,69.04,53.53,66.07,67.22
67.63,67.63,51.68,67.55,67.07
69.98,69.98,54.86,66.15,68.61
71.73,71.73,56.45,67.34,71.48
72.62,72.62,53.97,68.21,69.27
70.84,70.84,50.29,68.04,69.22
70.08,70.08,48.84,68.56,71.16
68.03,68.03,45.83,68.60,69.19
66.54,66.54,47.40,68.93,70.98
67.47,67.47,49.34,68.75,70.33
66.25,66.25,50.83,69.01,70.73
65.94,65.94,50.25,69.61,71.43
66.24,66.24,47.54,67.65,72.07
65.45,65.45,48.48,69.17,69.71
66.41,66.41,52.99,67.40,68.25
67.87,67.87,68.38,61.01,71.64
69.60,69.60,78.56,65.14,71.43
69.55,69.55,66.81,60.86,71.30
69.48,69.48,65.40,64.48,72.00
70.59,70.59,56.98,66.42,69.77
69.06,69.06,59.34,61.12,69.17
70.48,70.48,56.01,62.37,69.71
72.97,72.97,51.83,62.21,69.99
72.99,72.99,51.20,64.16,66.70
72.22,72.22,49.08,64.91,67.04
73.69,73.69,46.47,64.91,67.88
70.81,70.81,46.64,65.34,67.48
71.51,71.51,52.86,66.09,69.35
71.20,71.20,62.34,66.59,70.63
68.46,68.46,69.86,65.91,70.25
68.50,68.50,69.62,67.33,73.08
65.75,65.75,67.52,70.03,74.79
65.22,65.22,64.64,68.44,72.97
64.07,64.07,61.63,68.57,73.52
62.34,62.34,61.37,69.16,74.08
60.42,60.42,61.25,68.64,74.01
60.40,60.40,59.41,70.79,72.18
61.73,61.73,55.51,69.00,73.96
63.25,63.25,53.66,70.00,73.67
65.01,65.01,57.01,67.76,73.41
66.93,66.93,59.62,66.51,73.05
67.97,67.97,58.43,66.27,71.37
72.44,72.44,60.62,65.18,72.15
72.06,72.06,58.52,72.75,72.87
74.06,74.06,56.48,68.45,73.30
72.43,72.43,58.25,67.91,71.74
70.55,70.55,55.38,67.55,71.60
72.22,72.22,55.50,67.88,70.93
72.52,72.52,54.36,69.27,73.94
70.09,70.09,57.08,69.81,72.00
69.49,69.49,54.66,68.59,71.77
71.38,71.38,53.08,67.78,72.03
68.33,68.33,51.06,67.79,71.93
70.11,70.11,51.30,67.64,71.49
72.11,72.11,53.04,67.58,72.07
71.47,71.47,65.51,67.80,72.92
69.96,69.96,78.38,69.25,71.03
62.94,62.94,67.49,67.26,72.69
60.23,60.23,67.24,66.60,72.77
63.38,63.38,57.80,67.97,73.22
62.53,62.53,58.17,68.84,72.74
65.76,65.76,55.72,66.44,73.54
66.20,66.20,55.67,67.96,74.42
58.31,58.31,54.90,68.82,71.69
59.01,59.01,54.96,69.06,72.25
58.26,58.26,54.81,67.62,71.04
57.35,57.35,55.63,66.83,71.70
59.82,59.82,56.97,68.37,71.54
62.87,62.87,59.84,67.17,73.13
61.97,61.97,67.13,70.93,71.74
64.61,64.61,68.14,60.43,71.67
62.38,62.38,70.83,68.21,72.59
59.63,59.63,67.86,69.60,72.05
59.67,59.67,66.77,69.24,72.01
60.04,60.04,68.46,69.36,72.42
59.15,59.15,69.14,67.38,73.35
58.13,58.13,69.79,68.19,72.71
59.71,59.71,67.45,68.85,73.82
57.21,57.21,60.48,69.23,71.25
58.09,58.09,60.62,69.64,71.24
60.32,60.32,63.73,68.37,71.52
62.74,62.74,70.62,62.46,71.00
62.70,62.70,77.18,62.64,70.93
59.02,59.02,68.85,62.66,69.50
58.48,58.48,66.24,58.30,71.06
57.59,57.59,68.23,65.08,70.37
59.96,59.96,60.91,66.61,69.48
60.51,60.51,61.95,65.70,72.09
60.20,60.20,61.16,64.78,70.58
58.71,58.71,60.31,65.20,68.27
60.35,60.35,58.15,65.84,70.08
60.04,60.04,58.02,65.74,70.27
62.40,62.40,58.95,67.77,69.52
65.39,65.39,60.27,63.05,70.40
63.41,63.41,63.75,64.60,69.73
62.21,62.21,73.70,66.78,71.96
59.19,59.19,71.54,70.60,72.36
57.86,57.86,67.60,67.50,71.97
56.36,56.36,63.94,67.55,72.44
56.94,56.94,60.93,66.75,72.40
57.22,57.22,59.58,67.26,71.17
54.51,54.51,63.92,69.14,70.40
52.95,52.95,67.37,67.95,72.01
50.93,50.93,64.64,68.79,70.49
51.21,51.21,61.73,69.46,69.01
55.28,55.28,60.61,67.75,68.41
61.33,61.33,61.91,65.35,69.37
64.80,64.80,61.14,65.29,65.67
72.09,72.09,74.53,64.86,69.07
72.09,72.09,72.77,63.90,68.09
74.71,74.71,71.88,68.71,68.20
73.03,73.03,61.26,66.18,68.18
70.47,70.47,62.78,67.56,69.52
73.55,73.55,61.13,66.63,68.45
73.87,73.87,60.44,72.72,67.35
68.86,68.86,60.02,69.80,68.81
71.48,71.48,59.43,72.71,70.16
67.03,67.03,59.55,72.48,69.75
66.75,66.75,59.65,72.53,71.45
63.32,63.32,54.93,69.83,70.08
66.15,66.15,53.22,74.40,72.02
68.16,68.16,51.64,71.06,69.51
69.35,69.35,51.90,74.97,69.35
73.89,73.89,54.87,71.68,68.12
70.00,70.00,57.85,71.20,67.69
67.03,67.03,57.65,72.74,69.57
68.42,68.42,58.36,70.10,68.26
67.79,67.79,58.27,69.10,70.14
69.17,69.17,57.22,73.86,68.58
70.42,70.42,56.58,71.37,68.81
73.37,73.37,55.85,72.76,68.48
74.20,74.20,56.07,72.85,68.95
71.94,71.94,56.93,70.23,68.57
70.31,70.31,57.23,73.81,67.41
68.12,68.12,64.89,68.65,66.48
67.90,67.90,68.90,72.64,70.79
67.06,67.06,66.00,64.15,69.22
67.12,67.12,66.22,63.85,70.25
67.89,67.89,65.23,68.37,72.04
71.40,71.40,63.85,62.63,71.34
66.39,66.39,62.13,67.59,71.77
63.27,63.27,63.08,70.14,73.66
57.38,57.38,63.55,63.69,72.18
55.42,55.42,57.52,70.33,72.10
63.95,63.95,54.38,69.81,72.58
68.15,68.15,53.12,65.67,71.36
70.78,70.78,52.70,70.57,69.69
69.38,69.38,55.49,65.84,70.03
74.39,74.39,55.37,65.46,69.82
71.44,71.44,54.45,71.52,68.16
71.86,71.86,54.91,67.05,69.09
73.68,73.68,55.17,69.50,67.07
70.07,70.07,54.24,70.42,68.87
72.29,72.29,52.94,66.14,68.14
72.59,72.59,52.18,69.26,67.19
71.91,71.91,53.33,66.85,68.73
72.52,72.52,52.14,66.86,68.64
70.54,70.54,51.83,71.90,68.84
69.42,69.42,51.04,65.35,68.74
72.08,72.08,53.22,62.51,67.01
71.97,71.97,65.31,63.63,69.80
72.53,72.53,69.56,61.88,70.92
68.78,68.78,74.66,57.65,69.55
70.03,70.03,69.07,65.12,69.38
71.73,71.73,67.14,68.22,70.79
72.61,72.61,54.69,69.18,68.20
71.78,71.78,56.67,70.12,67.42
72.16,72.16,55.63,66.83,69.49
70.91,70.91,55.63,70.66,68.32
72.63,72.63,54.42,70.41,70.60
75.62,75.62,52.25,71.39,68.77
70.36,70.36,49.52,68.49,67.22
66.59,66.59,49.05,69.75,69.97
65.75,65.75,57.36,66.76,68.80
68.10,68.10,64.71,64.63,69.33
71.37,71.37,74.73,66.34,68.89
70.37,70.37,73.30,61.75,68.28
70.14,70.14,67.86,62.91,67.18
71.07,71.07,60.28,65.66,67.32
72.91,72.91,60.76,63.76,67.56
66.80,66.80,54.78,63.46,68.81
73.88,73.88,50.79,69.10,69.98
72.85,72.85,49.95,65.48,71.63
73.58,73.58,49.39,66.10,72.48
72.06,72.06,47.14,66.73,70.34
71.21,71.21,47.55,62.54,71.18
68.49,68.49,54.39,67.42,70.27
67.72,67.72,63.89,66.52,69.62
63.19,63.19,73.81,67.54,69.53
62.46,62.46,68.29,72.65,69.92
61.05,61.05,68.39,71.12,70.43
66.05,66.05,65.05,70.61,70.39
62.59,62.59,65.60,69.19,72.10
60.18,60.18,61.01,72.76,70.27
61.25,61.25,61.45,70.24,70.80
70.42,70.42,62.24,73.71,70.35
76.00,76.00,54.48,71.43,69.72
73.31,73.31,54.01,72.23,69.69
66.22,66.22,56.59,70.94,67.23
67.89,67.89,55.84,67.10,66.56
72.05,72.05,56.11,60.03,69.29
70.06,70.06,63.73,57.77,69.14
69.72,69.72,78.00,67.47,68.38
70.11,70.11,69.58,63.29,66.47
71.69,71.69,70.41,64.64,67.10
72.55,72.55,59.70,64.36,67.60
70.16,70.16,56.99,68.59,66.35
68.47,68.47,53.63,70.30,66.72
69.48,69.48,52.82,71.82,68.13
68.42,68.42,47.32,71.60,67.48
69.50,69.50,46.26,68.07,67.24
68.91,68.91,46.30,70.38,67.59
70.36,70.36,45.84,70.66,69.47
70.13,70.13,46.73,71.37,69.38
70.24,70.24,52.44,71.74,67.53
72.50,72.50,57.29,72.17,67.49
69.69,69.69,57.25,71.30,66.49
68.88,68.88,55.34,71.55,67.15
69.92,69.92,52.03,70.27,68.52
68.60,68.60,49.73,72.21,68.26
68.54,68.54,49.24,70.38,66.59
70.45,70.45,46.14,72.50,65.80
70.66,70.66,44.41,72.05,66.52
67.21,67.21,44.56,70.63,66.73
69.14,69.14,47.07,69.20,67.22
71.40,71.40,56.74,68.06,66.95
67.65,67.65,56.99,65.22,65.26
64.02,64.02,76.23,65.36,68.38
67.53,67.53,75.45,63.86,66.18
73.86,73.86,67.72,63.82,66.26
74.03,74.03,59.01,66.08,67.43
70.80,70.80,59.59,64.02,67.98
66.09,66.09,54.24,70.32,66.60
65.47,65.47,50.60,69.36,68.41
69.63,69.63,49.13,68.03,67.10
71.03,71.03,46.61,70.20,67.02
71.31,71.31,46.42,68.22,66.46
74.61,74.61,44.73,70.12,66.89
73.66,73.66,46.28,70.35,65.49
69.23,69.23,53.20,70.25,65.45
66.77,66.77,67.93,69.55,69.74
64.88,64.88,72.03,72.37,69.22
66.21,66.21,72.18,70.99,70.44
64.67,64.67,66.31,71.96,67.65
62.98,62.98,60.58,68.97,67.91
61.89,61.89,62.77,69.74,69.98
57.70,57.70,61.67,71.91,70.54
57.91,57.91,65.64,72.05,71.40
59.70,59.70,59.40,72.07,68.59
54.45,54.45,54.89,71.27,68.52
56.84,56.84,57.40,68.27,67.44
64.88,64.88,57.35,66.88,68.12
65.41,65.41,63.13,63.18,67.72
67.42,67.42,73.08,65.00,69.98
70.55,70.55,71.21,66.33,67.22
73.50,73.50,64.23,69.87,68.20
71.60,71.60,57.15,71.40,68.32
71.38,71.38,52.72,69.91,68.52
73.29,73.29,49.99,70.75,67.56
75.57,75.57,49.14,71.69,67.68
76.61,76.61,46.33,69.41,67.80
74.36,74.36,47.47,70.66,67.24
69.59,69.59,45.01,71.41,66.98
69.49,69.49,44.62,69.54,66.51
70.37,70.37,42.64,70.30,65.94
71.95,71.95,55.97,69.30,66.04
74.45,74.45,63.66,68.28,67.03
70.75,70.75,77.06,68.69,67.29
65.99,65.99,69.32,66.02,66.92
67.18,67.18,69.60,66.58,65.50
65.32,65.32,61.80,69.89,65.38
63.61,63.61,60.41,69.81,66.09
60.48,60.48,58.20,70.28,67.96
61.55,61.55,55.46,69.82,68.69
57.53,57.53,53.93,66.69,66.91
57.25,57.25,52.56,69.97,68.68
54.54,54.54,49.48,66.26,68.19
56.71,56.71,45.57,63.17,67.41
51.32,51.32,52.91,63.32,66.11
51.11,51.11,59.56,66.09,67.79
50.29,50.29,74.39,65.29,68.36
52.46,52.46,79.89,68.92,68.08
49.96,49.96,65.58,68.44,66.71
50.94,50.94,61.05,67.72,67.54
50.66,50.66,61.30,68.12,67.17
53.54,53.54,57.06,68.52,68.78
53.56,53.56,52.64,67.82,67.04
50.39,50.39,52.40,68.57,66.43
52.64,52.64,49.89,70.90,67.79
46.21,46.21,47.27,70.56,65.62
44.12,44.12,49.20,71.90,65.46
44.17,44.17,52.90,71.24,66.06
46.68,46.68,62.01,66.32,66.06
43.41,43.41,77.16,70.22,70.08
41.85,41.85,75.11,70.22,65.72
41.13,41.13,68.79,72.94,70.36
44.56,44.56,62.45,72.33,68.74
43.68,43.68,64.22,71.10,69.83
43.02,43.02,64.12,72.12,67.70
41.82,41.82,65.43,71.32,68.61
44.06,44.06,64.66,71.67,69.66
41.41,41.41,59.03,73.56,68.49
43.02,43.02,61.26,71.68,68.36
42.64,42.64,56.43,70.63,67.64
39.10,39.10,53.40,68.61,66.04
44.31,44.31,57.66,62.49,67.72
47.32,47.32,64.24,60.82,68.71
46.92,46.92,77.89,67.44,69.51
48.36,48.36,71.74,68.33,68.56
48.35,48.35,68.37,72.06,68.62
48.29,48.29,58.12,68.09,68.18
44.06,44.06,61.15,67.06,68.66
46.54,46.54,62.49,66.33,68.28
50.03,50.03,56.69,70.99,69.98
58.16,58.16,56.79,69.80,69.02
67.18,67.18,52.11,67.75,68.56
72.81,72.81,50.83,66.27,68.91
71.74,71.74,50.00,63.77,67.21
70.30,70.30,48.57,53.42,67.43
69.72,69.72,60.01,63.51,71.12
68.97,68.97,73.50,63.41,68.45
70.95,70.95,74.33,65.83,68.33
68.80,68.80,70.54,64.91,67.80
70.04,70.04,62.45,71.74,68.40
71.25,71.25,59.65,70.47,68.47
68.32,68.32,55.21,69.04,68.93
68.57,68.57,49.90,72.60,66.77
67.56,67.56,51.39,67.85,66.99
68.90,68.90,50.98,73.86,68.21
69.52,69.52,50.51,72.52,67.12
69.88,69.88,50.30,70.97,70.14
68.16,68.16,46.96,71.55,67.78
67.77,67.77,48.58,72.67,69.20
66.28,66.28,52.65,68.95,68.23
64.48,64.48,54.42,73.61,66.64
64.16,64.16,53.17,72.42,67.44
66.02,66.02,51.52,71.74,66.06
70.87,70.87,61.86,71.82,67.08
67.63,67.63,64.08,70.85,67.03
65.94,65.94,60.75,71.28,66.26
65.51,65.51,53.42,73.32,66.33
62.60,62.60,48.18,69.66,67.55
61.88,61.88,50.88,72.11,67.21
59.99,59.99,50.02,70.72,65.71
59.44,59.44,50.70,70.69,62.86
67.07,67.07,60.10,71.90,65.52
73.87,73.87,69.35,67.65,72.78
74.78,74.78,73.29,71.57,72.72
71.87,71.87,69.62,69.38,68.28
69.96,69.96,65.56,69.90,67.02
72.25,72.25,62.75,72.54,67.83
72.07,72.07,61.68,70.24,66.26
71.60,71.60,63.45,71.57,66.09
70.83,70.83,64.10,72.09,65.88
71.00,71.00,60.71,72.05,65.75
73.12,73.12,57.61,72.65,64.90
74.01,74.01,57.84,72.20,65.13
75.62,75.62,56.17,72.64,63.79
77.38,77.38,54.30,71.92,65.26
75.95,75.95,51.65,70.29,64.51
72.53,72.53,55.64,71.77,67.17
73.72,73.72,54.00,71.64,69.39
73.78,73.78,50.45,72.55,67.23
75.16,75.16,50.21,70.96,66.80
68.90,68.90,47.94,73.64,67.90
68.54,68.54,50.51,70.62,67.86
71.09,71.09,50.27,72.93,68.39
67.44,67.44,45.93,71.69,67.98
65.07,65.07,45.46,72.39,67.91
66.77,66.77,45.19,70.69,66.80
67.39,67.39,45.75,71.62,67.26
70.05,70.05,56.90,67.59,66.43
71.17,71.17,65.38,66.21,68.83
70.61,70.61,73.26,64.36,68.72
67.79,67.79,72.15,64.35,68.49
67.97,67.97,72.33,65.97,67.65
69.49,69.49,62.90,68.25,67.83
70.56,70.56,58.40,70.35,68.07
66.48,66.48,58.11,67.57,69.78
67.31,67.31,56.00,72.11,69.82
72.93,72.93,53.43,69.69,71.57
71.21,71.21,51.54,70.43,69.77
68.16,68.16,47.16,70.96,68.97
66.78,66.78,45.01,66.82,69.24
66.13,66.13,44.32,67.18,69.54
65.09,65.09,57.79,68.23,66.29
63.12,63.12,69.94,63.85,66.25
62.45,62.45,77.85,69.44,67.54
63.07,63.07,70.89,64.43,64.68
73.83,73.83,70.07,60.70,63.72
75.91,75.91,61.42,68.32,65.17
72.89,72.89,49.44,69.94,63.80
67.31,67.31,54.12,72.04,62.42
69.80,69.80,50.81,70.83,62.62
72.38,72.38,50.57,73.30,62.19
73.94,73.94,45.31,71.10,62.58
74.43,74.43,43.53,71.87,64.84
70.94,70.94,43.94,70.50,62.83
69.70,69.70,52.90,71.53,63.54
70.75,70.75,62.74,68.61,68.77
68.53,68.53,73.09,73.17,69.71
70.02,70.02,71.17,71.05,68.34
72.91,72.91,69.22,71.05,69.98
66.12,66.12,62.44,72.14,67.10
63.81,63.81,65.22,70.99,66.15
66.11,66.11,68.60,69.88,70.12
69.10,69.10,71.71,72.41,68.33
66.27,66.27,69.53,69.74,68.86
61.47,61.47,62.34,71.27,67.15
64.09,64.09,58.61,62.85,64.38
64.89,64.89,55.35,62.32,64.90
66.06,66.06,53.71,61.74,63.13
67.88,67.88,59.00,65.60,69.59
70.35,70.35,70.61,69.48,71.04
71.12,71.12,75.71,67.01,68.81
71.03,71.03,69.96,63.63,67.66
67.19,67.19,59.86,62.11,66.46
70.47,70.47,58.99,64.31,65.37
70.97,70.97,54.89,66.01,64.87
69.25,69.25,55.73,65.96,63.69
68.73,68.73,49.92,67.00,63.69
71.34,71.34,50.05,68.54,65.57
69.88,69.88,51.43,65.63,66.70
71.41,71.41,50.51,68.41,65.25
70.03,70.03,47.47,67.46,65.88
71.38,71.38,48.61,66.03,65.12
71.64,71.64,54.05,65.40,65.46
70.80,70.80,58.53,67.64,65.47
72.14,72.14,57.06,68.44,63.72
73.26,73.26,53.97,67.12,64.49
71.39,71.39,49.70,68.40,64.54
61.98,61.98,48.77,67.11,63.12
60.54,60.54,45.14,65.25,64.97
57.98,57.98,41.83,67.91,65.42
57.92,57.92,39.90,67.25,64.85
64.44,64.44,39.77,67.98,65.72
67.33,67.33,44.79,65.86,64.42
65.98,65.98,49.71,66.78,63.48
65.21,65.21,59.40,64.82,67.27
66.94,66.94,75.94,66.60,67.75
66.38,66.38,73.50,64.26,68.14
67.05,67.05,70.51,66.94,67.24
69.79,69.79,65.01,65.76,65.30
67.26,67.26,57.22,69.71,68.93
69.40,69.40,60.98,71.17,68.19
71.49,71.49,50.43,70.87,68.15
69.08,69.08,49.43,70.04,68.68
69.74,69.74,49.08,70.37,67.26
68.29,68.29,48.12,69.77,67.50
70.40,70.40,47.39,69.88,65.76
70.11,70.11,52.44,69.70,66.93
70.57,70.57,56.22,69.33,66.15
71.41,71.41,70.47,68.97,68.25
71.91,71.91,70.24,67.21,65.83
71.54,71.54,68.06,67.30,68.75
65.28,65.28,61.14,69.09,68.55
59.56,59.56,59.13,67.58,68.33
60.59,60.59,58.74,69.08,68.75
57.94,57.94,61.62,67.47,67.99
58.62,58.62,63.53,65.47,68.59
64.81,64.81,56.61,67.53,70.99
66.28,66.28,47.11,67.58,69.47
68.01,68.01,51.29,67.57,67.57
69.47,69.47,52.73,67.40,65.54
68.54,68.54,50.67,70.18,67.18
69.08,69.08,50.77,65.68,64.69
71.87,71.87,50.66,69.96,66.16
71.71,71.71,51.60,66.86,67.41
72.25,72.25,50.31,68.31,67.58
75.03,75.03,48.81,68.25,66.37
69.61,69.61,47.34,66.29,65.25
71.20,71.20,47.53,67.12,65.89
68.78,68.78,47.77,66.30,65.46
68.25,68.25,49.45,66.47,64.71
68.03,68.03,50.44,67.89,62.95
66.80,66.80,48.06,68.40,63.88
66.57,66.57,50.86,68.47,64.41
67.22,67.22,54.00,67.43,65.19
68.08,68.08,74.92,65.93,67.75
66.52,66.52,74.08,67.62,66.66
67.12,67.12,69.42,64.93,67.76
63.86,63.86,62.14,62.91,66.35
64.09,64.09,61.07,65.96,66.68
66.14,66.14,60.39,64.52,67.53
64.14,64.14,56.39,64.98,67.68
59.61,59.61,55.47,65.69,68.33
58.04,58.04,53.90,67.63,67.09
60.17,60.17,50.56,68.51,66.92
58.28,58.28,46.98,67.55,67.01
63.02,63.02,49.75,66.09,66.00
60.17,60.17,55.36,65.28,65.39
59.99,59.99,65.37,67.28,66.69
55.18,55.18,78.87,65.41,69.68
53.75,53.75,74.79,65.62,66.91
57.34,57.34,68.30,65.02,64.60
54.16,54.16,60.74,63.86,65.69
50.63,50.63,52.86,65.31,65.74
51.52,51.52,52.01,64.77,65.43
51.21,51.21,47.23,64.20,66.99
49.01,49.01,39.53,64.82,66.70
47.63,47.63,44.92,65.84,66.79
47.92,47.92,43.69,66.02,66.95
45.91,45.91,49.21,66.57,66.66
42.40,42.40,54.44,67.24,65.61
43.59,43.59,68.48,67.69,67.04
43.45,43.45,71.86,71.05,69.36
41.16,41.16,70.71,67.94,68.34
42.52,42.52,67.72,66.96,67.43
43.57,43.57,64.41,69.41,69.85
41.67,41.67,62.74,68.97,68.09
42.61,42.61,61.85,68.07,67.97
41.37,41.37,63.03,69.07,67.59
42.53,42.53,61.40,69.95,67.80
40.71,40.71,57.57,71.02,66.45
42.02,42.02,57.70,70.88,67.64
40.31,40.31,57.87,70.59,67.51
36.71,36.71,56.89,68.04,66.65
36.38,36.38,70.34,63.53,67.32
36.18,36.18,77.34,64.23,68.47
38.09,38.09,67.82,66.07,67.10
40.21,40.21,70.70,66.26,70.57
43.78,43.78,64.83,64.78,69.89
40.11,40.11,61.88,66.78,67.47
44.21,44.21,62.69,69.03,67.27
42.96,42.96,61.09,71.28,68.48
42.13,42.13,58.28,70.94,64.60
43.02,43.02,59.39,70.67,67.05
45.87,45.87,57.93,70.74,65.82
50.27,50.27,56.40,71.66,68.48
53.54,53.54,54.98,73.06,65.77
58.30,58.30,60.84,73.54,65.30
66.94,66.94,75.90,72.13,69.03
74.40,74.40,74.66,69.20,69.89
76.92,76.92,66.84,64.07,71.35
70.62,70.62,62.29,64.52,66.98
71.71,71.71,59.65,65.82,64.89
70.72,70.72,54.98,67.44,67.46
70.05,70.05,47.40,67.66,66.17
73.31,73.31,50.02,69.87,66.12
74.62,74.62,46.58,70.56,67.39
69.03,69.03,48.00,69.61,66.27
69.78,69.78,48.26,67.00,68.15
71.03,71.03,49.20,69.23,64.49
66.43,66.43,48.28,71.21,66.98
67.37,67.37,54.95,71.22,66.07
71.68,71.68,56.50,70.64,66.76
69.68,69.68,52.99,71.73,64.31
66.63,66.63,51.65,71.42,66.32
62.12,62.12,45.57,70.61,67.50
65.12,65.12,43.01,70.59,64.68
68.06,68.06,42.44,70.33,67.39
68.79,68.79,39.80,70.62,66.53
68.50,68.50,39.72,70.05,65.81
67.57,67.57,38.56,70.34,66.23
65.96,65.96,41.95,70.59,67.74
63.27,63.27,46.61,69.99,68.30
62.84,62.84,56.20,70.07,68.99
62.64,62.64,65.85,68.63,71.14
64.81,64.81,76.04,69.13,68.07
71.58,71.58,74.45,69.28,69.78
67.94,67.94,69.62,67.64,67.27
68.69,68.69,64.52,66.99,63.92
63.93,63.93,61.92,67.45,67.83
67.01,67.01,67.54,62.59,69.41
70.22,70.22,64.00,66.66,67.14
69.77,69.77,61.96,68.91,66.08
68.57,68.57,55.02,66.03,64.50
67.48,67.48,54.95,68.96,66.93
64.17,64.17,57.30,70.21,65.75
62.37,62.37,53.55,70.02,65.76
65.13,65.13,56.09,69.48,65.06
65.77,65.77,60.87,71.52,67.09
64.89,64.89,56.85,70.66,67.59
67.24,67.24,53.95,70.69,67.45
64.78,64.78,51.70,71.96,66.72
64.19,64.19,51.41,70.80,68.73
65.77,65.77,49.78,70.24,66.78
69.35,69.35,48.34,69.34,65.64
73.34,73.34,47.54,70.35,64.45
74.90,74.90,44.71,70.04,67.64
75.58,75.58,44.32,69.66,66.34
74.37,74.37,43.58,69.27,65.71
76.06,76.06,49.26,68.21,65.82
73.36,73.36,56.60,67.63,65.54
68.47,68.47,76.43,67.14,66.73
73.02,73.02,73.82,65.76,65.74
71.05,71.05,67.81,67.83,65.73
71.02,71.02,59.50,68.62,67.70
70.05,70.05,59.54,68.38,65.68
71.97,71.97,59.66,68.03,65.34
72.18,72.18,57.10,68.29,69.85
70.59,70.59,54.88,69.03,67.55
69.06,69.06,54.08,67.28,66.25
73.21,73.21,52.88,68.48,66.48
70.46,70.46,50.71,68.94,67.16
64.57,64.57,50.96,69.37,65.70
65.03,65.03,55.61,70.11,65.99
68.66,68.66,67.73,66.57,68.88
67.81,67.81,79.58,67.00,68.49
67.88,67.88,67.31,65.19,67.03
67.78,67.78,70.09,66.05,68.12
69.61,69.61,57.97,70.87,67.70
74.23,74.23,54.99,70.11,64.74
76.37,76.37,52.10,66.28,65.35
73.47,73.47,47.87,65.59,66.09
67.84,67.84,47.49,70.56,65.79
71.85,71.85,45.82,71.24,66.64
74.55,74.55,45.54,70.01,67.79
73.65,73.65,50.24,70.61,65.77
75.04,75.04,55.47,71.88,65.98
73.41,73.41,70.46,70.98,66.65
66.77,66.77,74.93,69.61,68.56
67.83,67.83,67.12,68.77,67.68
68.85,68.85,60.65,66.04,70.73
70.05,70.05,61.50,71.28,70.11
71.05,71.05,62.06,72.93,68.57
69.53,69.53,59.16,71.30,68.12
71.90,71.90,61.46,69.49,65.31
71.59,71.59,60.92,69.53,66.34
73.57,73.57,55.59,69.00,67.07
74.55,74.55,53.60,68.89,68.58
73.49,73.49,53.85,71.23,67.59
69.16,69.16,54.90,65.46,64.71
68.53,68.53,58.80,68.27,66.87
69.49,69.49,63.13,68.11,68.01
70.02,70.02,78.67,70.08,67.55
68.47,68.47,71.62,67.36,67.16
67.97,67.97,67.63,69.57,66.95
69.28,69.28,57.43,69.05,65.56
65.55,65.55,57.90,70.44,67.37
71.32,71.32,59.19,67.15,66.20
65.62,65.62,48.81,66.51,67.11
72.99,72.99,47.26,70.69,67.81
75.58,75.58,45.03,71.86,68.74
74.01,74.01,45.80,73.48,67.97
73.22,73.22,44.61,72.71,69.56
75.25,75.25,48.55,71.06,67.06
69.29,69.29,56.47,72.97,68.12
67.65,67.65,59.22,71.67,68.29
67.33,67.33,58.53,73.08,68.83
65.37,65.37,55.30,73.99,69.51
62.67,62.67,52.10,72.27,68.90
60.51,60.51,50.73,73.83,68.90
60.06,60.06,46.82,72.44,69.00
58.34,58.34,44.99,72.43,69.49
53.92,53.92,42.66,73.53,68.67
55.38,55.38,41.38,72.22,67.90
56.92,56.92,41.46,74.15,68.87
62.10,62.10,48.35,70.15,69.78
70.39,70.39,57.32,66.40,67.63
76.84,76.84,62.72,59.39,68.06
75.20,75.20,77.09,63.42,67.06
69.73,69.73,72.27,62.42,68.26
65.08,65.08,66.84,66.50,66.61
65.37,65.37,60.51,66.55,66.33
64.28,64.28,59.82,69.42,67.85
65.02,65.02,58.84,67.71,67.86
64.28,64.28,47.23,66.66,67.06
63.55,63.55,49.22,65.85,67.01
65.47,65.47,49.44,65.89,66.83
67.37,67.37,49.32,64.18,66.34
68.14,68.14,49.90,66.54,64.98
69.31,69.31,63.60,67.78,68.30
67.81,67.81,70.60,66.54,70.70
67.70,67.70,64.98,66.86,68.74
69.19,69.19,63.49,65.90,69.15
67.81,67.81,65.46,61.59,69.08
67.17,67.17,65.76,65.67,67.91
66.39,66.39,63.56,67.93,68.61
68.37,68.37,63.73,67.44,69.46
70.47,70.47,65.27,66.27,71.31
67.75,67.75,62.24,66.08,69.03
63.88,63.88,59.85,64.10,69.48
51.51,51.51,54.44,60.54,69.66
52.08,52.08,54.03,61.28,68.32
55.75,55.75,53.67,61.39,66.09
67.54,67.54,58.16,64.20,67.63
73.84,73.84,63.15,66.81,67.31
68.19,68.19,67.19,72.37,64.07
71.12,71.12,57.99,69.49,63.99
71.59,71.59,56.36,66.60,64.25
73.05,73.05,50.69,69.25,65.49
70.72,70.72,47.82,70.24,63.95
71.54,71.54,50.11,68.82,63.48
71.54,71.54,46.40,68.28,64.82
71.46,71.46,46.76,69.77,61.47
70.82,70.82,46.59,71.06,62.81
70.02,70.02,43.42,69.82,63.75
71.64,71.64,45.24,70.94,62.45
70.25,70.25,54.37,68.31,63.50
69.57,69.57,64.56,66.53,63.93
68.43,68.43,76.76,66.00,65.07
68.94,68.94,70.70,61.54,65.51
69.17,69.17,67.21,62.26,62.80
71.42,71.42,62.89,69.51,67.78
66.97,66.97,61.72,69.74,65.44
63.00,63.00,57.17,70.82,66.88
60.11,60.11,57.07,70.06,66.31
57.28,57.28,56.73,71.04,66.72
55.94,55.94,54.84,71.96,66.69
56.35,56.35,50.15,70.29,65.81
59.89,59.89,50.11,71.73,67.01
60.70,60.70,45.30,64.00,65.10
64.20,64.20,50.66,62.45,66.01
68.43,68.43,62.73,64.27,67.63
68.10,68.10,77.77,69.80,68.24
68.90,68.90,75.59,66.94,65.64
70.86,70.86,62.19,68.22,66.37
68.19,68.19,56.08,66.46,66.40
68.68,68.68,56.12,67.92,67.33
70.27,70.27,51.77,61.71,65.36
70.59,70.59,47.06,65.82,65.21
71.93,71.93,46.89,69.45,65.28
69.20,69.20,46.70,68.61,65.92
68.89,68.89,46.04,68.65,65.22
67.07,67.07,47.28,67.26,66.66
56.41,56.41,50.36,67.21,64.81
59.47,59.47,63.74,67.62,67.27
62.47,62.47,68.44,70.74,68.06
62.89,62.89,68.17,73.50,68.27
63.62,63.62,64.18,67.68,69.54
66.41,66.41,57.26,67.07,66.71
66.18,66.18,57.06,67.26,68.01
66.41,66.41,53.70,64.47,66.80
67.63,67.63,64.90,66.77,65.95
64.48,64.48,60.95,66.86,66.14
60.36,60.36,51.25,68.88,66.20
54.94,54.94,53.51,64.69,65.28
56.38,56.38,55.04,68.01,64.98
58.89,58.89,59.45,63.09,66.24
69.19,69.19,67.83,63.23,66.71
72.05,72.05,79.47,67.09,65.34
72.70,72.70,71.84,67.23,65.89
70.67,70.67,65.62,64.27,63.54
73.05,73.05,62.40,61.82,64.48
73.98,73.98,62.08,62.35,64.60
69.51,69.51,60.92,66.40,64.78
72.11,72.11,59.55,68.07,65.72
74.04,74.04,57.42,67.81,66.04
72.48,72.48,53.55,67.74,66.07
73.59,73.59,52.78,69.09,65.09
71.93,71.93,52.54,65.32,65.82
70.52,70.52,52.28,63.29,66.33
71.46,71.46,58.15,63.68,69.79
71.19,71.19,65.96,64.99,70.34
70.66,70.66,77.88,69.21,71.59
71.29,71.29,68.64,61.43,68.60
71.09,71.09,66.61,64.66,66.68
71.06,71.06,61.62,68.76,67.32
68.85,68.85,60.16,68.74,65.95
69.76,69.76,53.81,68.63,66.22
71.79,71.79,50.08,65.75,64.67
71.77,71.77,48.51,71.51,63.36
69.34,69.34,49.71,71.20,66.77
70.68,70.68,47.09,69.19,67.57
66.13,66.13,44.94,70.79,66.65
72.95,72.95,47.78,71.09,66.84
71.08,71.08,55.41,68.75,64.79
68.99,68.99,55.83,71.10,65.46
70.94,70.94,56.03,69.12,65.85
70.80,70.80,54.76,70.20,65.39
73.65,73.65,52.93,70.24,65.35
71.27,71.27,51.19,68.97,66.32
73.39,73.39,49.97,70.76,65.88
71.30,71.30,48.22,69.12,67.51
70.15,70.15,45.65,68.24,68.49
70.53,70.53,43.04,70.17,66.81
70.97,70.97,44.99,66.52,66.03
68.27,68.27,48.62,71.42,64.40
69.17,69.17,56.36,72.64,65.18
71.27,71.27,63.43,66.91,66.11
71.17,71.17,72.21,59.41,66.33
67.74,67.74,69.12,71.88,67.67
60.96,60.96,68.03,71.50,68.27
56.50,56.50,65.14,70.34,66.51
55.06,55.06,64.44,70.98,66.91
53.98,53.98,62.75,73.42,68.09
53.62,53.62,64.78,67.51,67.86
52.32,52.32,68.19,74.40,68.47
50.48,50.48,61.76,69.68,69.71
48.36,48.36,56.07,73.33,69.53
47.04,47.04,53.59,71.73,70.73
49.90,49.90,53.96,70.13,68.77
49.26,49.26,57.84,71.89,70.26
47.36,47.36,58.43,71.62,70.43
46.22,46.22,58.18,68.96,69.07
44.19,44.19,58.26,74.48,72.15
41.43,41.43,58.53,69.06,70.22
42.67,42.67,53.95,73.83,69.87
43.76,43.76,54.84,72.74,70.27
44.17,44.17,52.27,70.17,67.92
47.19,47.19,53.09,71.56,67.30
53.30,53.30,49.64,72.61,68.85
54.82,54.82,44.03,68.74,67.14
60.98,60.98,44.68,73.86,66.09
69.06,69.06,53.51,71.76,68.60
73.45,73.45,63.04,69.68,64.48
71.31,71.31,76.20,68.79,66.45
69.04,69.04,74.80,65.68,68.39
70.31,70.31,66.62,60.63,64.57
68.59,68.59,62.87,66.33,66.55
71.95,71.95,57.93,70.89,67.67
70.74,70.74,58.31,68.95,66.30
69.26,69.26,53.96,71.71,65.64
70.14,70.14,52.50,71.61,68.38
68.26,68.26,53.99,72.29,68.41
67.01,67.01,50.68,70.36,67.94
68.21,68.21,51.44,73.44,66.61
70.55,70.55,52.11,70.25,67.26
70.24,70.24,52.46,69.35,68.82
65.60,65.60,66.76,68.22,67.33
67.32,67.32,72.88,65.51,68.27
69.22,69.22,70.41,58.46,69.11
70.20,70.20,72.31,62.22,68.60
71.82,71.82,59.48,67.73,66.41
71.91,71.91,52.00,67.63,68.96
70.91,70.91,53.08,71.68,68.34
72.51,72.51,47.78,69.58,67.53
72.49,72.49,46.37,70.03,68.07
74.31,74.31,47.97,72.32,68.43
70.85,70.85,48.21,64.76,67.11
71.37,71.37,50.68,71.10,67.76
70.55,70.55,54.88,70.01,66.54
70.24,70.24,65.59,67.72,71.08
70.25,70.25,67.65,64.31,69.79
71.21,71.21,67.11,70.44,67.78
72.00,72.00,65.42,67.26,72.07
71.84,71.84,63.52,66.14,70.32
74.49,74.49,63.24,68.68,72.50
73.50,73.50,58.92,65.15,72.21
73.99,73.99,59.14,66.38,68.13
69.13,69.13,57.42,68.16,69.45
70.33,70.33,56.26,65.44,69.52
70.86,70.86,54.42,67.59,68.20
72.36,72.36,52.68,69.13,68.13
73.16,73.16,55.82,70.55,65.15
71.91,71.91,61.60,67.41,64.90
75.24,75.24,70.42,67.36,67.69
72.44,72.44,76.69,65.94,64.77
72.09,72.09,69.58,64.13,64.86
73.18,73.18,61.46,65.57,66.02
72.79,72.79,56.18,62.83,66.10
72.85,72.85,57.21,67.32,64.53
72.50,72.50,53.50,66.27,66.28
72.50,72.50,51.66,68.29,65.46
74.27,74.27,48.11,67.26,65.63
73.99,73.99,45.48,68.94,67.09
71.95,71.95,44.17,67.69,66.49
74.77,74.77,43.85,67.77,67.31
76.08,76.08,51.13,66.67,67.72
74.83,74.83,56.47,63.97,66.52
75.28,75.28,59.58,63.79,65.36
74.80,74.80,55.53,65.45,66.59
73.87,73.87,53.47,65.45,67.42
67.42,67.42,52.96,65.24,65.88
72.19,72.19,52.13,65.51,66.38
70.06,70.06,47.54,67.27,66.40
69.69,69.69,46.98,67.91,67.39
67.05,67.05,43.86,67.31,65.52
66.29,66.29,42.57,65.86,67.66
63.18,63.18,42.33,65.45,66.66
66.90,66.90,49.62,63.00,66.14
64.59,64.59,63.52,53.94,67.22
63.38,63.38,73.80,58.88,70.12
60.06,60.06,72.80,58.63,72.08
62.25,62.25,66.95,60.98,71.08
62.45,62.45,59.90,61.05,71.60
60.08,60.08,56.33,65.90,72.51
63.59,63.59,55.13,65.41,72.26
61.15,61.15,53.87,67.54,72.93
60.40,60.40,50.37,67.05,72.94
62.26,62.26,47.89,67.47,72.17
60.44,60.44,44.34,67.25,71.90
60.31,60.31,44.20,67.76,72.69
59.85,59.85,52.87,68.26,73.52
59.33,59.33,58.18,68.36,71.05
57.90,57.90,70.29,67.92,72.10
52.17,52.17,73.60,67.34,73.59
51.12,51.12,72.82,68.09,74.47
53.50,53.50,62.12,67.94,74.35
53.56,53.56,61.12,68.49,72.82
51.28,51.28,61.35,69.04,73.91
52.88,52.88,62.09,70.69,73.64
50.63,50.63,60.43,67.08,73.80
52.37,52.37,55.10,67.89,73.32
49.24,49.24,54.15,70.80,72.48
50.98,50.98,56.31,69.30,71.10
51.73,51.73,57.89,69.21,71.94
47.62,47.62,59.17,66.77,73.21
48.51,48.51,71.35,57.91,74.27
50.31,50.31,78.16,64.85,73.30
44.72,44.72,71.00,65.15,72.48
43.50,43.50,62.75,61.66,73.50
44.43,44.43,60.29,67.25,72.31
45.22,45.22,61.60,67.08,74.36
46.63,46.63,60.37,64.98,73.66
43.28,43.28,58.70,65.73,75.63
43.82,43.82,57.43,67.20,71.90
43.49,43.49,51.91,67.93,72.61
44.47,44.47,48.43,66.56,73.72
43.59,43.59,48.44,66.11,72.88
42.59,42.59,57.92,63.35,72.31
47.35,47.35,68.65,63.53,71.73
45.17,45.17,79.70,66.42,73.13
43.40,43.40,69.18,64.98,73.25
44.75,44.75,63.80,66.87,71.94
46.06,46.06,59.39,67.38,70.26
46.13,46.13,57.85,68.74,72.20
41.95,41.95,52.71,67.49,73.27
44.04,44.04,49.99,65.09,73.36
48.93,48.93,48.07,64.46,72.32
48.01,48.01,45.60,65.97,72.27
48.96,48.96,45.10,68.77,72.56
46.96,46.96,49.82,64.72,71.21
44.44,44.44,56.89,65.04,70.73
43.68,43.68,67.27,65.96,72.10
42.62,42.62,70.41,69.72,73.56
35.88,35.88,68.46,67.90,72.63
33.45,33.45,66.87,58.48,73.62
32.08,32.08,61.33,66.55,72.84
30.98,30.98,61.19,63.07,73.45
32.04,32.04,67.02,62.02,74.52
30.70,30.70,68.37,62.69,72.92
30.81,30.81,67.41,63.77,72.47
31.96,31.96,62.50,64.07,74.16
30.80,30.80,60.30,65.08,72.56
32.28,32.28,58.73,65.01,72.44
33.40,33.40,61.30,63.53,71.58
33.90,33.90,68.73,57.41,72.13
34.07,34.07,75.95,60.09,74.09
35.89,35.89,75.25,62.48,71.62
35.95,35.95,66.36,65.69,72.74
36.95,36.95,58.65,65.50,73.52
39.00,39.00,60.24,64.56,74.01
38.89,38.89,56.21,66.15,73.59
38.71,38.71,55.81,68.18,74.22
37.80,37.80,54.42,67.74,72.30
37.82,37.82,55.44,67.92,72.82
39.53,39.53,53.65,67.03,72.62
40.73,40.73,54.21,65.81,70.17
40.37,40.37,56.46,66.23,72.51
41.98,41.98,66.76,60.15,73.25
40.02,40.02,70.51,72.13,73.93
34.57,34.57,70.11,69.44,74.03
32.81,32.81,66.33,67.21,73.89
30.96,30.96,63.02,67.16,72.86
32.01,32.01,61.83,68.13,72.39
29.46,29.46,62.74,68.60,72.19
30.47,30.47,70.02,69.24,72.64
34.44,34.44,69.20,70.48,72.04
37.93,37.93,65.31,68.56,73.82
38.57,38.57,63.27,69.76,72.21
38.43,38.43,64.82,66.04,72.78
36.33,36.33,63.45,58.49,71.56
31.12,31.12,66.62,51.46,74.08
30.78,30.78,79.87,69.20,73.89
28.74,28.74,72.05,64.32,74.35
29.42,29.42,66.87,68.51,74.85
32.43,32.43,65.25,65.90,73.79
31.65,31.65,64.85,71.86,74.20
37.23,37.23,65.23,71.83,73.30
35.85,35.85,63.76,71.33,72.48
32.80,32.80,63.89,72.88,75.38
38.39,38.39,63.23,70.79,73.53
42.59,42.59,63.12,70.59,72.65
34.53,34.53,63.86,72.44,74.79
28.86,28.86,62.70,71.48,73.07
30.06,30.06,63.97,74.28,74.37
33.40,33.40,63.21,73.51,74.92
37.70,37.70,63.00,69.64,74.07
38.02,38.02,62.73,73.01,74.33
35.92,35.92,61.19,73.34,73.22
34.27,34.27,61.36,72.24,71.30
34.37,34.37,60.67,74.08,71.64
30.59,30.59,60.05,72.29,73.17
32.34,32.34,59.16,72.56,72.78
37.21,37.21,60.27,75.49,73.49
38.39,38.39,59.67,71.11,73.48
36.72,36.72,58.86,75.08,74.07
36.25,36.25,58.80,71.98,73.92
31.99,31.99,58.80,74.19,71.54
29.79,29.79,65.02,72.97,71.91
27.51,27.51,73.12,74.16,73.65
29.83,29.83,71.04,70.98,73.01
34.31,34.31,65.83,68.87,72.76
31.40,31.40,63.36,72.27,73.93
31.20,31.20,64.34,70.87,73.40
30.48,30.48,64.33,72.16,72.14
31.17,31.17,60.91,73.45,71.19
29.51,29.51,59.06,71.90,71.93
29.97,29.97,57.31,74.36,74.66
33.23,33.23,59.45,71.98,73.18
30.96,30.96,59.82,73.19,73.24
29.88,29.88,57.49,73.27,72.71
33.83,33.83,56.93,71.38,72.53
32.60,32.60,58.19,72.61,72.30
34.92,34.92,56.90,74.65,72.22
37.14,37.14,56.81,74.38,71.30
33.66,33.66,55.95,73.53,73.22
35.05,35.05,55.04,73.68,72.13
32.80,32.80,54.57,73.50,71.49
29.76,29.76,52.28,74.93,71.42
30.94,30.94,50.64,71.93,70.65
33.84,33.84,51.79,74.09,72.54
34.67,34.67,51.01,73.65,72.71
34.59,34.59,49.81,72.71,71.64
32.17,32.17,55.38,71.30,72.18
31.70,31.70,65.30,71.60,73.43
31.71,31.71,71.71,67.83,77.16
31.35,31.35,72.87,71.26,73.14
33.39,33.39,69.09,63.94,72.07
31.61,31.61,61.30,69.12,74.23
32.56,32.56,55.04,72.55,73.65
33.93,33.93,55.52,66.71,74.12
34.95,34.95,55.39,67.58,73.06
35.21,35.21,54.76,71.33,74.40
37.80,37.80,51.53,64.97,74.32
42.90,42.90,49.96,71.20,74.35
42.34,42.34,48.08,69.27,72.96
39.15,39.15,49.14,69.85,73.20
36.97,36.97,57.78,71.82,72.42
31.36,31.36,68.32,69.62,75.75
24.85,24.85,79.06,71.82,72.26
22.78,22.78,68.60,67.99,72.17
26.49,26.49,64.28,68.71,70.62
33.11,33.11,59.20,67.52,71.62
32.87,32.87,56.38,71.46,74.42
27.86,27.86,54.46,73.05,74.22
28.00,28.00,51.82,71.18,74.94
27.68,27.68,51.54,75.36,74.47
25.79,25.79,50.30,71.45,73.73
24.60,24.60,50.82,73.70,74.44
23.11,23.11,53.82,73.18,74.49
21.38,21.38,58.10,71.67,71.09
22.39,22.39,72.15,73.85,73.33
23.44,23.44,72.25,63.88,72.52
27.09,27.09,70.53,63.21,73.76
24.75,24.75,64.88,64.67,74.09
22.24,22.24,62.52,67.27,73.40
25.00,25.00,60.97,65.52,71.86
27.47,27.47,61.04,67.70,73.09
22.92,22.92,60.77,62.76,72.50
24.48,24.48,56.82,67.19,72.66
31.10,31.10,54.50,67.54,70.62
31.58,31.58,55.45,64.71,71.51
25.39,25.39,54.75,68.60,71.24
25.30,25.30,54.80,59.36,72.68
25.42,25.42,62.28,63.78,72.70
23.82,23.82,75.03,67.84,73.94
19.77,19.77,77.19,66.39,73.09
19.73,19.73,68.04,65.04,72.03
18.63,18.63,63.54,62.56,72.28
19.19,19.19,59.78,65.98,73.92
20.49,20.49,57.12,66.03,72.74
22.46,22.46,54.05,67.33,74.01
24.68,24.68,49.23,66.46,72.82
28.86,28.86,47.24,70.36,73.49
28.19,28.19,46.28,69.11,71.87
27.77,27.77,46.23,66.92,71.93
25.01,25.01,48.14,66.28,72.96
21.19,21.19,50.86,68.29,73.19
18.82,18.82,58.48,64.83,72.96
17.51,17.51,60.79,72.44,74.62
19.80,19.80,58.62,69.98,75.11
26.02,26.02,57.20,70.89,74.72
27.67,27.67,53.29,68.21,74.87
28.62,28.62,51.61,68.77,73.53
28.33,28.33,48.57,67.92,74.59
29.17,29.17,45.25,70.09,74.03
29.38,29.38,44.66,68.75,73.67
29.03,29.03,43.87,69.38,72.86
29.19,29.19,47.55,66.10,71.14
28.92,28.92,53.65,63.77,72.73
23.42,23.42,56.47,67.58,72.52
20.00,20.00,68.21,68.66,74.69
18.53,18.53,78.30,69.84,71.64
21.65,21.65,72.63,67.73,73.90
25.76,25.76,68.24,67.14,74.70
26.56,26.56,56.35,71.52,74.67
28.38,28.38,58.07,71.23,74.98
27.73,27.73,52.51,69.57,73.41
29.09,29.09,46.07,66.80,72.88
30.45,30.45,47.81,69.73,71.28
28.78,28.78,44.08,71.94,72.38
27.23,27.23,43.27,70.49,70.77
22.02,22.02,50.50,71.42,71.79
21.18,21.18,54.86,68.57,71.52
13.76,13.76,67.73,70.18,72.85
16.63,16.63,71.11,71.13,74.19
14.98,14.98,68.66,72.26,72.25
14.41,14.41,65.80,70.63,74.13
12.57,12.57,61.25,69.36,72.38
12.07,12.07,61.72,66.58,72.39
13.23,13.23,59.24,69.74,72.35
15.30,15.30,59.76,69.41,71.45
19.27,19.27,60.07,71.41,73.46
23.28,23.28,55.00,70.01,73.07
24.76,24.76,52.13,65.31,73.32
23.93,23.93,54.12,66.46,73.42
23.04,23.04,56.20,66.80,71.60
21.30,21.30,58.06,69.20,74.51
19.91,19.91,59.13,74.17,75.41
22.72,22.72,58.20,75.30,74.67
21.54,21.54,55.61,70.65,74.09
19.75,19.75,54.65,70.23,72.60
18.76,18.76,50.80,70.30,72.14
19.47,19.47,49.64,70.08,73.03
20.34,20.34,48.26,71.91,71.76
23.15,23.15,46.57,71.69,72.98
23.70,23.70,44.88,71.08,70.85
24.76,24.76,45.02,70.05,72.27
23.08,23.08,45.79,68.65,72.50
20.69,20.69,56.53,69.36,71.60
17.40,17.40,65.15,64.95,72.53
15.40,15.40,69.00,64.84,72.84
20.36,20.36,76.02,65.69,71.95
22.25,22.25,69.45,65.89,71.27
21.06,21.06,62.58,70.55,70.92
22.44,22.44,59.54,71.91,71.86
26.22,26.22,58.29,71.09,71.87
26.44,26.44,55.08,68.79,72.35
30.14,30.14,54.76,70.28,73.21
27.78,27.78,51.76,68.78,71.06
28.31,28.31,47.67,69.04,72.92
26.74,26.74,47.69,63.92,71.30
25.92,25.92,49.93,60.39,72.55
21.59,21.59,56.88,63.06,71.22
24.53,24.53,66.31,66.05,73.51
24.30,24.30,73.00,67.90,73.89
26.56,26.56,76.14,67.87,73.43
31.22,31.22,68.29,68.54,72.94
29.57,29.57,62.98,67.72,71.79
29.44,29.44,55.59,65.88,72.81
27.48,27.48,54.14,65.87,71.38
27.62,27.62,50.60,71.08,71.84
26.72,26.72,47.71,71.69,71.09
25.91,25.91,40.74,70.72,69.30
23.86,23.86,43.10,71.30,71.06
18.53,18.53,52.84,68.63,70.30
20.97,20.97,60.62,65.68,70.83
19.08,19.08,74.79,69.76,71.77
12.45,12.45,70.27,71.22,73.33
13.33,13.33,65.65,72.95,72.03
14.60,14.60,62.25,69.80,72.28
17.47,17.47,62.99,72.92,72.86
21.07,21.07,62.13,70.77,71.58
22.06,22.06,63.35,71.95,72.27
21.47,21.47,62.79,72.33,71.70
21.59,21.59,56.34,72.07,70.90
20.63,20.63,55.91,74.94,69.98
19.40,19.40,57.11,73.71,70.37
21.19,21.19,56.38,69.79,70.83
16.35,16.35,57.00,68.55,71.84
15.71,15.71,65.06,67.89,71.46
14.09,14.09,75.08,68.62,73.17
15.12,15.12,73.89,64.90,70.68
16.59,16.59,65.73,60.11,69.63
20.88,20.88,64.83,60.63,69.14
23.33,23.33,63.34,68.66,69.39
25.21,25.21,59.56,70.75,69.01
24.67,24.67,59.66,71.84,70.43
26.92,26.92,56.07,68.12,70.36
27.40,27.40,55.84,66.66,70.75
28.59,28.59,53.77,71.25,70.36
28.46,28.46,50.12,65.87,71.72
30.65,30.65,53.23,58.88,71.06
39.00,39.00,62.09,58.24,72.11
43.55,43.55,72.06,63.66,76.19
40.48,40.48,75.19,64.78,75.81
38.61,38.61,68.46,62.98,75.26
33.40,33.40,65.38,72.19,73.46
33.56,33.56,59.84,71.38,73.94
38.99,38.99,57.62,70.18,72.93
42.39,42.39,53.29,72.14,72.57
42.46,42.46,50.19,69.97,73.79
42.46,42.46,50.55,72.55,73.42
40.24,40.24,46.97,73.52,73.88
36.79,36.79,46.52,70.41,74.99
36.88,36.88,42.73,73.23,73.66
38.25,38.25,49.36,72.37,74.93
37.73,37.73,54.90,71.52,74.54
35.83,35.83,60.45,74.11,73.81
30.72,30.72,59.36,72.61,73.99
29.94,29.94,57.54,72.82,74.67
26.77,26.77,54.84,73.30,73.19
27.62,27.62,50.89,72.62,74.56
31.15,31.15,48.90,73.72,73.82
32.88,32.88,46.06,73.23,73.52
34.45,34.45,42.87,71.88,72.40
34.88,34.88,40.83,75.58,71.63
32.72,32.72,40.42,71.28,72.49
28.30,28.30,46.07,72.59,72.20
24.35,24.35,54.69,73.64,71.75
19.47,19.47,70.55,69.23,74.72
16.89,16.89,72.28,73.00,72.08
16.97,16.97,66.83,72.41,73.17
17.83,17.83,64.59,70.29,73.14
20.37,20.37,64.37,71.98,75.23
24.53,24.53,64.39,69.32,75.70
26.75,26.75,60.80,73.02,75.33
27.83,27.83,59.98,70.88,73.93
29.15,29.15,59.71,71.97,73.79
29.02,29.02,59.08,71.52,74.18
27.62,27.62,55.59,72.24,74.23
30.69,30.69,56.72,70.10,75.30
34.86,34.86,55.91,73.84,74.87
35.30,35.30,61.26,69.96,73.03
32.37,32.37,58.63,72.78,73.37
25.83,25.83,55.21,72.03,73.91
22.09,22.09,55.71,72.84,73.35
23.32,23.32,54.76,70.38,74.09
25.93,25.93,51.46,70.99,73.81
25.75,25.75,47.79,69.41,74.26
28.82,28.82,47.95,71.84,73.00
29.72,29.72,48.53,71.70,74.04
27.83,27.83,46.91,71.93,71.32
27.61,27.61,40.74,71.33,72.08
24.26,24.26,43.49,71.11,73.04
24.79,24.79,55.25,69.07,71.03
24.75,24.75,62.97,63.62,73.52
28.34,28.34,70.43,56.97,76.07
35.19,35.19,72.86,67.88,74.02
33.55,33.55,70.25,67.10,75.00
30.62,30.62,62.76,70.44,75.11
28.08,28.08,58.78,65.76,73.85
28.32,28.32,59.55,67.22,75.30
26.66,26.66,57.67,70.03,74.49
25.24,25.24,52.47,65.79,73.97
26.59,26.59,48.40,65.49,73.11
30.11,30.11,48.34,69.31,73.37
28.13,28.13,47.23,64.02,72.13
31.49,31.49,49.06,69.93,70.62
26.33,26.33,61.26,62.22,69.04
21.26,21.26,72.22,62.30,73.18
18.86,18.86,78.04,68.61,74.65
19.11,19.11,70.73,64.25,73.11
22.86,22.86,65.28,67.26,75.76
26.43,26.43,54.05,67.91,76.09
29.07,29.07,57.15,71.67,76.60
30.09,30.09,56.06,68.67,75.75
30.01,30.01,49.06,73.92,75.83
27.25,27.25,49.76,72.32,74.27
25.05,25.05,48.15,70.03,74.88
25.15,25.15,49.54,73.29,73.73
17.75,17.75,53.18,69.10,73.00
13.54,13.54,59.62,67.86,74.37
10.41,10.41,72.61,71.69,74.07
15.60,15.60,70.51,73.75,72.24
17.97,17.97,67.00,69.84,72.82
15.81,15.81,65.40,70.01,71.94
11.91,11.91,64.26,71.37,72.35
14.53,14.53,60.85,67.68,70.70
21.51,21.51,60.11,70.08,70.31
22.98,22.98,63.59,70.51,71.99
21.01,21.01,56.22,69.54,70.51
21.08,21.08,55.34,73.48,71.09
21.29,21.29,53.56,63.33,71.44
23.54,23.54,53.98,62.04,70.02
20.66,20.66,60.41,60.83,72.91
16.04,16.04,68.72,62.50,74.93
14.87,14.87,80.21,62.65,76.31
18.04,18.04,72.52,59.02,74.27
20.57,20.57,70.99,67.94,74.98
22.74,22.74,56.97,65.05,73.26
22.67,22.67,56.39,64.33,73.50
25.01,25.01,57.24,66.69,73.95
28.19,28.19,50.49,66.92,72.76
26.90,26.90,46.16,67.27,72.92
29.78,29.78,45.72,67.86,74.45
28.10,28.10,44.46,67.12,75.12
26.75,26.75,44.28,66.78,74.95
22.56,22.56,48.62,67.23,74.38
18.11,18.11,53.15,67.67,74.12
17.28,17.28,61.22,68.25,73.26
18.47,18.47,62.79,68.41,74.07
19.33,19.33,60.67,68.15,75.39
19.69,19.69,57.39,68.19,74.42
18.03,18.03,54.34,68.68,74.02
23.01,23.01,51.48,68.93,73.62
20.22,20.22,48.80,68.24,73.79
21.62,21.62,47.98,68.51,72.17
22.42,22.42,46.90,68.61,71.58
21.12,21.12,44.14,68.38,72.96
20.71,20.71,43.52,65.12,71.89
19.16,19.16,53.18,67.69,72.24
21.43,21.43,60.99,66.29,75.35
23.85,23.85,69.75,66.90,74.84
24.24,24.24,77.82,68.97,73.04
22.15,22.15,69.46,67.11,73.46
22.04,22.04,62.74,66.74,71.61
21.22,21.22,61.52,64.56,72.11
21.24,21.24,55.37,61.96,70.81
20.23,20.23,55.82,63.51,72.77
23.90,23.90,52.28,62.69,73.12
27.67,27.67,46.54,65.57,73.93
34.66,34.66,46.73,68.09,72.51
34.03,34.03,47.32,66.58,73.29
24.06,24.06,48.22,68.40,72.87
18.83,18.83,57.30,65.18,71.90
14.71,14.71,65.66,66.57,76.57
7.23,7.23,69.75,64.38,76.81
7.65,7.65,66.88,68.03,75.00
11.31,11.31,65.71,68.92,74.12
16.49,16.49,63.73,68.94,74.68
19.84,19.84,62.66,69.80,74.16
21.93,21.93,61.80,68.45,74.41
19.87,19.87,61.58,68.77,72.76
17.86,17.86,61.43,67.96,74.31
18.78,18.78,55.53,66.24,73.75
19.40,19.40,53.69,66.95,73.01
18.27,18.27,54.26,67.83,73.06
15.39,15.39,54.17,68.40,72.43
14.65,14.65,56.44,72.00,74.12
12.01,12.01,58.20,70.82,74.73
11.66,11.66,57.13,68.28,72.95
13.14,13.14,54.98,66.51,72.33
18.53,18.53,53.36,66.20,73.88
22.88,22.88,50.52,65.58,74.06
24.25,24.25,49.00,65.58,72.62
25.38,25.38,44.57,65.96,71.70
26.76,26.76,44.02,67.19,72.48
27.22,27.22,41.76,66.58,72.15
26.57,26.57,40.21,67.81,73.86
24.33,24.33,45.68,66.92,72.91
20.98,20.98,54.02,66.57,70.75
15.83,15.83,68.71,68.35,72.23
21.85,21.85,78.04,66.05,74.26
26.73,26.73,70.68,64.33,74.51
26.49,26.49,65.06,67.32,73.71
32.42,32.42,58.71,69.27,73.22
37.85,37.85,57.10,68.54,72.62
35.76,35.76,56.06,69.20,73.12
30.82,30.82,57.46,69.42,74.76
30.71,30.71,55.79,68.02,73.48
32.93,32.93,50.36,69.48,74.15
33.81,33.81,48.14,69.49,72.54
31.45,31.45,46.56,66.82,73.30
26.62,26.62,53.76,63.42,71.83
20.36,20.36,57.87,63.45,72.01
15.86,15.86,71.64,66.10,74.13
18.45,18.45,80.63,66.80,73.62
23.58,23.58,66.20,62.93,71.39
27.72,27.72,68.44,65.41,71.88
28.55,28.55,56.69,65.43,72.54
25.41,25.41,54.18,67.87,73.16
28.59,28.59,51.19,68.76,73.34
30.33,30.33,48.10,68.93,74.49
31.64,31.64,45.69,67.57,75.02
30.28,30.28,43.19,67.31,74.44
29.43,29.43,43.00,65.78,73.21
26.87,26.87,51.38,66.61,72.93
18.52,18.52,61.63,66.76,74.99
11.64,11.64,71.56,66.26,74.73
9.54,9.54,69.85,73.10,75.73
7.70,7.70,67.47,67.11,73.59
9.23,9.23,61.58,66.84,73.27
13.88,13.88,62.12,67.85,74.93
16.87,16.87,59.81,68.58,73.22
16.38,16.38,60.86,66.81,74.21
16.29,16.29,58.86,68.17,73.62
19.11,19.11,54.42,67.12,73.68
20.63,20.63,53.81,70.82,72.83
19.58,19.58,54.80,70.16,72.69
16.80,16.80,54.51,69.39,72.03
14.33,14.33,59.11,67.33,71.31
14.57,14.57,72.84,69.57,73.44
15.50,15.50,78.06,67.92,71.98
15.14,15.14,68.65,65.98,72.22
15.41,15.41,62.52,66.78,71.60
17.79,17.79,63.87,67.95,74.77
19.10,19.10,59.32,69.80,72.59
19.51,19.51,58.95,70.74,71.90
20.41,20.41,58.39,68.96,71.82
20.90,20.90,56.62,70.86,72.01
21.64,21.64,54.37,71.87,71.35
20.87,20.87,53.46,71.68,69.76
19.46,19.46,52.73,70.68,71.48
13.96,13.96,60.08,69.83,71.25
7.36,7.36,67.33,67.21,72.45
7.17,7.17,76.46,66.99,73.00
11.88,11.88,69.15,65.82,71.92
14.88,14.88,67.25,67.79,72.79
19.83,19.83,60.50,70.41,72.37
21.18,21.18,59.40,72.43,70.72
23.96,23.96,53.14,71.90,70.53
26.14,26.14,50.85,71.32,71.53
26.91,26.91,54.82,72.23,72.00
30.21,30.21,49.67,72.59,72.44
31.18,31.18,48.49,71.25,70.90
32.90,32.90,50.81,70.34,69.78
29.43,29.43,47.65,70.11,70.78
30.64,30.64,53.91,69.06,77.53
28.56,28.56,59.15,68.71,76.20
29.05,29.05,59.58,67.78,75.69
28.93,28.93,56.45,66.88,75.54
29.22,29.22,55.02,67.19,73.38
29.73,29.73,51.64,67.99,74.87
30.17,30.17,47.29,68.65,75.13
31.89,31.89,44.64,68.68,73.61
33.62,33.62,41.67,68.43,73.88
36.36,36.36,38.44,68.55,71.83
35.53,35.53,38.52,66.64,73.05
33.90,33.90,43.38,68.79,72.19
31.00,31.00,52.08,69.65,73.61
30.05,30.05,65.64,69.38,75.86
32.65,32.65,76.34,66.65,73.93
36.91,36.91,71.62,69.32,76.22
35.50,35.50,67.34,68.16,74.01
34.43,34.43,63.34,69.32,74.65
30.02,30.02,64.52,71.26,74.31
32.73,32.73,63.62,71.58,73.83
33.68,33.68,64.68,71.33,74.86
33.19,33.19,64.04,72.98,72.06
31.52,31.52,55.73,70.19,72.31
30.49,30.49,56.06,71.62,72.31
33.65,33.65,51.77,71.39,72.31
33.76,33.76,55.90,72.13,73.12
35.62,35.62,60.25,70.51,73.57
35.37,35.37,58.86,69.55,73.44
38.25,38.25,58.33,68.64,73.70
34.38,34.38,58.36,68.14,72.68
32.06,32.06,56.39,68.61,74.11
33.56,33.56,56.43,67.53,74.32
29.84,29.84,55.37,68.79,72.81
32.40,32.40,48.78,67.77,73.18
33.70,33.70,52.14,66.93,72.10
31.96,31.96,46.72,67.51,72.86
32.33,32.33,42.64,67.48,70.95
33.86,33.86,44.62,71.43,72.64
38.08,38.08,51.69,70.86,71.74
43.88,43.88,65.14,66.98,74.68
47.33,47.33,74.48,66.14,74.95
43.05,43.05,70.71,64.08,73.56
38.59,38.59,68.34,61.67,73.71
36.29,36.29,58.84,67.53,73.39
39.48,39.48,60.04,70.26,73.18
33.31,33.31,59.68,71.69,73.24
34.76,34.76,56.91,72.48,71.43
34.18,34.18,55.49,72.46,73.74
38.68,38.68,54.28,71.71,71.78
39.39,39.39,53.56,70.23,73.13
40.04,40.04,49.04,72.19,72.49
41.52,41.52,49.40,71.52,73.65
42.60,42.60,53.90,70.16,73.30
44.24,44.24,69.15,63.84,74.74
42.44,42.44,77.89,62.38,73.25
41.57,41.57,71.25,66.20,72.96
32.71,32.71,69.06,69.77,73.98
42.12,42.12,60.21,71.00,72.99
46.38,46.38,55.80,68.78,73.29
42.61,42.61,54.00,69.56,73.29
42.96,42.96,51.41,71.29,73.08
38.19,38.19,49.64,71.74,72.34
38.59,38.59,47.63,72.47,73.38
38.15,38.15,47.83,72.33,72.02
35.33,35.33,50.41,71.29,73.00
35.69,35.69,54.64,69.79,73.60
39.55,39.55,68.00,72.02,74.87
37.16,37.16,70.73,66.61,73.02
30.47,30.47,71.79,67.23,75.07
31.85,31.85,65.84,72.97,71.65
35.62,35.62,62.28,73.84,73.50
32.07,32.07,63.55,71.57,74.30
29.66,29.66,62.80,69.55,72.45
35.32,35.32,61.05,72.23,72.59
34.22,34.22,57.38,72.66,74.05
33.08,33.08,55.43,66.81,73.05
31.83,31.83,54.36,69.19,73.22
29.61,29.61,56.38,69.66,70.48
30.71,30.71,56.78,63.74,69.24
27.44,27.44,62.35,62.90,71.32
26.22,26.22,72.12,66.57,76.10
21.12,21.12,72.66,62.04,74.97
23.35,23.35,68.67,66.23,75.02
23.17,23.17,62.96,66.66,75.52
27.52,27.52,62.23,65.49,75.43
27.85,27.85,56.33,70.30,75.12
29.16,29.16,53.51,66.65,73.92
32.26,32.26,50.00,65.07,74.29
30.47,30.47,48.03,70.26,75.37
27.17,27.17,45.35,69.33,73.66
24.40,24.40,44.63,68.88,72.96
25.41,25.41,48.50,66.05,71.14
23.61,23.61,53.73,68.45,71.29
24.26,24.26,58.78,69.08,71.08
20.66,20.66,60.09,68.67,72.43
21.69,21.69,60.36,67.60,71.14
20.81,20.81,57.50,69.43,73.13
22.17,22.17,56.51,67.15,74.86
24.37,24.37,53.34,64.58,74.67
27.98,27.98,50.64,70.21,75.72
31.98,31.98,48.50,70.15,75.61
32.51,32.51,45.54,68.46,74.88
32.89,32.89,44.96,70.58,73.73
32.03,32.03,48.70,65.29,73.32
32.46,32.46,51.95,63.82,71.42
31.91,31.91,57.12,64.36,73.22
26.49,26.49,66.21,67.86,77.73
25.08,25.08,78.77,70.71,75.24
25.05,25.05,70.25,69.69,73.66
26.45,26.45,64.87,66.90,73.98
27.60,27.60,58.12,68.84,73.60
29.60,29.60,60.14,70.14,72.52
30.88,30.88,55.10,67.86,73.44
30.42,30.42,46.73,71.06,74.09
31.12,31.12,49.96,69.86,74.88
31.34,31.34,45.16,72.39,74.21
31.44,31.44,42.80,72.38,74.38
28.75,28.75,46.18,71.10,71.98
29.00,29.00,52.16,70.00,71.35
29.24,29.24,63.90,70.43,72.58
26.58,26.58,73.32,70.07,73.25
24.41,24.41,72.16,71.89,73.27
20.80,20.80,66.90,69.01,74.10
19.50,19.50,61.55,69.76,72.67
21.35,21.35,61.72,68.04,74.10
21.57,21.57,61.30,67.34,72.48
26.30,26.30,62.93,69.12,73.26
23.42,23.42,62.51,69.43,74.47
25.01,25.01,53.99,69.34,73.81
27.09,27.09,52.79,69.75,72.95
28.29,28.29,55.21,62.53,72.50
24.94,24.94,55.19,62.42,73.49
24.27,24.27,61.63,68.74,74.30
22.73,22.73,62.25,70.33,74.00
22.26,22.26,61.53,73.50,71.48
17.93,17.93,57.48,69.21,72.91
24.76,24.76,55.10,67.87,71.70
27.61,27.61,52.51,66.50,73.12
26.27,26.27,51.05,66.37,72.37
26.16,26.16,48.85,66.47,72.03
28.92,28.92,47.33,67.56,73.07
29.88,29.88,45.66,69.41,74.14
27.83,27.83,40.93,69.19,74.33
30.09,30.09,42.46,67.87,73.13
32.56,32.56,50.86,63.96,74.62
28.96,28.96,63.57,63.11,75.16
16.94,16.94,75.45,63.05,74.06
12.73,12.73,71.15,58.85,72.99
18.80,18.80,63.10,59.59,75.57
17.19,17.19,60.92,63.20,74.08
18.18,18.18,62.24,63.78,74.16
21.31,21.31,58.75,66.66,71.98
21.85,21.85,56.89,66.64,71.03
22.18,22.18,55.26,69.23,72.08
24.13,24.13,52.74,68.38,71.55
29.86,29.86,48.93,67.01,71.80
31.23,31.23,46.01,64.57,73.63
28.92,28.92,50.11,63.83,71.94
25.55,25.55,54.90,65.48,73.03
28.42,28.42,62.67,59.46,75.51
24.44,24.44,69.84,62.48,75.42
21.47,21.47,73.89,59.05,72.98
19.49,19.49,71.41,60.15,73.38
21.27,21.27,60.87,67.66,74.10
23.83,23.83,54.08,68.44,73.94
25.69,25.69,56.32,69.49,74.37
27.69,27.69,49.93,64.93,73.88
26.71,26.71,43.72,64.29,75.12
27.22,27.22,42.87,66.81,74.04
26.60,26.60,42.41,66.83,73.69
22.06,22.06,47.41,65.76,72.31
16.27,16.27,54.76,65.08,71.58
11.90,11.90,70.19,60.08,73.26
9.37,9.37,68.52,63.67,74.34
13.70,13.70,73.64,67.39,75.63
9.95,9.95,69.98,74.04,74.45
10.81,10.81,64.83,71.01,75.13
10.44,10.44,63.40,63.75,73.93
15.01,15.01,63.31,65.41,73.49
17.02,17.02,62.88,67.57,73.41
18.61,18.61,65.71,69.46,74.43
19.53,19.53,63.86,71.33,75.45
24.86,24.86,58.24,70.09,73.51
28.38,28.38,59.44,67.97,72.91
27.17,27.17,58.34,69.14,73.56
22.18,22.18,55.79,66.55,71.24
15.58,15.58,62.98,59.04,73.73
15.23,15.23,72.53,64.75,75.67
16.10,16.10,73.78,53.27,76.19
24.28,24.28,68.22,59.24,75.12
26.18,26.18,64.51,69.28,74.25
21.67,21.67,61.90,68.77,73.80
22.15,22.15,57.54,65.61,72.07
20.66,20.66,55.53,66.58,73.31
23.81,23.81,56.74,70.18,73.74
23.54,23.54,54.24,68.25,73.18
25.25,25.25,52.64,69.45,74.89
23.84,23.84,52.29,65.09,72.77
17.75,17.75,53.59,65.49,75.16
14.86,14.86,62.08,57.19,76.96
15.48,15.48,73.20,63.20,75.18
17.08,17.08,81.10,63.93,75.17
23.76,23.76,70.25,65.68,74.52
28.15,28.15,63.51,66.65,73.21
33.74,33.74,59.83,66.66,75.66
34.28,34.28,60.06,71.83,74.97
30.27,30.27,53.10,67.21,76.07
27.97,27.97,52.80,72.04,75.65
29.41,29.41,49.23,70.23,74.26
30.62,30.62,47.55,67.10,75.11
31.21,31.21,44.97,70.22,75.39
30.64,30.64,46.39,70.71,73.11
26.57,26.57,51.67,66.47,71.56
21.07,21.07,57.81,71.54,71.64
21.71,21.71,58.70,68.78,74.22
23.63,23.63,56.60,68.51,72.28
24.91,24.91,56.53,70.34,72.26
28.53,28.53,53.32,70.11,72.15
29.87,29.87,51.15,69.43,72.36
31.42,31.42,47.75,71.90,73.20
28.23,28.23,43.93,67.19,73.10
23.92,23.92,41.23,72.80,72.98
24.66,24.66,40.47,68.86,73.60
22.90,22.90,39.66,70.43,72.33
18.80,18.80,45.07,70.46,70.08
13.71,13.71,50.96,70.21,72.36
13.24,13.24,65.80,66.57,75.28
16.29,16.29,72.36,70.16,72.65
19.08,19.08,71.80,72.25,73.03
20.04,20.04,67.46,69.10,73.79
18.07,18.07,62.88,73.80,73.02
20.68,20.68,61.60,70.93,72.02
24.85,24.85,63.10,70.90,72.65
24.66,24.66,62.94,73.84,72.89
24.08,24.08,57.75,70.90,74.35
30.42,30.42,55.65,71.36,75.44
33.02,33.02,57.00,73.06,75.99
31.55,31.55,58.70,72.19,75.96
26.14,26.14,54.05,74.33,75.45
23.37,23.37,56.47,71.82,76.13
26.51,26.51,58.83,72.23,75.17
30.90,30.90,59.00,74.69,74.41
34.48,34.48,55.93,73.22,73.66
36.27,36.27,52.85,73.10,71.27
36.97,36.97,50.55,74.07,71.18
41.37,41.37,50.50,71.94,71.94
44.38,44.38,48.09,73.63,72.46
44.15,44.15,48.87,71.23,70.19
39.20,39.20,48.21,71.96,73.64
30.19,30.19,43.54,72.87,73.17
25.45,25.45,52.89,73.27,76.88
18.78,18.78,57.59,69.56,75.93
17.42,17.42,64.06,68.10,74.63
15.02,15.02,78.73,68.52,73.53
16.66,16.66,68.04,66.07,72.41
21.63,21.63,68.69,70.70,72.20
21.49,21.49,58.23,70.18,74.46
24.09,24.09,59.96,67.52,73.45
24.21,24.21,56.06,71.76,70.24
29.14,29.14,54.07,67.84,71.11
34.45,34.45,52.84,71.46,71.74
32.98,32.98,52.88,71.64,71.46
29.00,29.00,50.30,70.76,71.30
27.97,27.97,47.34,70.55,69.68
25.58,25.58,54.60,71.91,72.73
19.44,19.44,59.99,67.37,74.99
18.20,18.20,69.29,68.34,74.60
19.67,19.67,78.41,71.60,73.27
24.73,24.73,69.27,67.82,73.69
22.86,22.86,63.88,71.93,73.83
26.71,26.71,55.93,68.13,71.46
32.35,32.35,52.51,70.57,72.70
34.05,34.05,52.48,74.54,72.33
31.47,31.47,52.19,72.07,71.62
27.89,27.89,53.47,74.09,74.14
28.23,28.23,50.73,72.98,74.26
26.99,26.99,49.14,71.89,73.37
22.95,22.95,57.76,74.44,70.78
26.35,26.35,62.41,71.52,73.56
29.83,29.83,69.33,73.92,71.68
22.29,22.29,67.70,71.38,72.01
11.87,11.87,67.14,68.13,73.12
12.12,12.12,64.03,70.32,71.50
13.44,13.44,62.61,72.69,71.76
9.53,9.53,59.43,71.08,69.40
11.09,11.09,62.14,73.26,69.82
16.71,16.71,62.44,71.80,69.04
17.83,17.83,59.65,74.07,70.15
19.46,19.46,55.45,73.70,69.68
20.04,20.04,57.80,71.66,69.81
21.07,21.07,53.31,64.25,69.13
17.55,17.55,56.83,60.13,73.68
14.11,14.11,65.78,60.42,75.25
17.42,17.42,75.46,62.24,74.18
17.90,17.90,67.70,64.78,73.51
19.59,19.59,65.43,67.10,74.39
24.36,24.36,59.02,64.45,73.70
25.67,25.67,56.78,64.45,74.63
25.37,25.37,58.17,69.10,75.15
25.95,25.95,56.00,68.71,73.31
26.94,26.94,49.96,68.87,73.05
26.23,26.23,45.16,68.11,71.46
26.18,26.18,44.56,68.98,70.22
22.74,22.74,43.36,69.11,71.41
20.85,20.85,47.20,68.92,71.52
23.08,23.08,57.78,69.52,72.31
23.33,23.33,60.13,68.19,72.74
21.56,21.56,62.27,67.93,72.85
19.81,19.81,61.37,67.40,72.18
19.22,19.22,59.23,67.66,73.09
19.78,19.78,53.82,67.13,72.46
21.31,21.31,50.38,67.44,71.01
23.70,23.70,49.13,67.65,72.05
24.79,24.79,50.39,67.34,73.23
24.38,24.38,46.53,67.75,72.17
24.44,24.44,43.69,68.56,69.95
24.26,24.26,45.99,67.62,70.40
19.17,19.17,51.24,66.93,70.25
15.91,15.91,60.35,61.44,73.41
13.38,13.38,75.59,65.14,74.10
16.17,16.17,70.16,62.83,73.93
20.87,20.87,70.54,59.14,75.26
23.27,23.27,58.40,64.56,73.93
24.91,24.91,59.18,65.18,70.89
26.65,26.65,55.30,68.01,70.31
30.62,30.62,52.03,68.78,71.49
33.47,33.47,48.31,67.12,71.16
33.76,33.76,48.24,65.45,70.64
32.95,32.95,47.53,67.92,70.93
32.09,32.09,48.39,66.99,70.13
29.15,29.15,52.44,67.04,69.61
20.43,20.43,63.02,65.88,73.31
15.27,15.27,73.05,65.23,75.19
15.90,15.90,71.46,66.74,75.23
18.63,18.63,67.46,65.36,74.56
22.72,22.72,64.70,65.86,74.35
20.06,20.06,64.17,64.85,73.37
18.64,18.64,62.99,62.91,75.04
22.19,22.19,63.21,63.05,73.80
27.71,27.71,62.99,64.01,73.53
29.05,29.05,55.82,64.51,72.95
30.94,30.94,57.51,63.35,73.19
30.12,30.12,56.28,64.47,74.05
31.00,31.00,52.32,66.73,71.94
29.22,29.22,58.97,67.48,73.42
20.77,20.77,61.04,68.16,74.82
19.22,19.22,58.23,74.88,74.79
21.78,21.78,57.57,64.80,74.74
27.64,27.64,54.30,68.27,74.43
25.60,25.60,53.98,65.66,72.97
24.65,24.65,52.18,66.48,72.59
29.13,29.13,47.41,66.74,71.51
35.59,35.59,47.12,64.39,71.95
36.09,36.09,45.80,66.04,72.00
32.86,32.86,43.42,65.35,71.28
31.02,31.02,41.98,67.09,70.54
26.30,26.30,47.95,68.33,71.34
19.69,19.69,54.64,63.92,72.10
14.34,14.34,70.49,66.59,74.75
12.48,12.48,78.48,62.57,74.01
17.71,17.71,66.99,64.99,74.27
16.00,16.00,64.02,65.94,72.72
21.99,21.99,59.68,65.05,71.69
26.19,26.19,60.82,65.05,72.58
27.33,27.33,58.77,65.57,72.88
28.40,28.40,57.94,66.21,74.23
28.12,28.12,56.81,66.13,72.18
29.60,29.60,53.43,66.59,73.22
37.96,37.96,52.93,67.54,71.27
35.02,35.02,49.06,65.54,72.06
29.20,29.20,54.91,63.35,71.02
27.98,27.98,63.81,61.93,71.89
29.42,29.42,76.40,61.53,72.98
29.71,29.71,70.08,61.59,73.31
35.30,35.30,63.80,57.20,73.45
36.91,36.91,62.92,64.51,73.52
40.71,40.71,55.57,64.84,72.72
38.40,38.40,54.15,68.38,73.77
42.90,42.90,53.74,68.45,72.92
46.32,46.32,48.99,68.19,73.07
44.87,44.87,48.44,65.20,73.55
44.54,44.54,47.32,69.98,73.34
41.83,41.83,48.02,68.33,74.12
39.10,39.10,56.84,67.64,72.41
42.27,42.27,67.37,65.38,70.85
40.67,40.67,72.70,68.11,74.31
32.50,32.50,69.81,67.25,72.83
28.90,28.90,66.28,66.15,75.73
24.45,24.45,62.56,63.70,73.36
25.89,25.89,62.72,66.18,74.44
25.39,25.39,62.59,68.54,74.20
31.96,31.96,63.03,67.94,72.39
34.81,34.81,60.74,66.36,72.76
37.76,37.76,55.72,69.25,72.20
41.11,41.11,55.97,67.49,73.47
46.90,46.90,55.07,66.85,71.74
51.45,51.45,56.21,63.45,70.60
55.60,55.60,63.92,63.11,70.27
60.71,60.71,73.14,62.32,74.70
54.06,54.06,70.05,61.22,76.07
54.53,54.53,69.23,64.46,76.03
53.74,53.74,65.36,62.48,73.72
53.17,53.17,61.97,64.03,74.07
54.30,54.30,59.69,65.22,74.69
60.76,60.76,57.56,67.04,74.57
66.11,66.11,56.53,66.95,75.37
68.71,68.71,55.76,67.93,71.25
70.34,70.34,53.77,67.94,71.32
73.26,73.26,53.12,63.69,69.62
71.19,71.19,55.51,57.28,69.54
69.58,69.58,64.52,54.10,71.24
69.76,69.76,77.19,61.04,69.27
73.50,73.50,69.99,62.65,72.09
75.77,75.77,67.50,65.11,72.55
75.99,75.99,64.66,65.08,71.19
74.93,74.93,64.68,68.09,70.97
74.16,74.16,64.41,70.97,70.43
76.76,76.76,63.66,70.07,70.03
73.82,73.82,64.65,67.69,68.50
75.05,75.05,64.13,71.61,69.14
75.44,75.44,64.78,66.93,69.50
76.89,76.89,61.89,69.40,68.03
73.08,73.08,63.31,68.06,68.17
75.71,75.71,62.44,69.20,68.77
76.07,76.07,63.37,68.69,71.76
75.64,75.64,62.89,70.59,70.73
73.98,73.98,62.14,67.37,70.33
74.22,74.22,62.27,72.06,69.81
72.08,72.08,61.63,66.39,68.51
75.19,75.19,61.81,69.92,67.73
68.71,68.71,61.12,68.30,70.60
67.70,67.70,61.58,69.72,69.23
66.57,66.57,61.44,71.35,70.47
67.46,67.46,60.50,72.86,71.01
67.55,67.55,60.06,68.44,70.09
66.29,66.29,59.44,73.83,70.81
68.52,68.52,59.15,71.50,71.28
68.79,68.79,63.75,71.37,72.09
72.85,72.85,72.48,65.75,70.67
74.67,74.67,70.05,62.34,69.72
73.41,73.41,67.98,67.12,72.27
75.21,75.21,63.78,67.22,71.96
77.50,77.50,61.96,63.04,71.95
75.58,75.58,62.43,66.16,72.31
75.46,75.46,62.14,65.93,69.75
73.81,73.81,60.04,64.97,69.25
70.31,70.31,57.95,63.75,69.65
71.68,71.68,57.01,69.49,67.60
72.98,72.98,58.24,63.51,68.13
74.75,74.75,57.22,66.35,69.82
75.16,75.16,56.26,67.57,68.91
73.41,73.41,56.40,65.08,68.54
72.31,72.31,56.74,69.84,68.80
72.69,72.69,54.62,63.51,66.32
72.66,72.66,53.50,65.69,69.63
71.87,71.87,53.97,69.07,68.15
71.12,71.12,52.95,64.91,68.99
70.17,70.17,53.07,68.31,69.11
70.66,70.66,52.16,67.82,69.54
69.00,69.00,52.23,66.20,72.03
69.76,69.76,51.95,68.73,70.97
71.64,71.64,51.77,60.82,68.58
70.23,70.23,56.38,61.66,67.85
72.72,72.72,72.68,62.16,68.85
70.38,70.38,78.43,59.74,70.21
71.12,71.12,66.61,58.85,69.42
69.73,69.73,63.87,62.47,70.62
70.06,70.06,59.28,68.36,71.91
69.64,69.64,59.86,67.01,71.36
67.90,67.90,57.25,66.68,71.74
68.07,68.07,55.25,68.59,73.39
64.75,64.75,52.81,70.21,73.15
61.49,61.49,51.86,69.10,70.57
59.73,59.73,50.58,68.34,71.02
57.16,57.16,49.84,69.54,70.28
58.05,58.05,53.43,65.18,71.04
63.05,63.05,59.83,63.77,70.19
67.61,67.61,67.27,58.72,72.34
70.63,70.63,80.97,67.50,71.01
71.02,71.02,69.87,60.06,70.19
66.09,66.09,67.23,64.78,71.67
64.53,64.53,56.37,69.55,68.10
64.64,64.64,59.24,63.07,70.19
68.03,68.03,57.06,66.07,71.67
65.96,65.96,53.80,70.83,69.75
66.15,66.15,53.79,65.84,68.21
69.85,69.85,54.60,69.91,71.19
70.69,70.69,54.26,66.93,69.43
70.60,70.60,54.98,66.81,70.45
67.14,67.14,57.02,69.65,69.52
64.74,64.74,61.68,68.46,70.53
67.45,67.45,70.62,71.09,70.92
66.27,66.27,70.47,69.58,70.15
65.47,65.47,66.17,72.98,73.38
63.31,63.31,61.78,68.37,74.19
69.20,69.20,61.33,72.51,70.88
71.81,71.81,59.12,70.39,70.81
70.83,70.83,62.43,70.35,69.67
62.68,62.68,62.95,72.45,69.66
66.32,66.32,58.08,70.76,69.72
67.61,67.61,57.94,67.76,69.25
68.35,68.35,58.35,64.48,69.45
68.99,68.99,58.49,55.64,68.90
68.67,68.67,63.01,62.74,71.85
72.40,72.40,66.74,60.56,71.33
71.90,71.90,74.68,67.26,70.62
70.86,70.86,70.43,62.06,68.09
68.82,68.82,70.91,63.14,69.07
71.27,71.27,60.67,69.62,68.77
71.61,71.61,59.13,69.16,67.44
70.52,70.52,61.89,66.36,65.90
73.84,73.84,52.83,64.43,70.25
76.50,76.50,50.77,68.66,68.44
74.80,74.80,48.85,68.36,68.80
73.92,73.92,49.34,70.49,69.54
69.95,69.95,47.89,71.61,67.84
65.23,65.23,50.30,68.42,69.40
63.15,63.15,56.79,69.60,68.44
64.68,64.68,57.56,70.41,69.54
68.01,68.01,57.95,71.10,68.99
69.38,69.38,55.40,71.32,67.28
68.11,68.11,54.11,72.07,70.40
63.92,63.92,52.33,70.36,66.90
64.20,64.20,49.26,71.85,70.38
61.01,61.01,44.20,71.57,70.07
59.32,59.32,40.57,72.72,69.12
60.51,60.51,39.37,72.92,70.40
65.80,65.80,40.81,71.27,67.23
70.72,70.72,46.41,69.88,68.89
68.70,68.70,51.73,61.95,69.17
69.74,69.74,66.99,58.46,70.28
67.39,67.39,78.80,66.79,68.33
69.00,69.00,69.53,68.24,66.73
75.33,75.33,67.59,68.89,70.49
76.72,76.72,56.64,64.63,67.51
73.54,73.54,60.78,64.65,67.81
74.96,74.96,54.38,65.69,69.27
75.92,75.92,49.28,65.47,67.81
75.68,75.68,53.27,68.81,68.39
73.59,73.59,50.52,71.22,67.64
70.07,70.07,49.31,66.11,68.26
71.89,71.89,48.93,65.31,69.56
73.44,73.44,55.08,68.62,67.57
71.88,71.88,70.55,70.43,71.20
72.89,72.89,71.04,68.32,70.35
73.21,73.21,67.26,71.46,69.81
73.12,73.12,62.64,71.12,69.84
72.23,72.23,61.66,70.42,66.55
73.13,73.13,59.63,68.08,68.23
71.60,71.60,60.44,67.69,67.69
69.52,69.52,61.00,68.20,67.56
71.87,71.87,57.56,72.16,68.35
72.82,72.82,58.06,72.58,68.38
68.03,68.03,57.85,71.10,69.09
61.63,61.63,57.13,65.88,68.52
66.12,66.12,58.15,66.94,68.62
69.78,69.78,57.36,67.97,68.34
72.10,72.10,58.11,71.28,71.39
69.15,69.15,55.17,75.31,70.94
71.48,71.48,52.73,66.61,68.58
75.04,75.04,51.11,65.49,67.74
77.08,77.08,50.65,68.02,69.03
77.10,77.10,50.87,68.86,67.58
75.38,75.38,49.26,67.89,68.32
74.79,74.79,47.25,69.54,68.15
74.30,74.30,46.20,68.06,66.97
72.02,72.02,47.65,67.72,67.09
70.52,70.52,50.64,65.62,68.96
68.62,68.62,54.37,64.14,68.54
69.28,69.28,69.02,66.81,68.49
69.00,69.00,78.74,70.04,67.59
70.08,70.08,69.32,65.52,68.27
68.41,68.41,67.22,62.92,68.30
65.91,65.91,58.87,62.00,68.85
63.35,63.35,57.76,66.53,68.41
63.69,63.69,60.65,69.91,68.62
62.64,62.64,57.56,71.01,68.49
61.07,61.07,55.06,72.33,70.42
61.63,61.63,50.82,69.98,69.70
61.83,61.83,50.54,68.33,67.11
63.80,63.80,50.01,66.01,67.50
61.99,61.99,54.74,64.19,69.76
55.63,55.63,62.24,64.41,68.84
51.26,51.26,70.91,63.85,69.40
52.39,52.39,79.23,67.42,69.49
56.41,56.41,67.84,68.08,69.75
54.82,54.82,61.26,64.30,68.77
46.84,46.84,57.37,66.92,67.91
48.20,48.20,55.75,68.77,69.40
45.62,45.62,50.10,69.49,69.02
45.26,45.26,48.41,68.20,68.30
48.19,48.19,46.87,67.55,67.28
47.64,47.64,45.17,66.24,66.25
43.90,43.90,47.49,68.35,68.34
44.63,44.63,51.83,63.89,68.88
38.52,38.52,63.11,63.96,68.99
38.54,38.54,73.24,59.94,71.39
39.57,39.57,70.04,72.84,68.41
38.58,38.58,70.24,66.78,69.29
37.07,37.07,66.27,63.63,67.83
35.15,35.15,63.79,65.99,66.92
36.11,36.11,62.75,69.74,69.48
34.79,34.79,62.28,70.91,67.13
37.56,37.56,64.07,66.96,65.56
39.56,39.56,59.23,69.13,66.20
36.63,36.63,58.14,68.90,66.83
35.20,35.20,61.05,68.84,68.40
36.14,36.14,57.34,65.56,65.96
37.70,37.70,63.31,61.40,71.01
39.64,39.64,70.21,64.84,73.69
35.41,35.41,76.18,65.93,69.93
37.16,37.16,72.73,62.47,69.10
37.68,37.68,66.41,67.19,69.60
39.00,39.00,64.21,69.85,70.07
44.59,44.59,62.29,67.79,67.35
51.17,51.17,59.61,70.07,66.79
57.11,57.11,54.16,68.93,70.86
64.12,64.12,52.64,69.86,69.70
71.26,71.26,52.38,65.92,67.10
73.97,73.97,50.09,59.01,69.23
73.23,73.23,47.43,60.72,65.49
73.74,73.74,56.21,59.74,65.46
71.68,71.68,66.07,57.67,64.15
71.50,71.50,77.94,64.35,66.75
72.16,72.16,71.65,67.45,66.76
71.53,71.53,64.86,63.84,65.67
70.83,70.83,58.15,68.78,66.84
71.84,71.84,60.45,71.30,67.64
72.86,72.86,55.70,70.45,66.87
72.18,72.18,52.99,68.96,67.91
71.93,71.93,55.66,69.65,69.07
69.38,69.38,53.61,71.01,67.98
71.20,71.20,53.14,73.97,68.30
69.81,69.81,51.57,71.32,69.41
68.05,68.05,47.55,72.80,70.35
70.62,70.62,51.62,73.29,70.92
70.71,70.71,53.92,70.87,68.98
70.14,70.14,53.39,73.02,68.33
70.20,70.20,52.43,72.45,67.64
69.40,69.40,51.48,71.87,65.11
70.79,70.79,50.65,73.99,67.46
69.13,69.13,51.32,73.43,67.51
66.84,66.84,49.73,72.00,66.25
66.53,66.53,45.79,73.60,67.45
67.01,67.01,44.51,72.64,64.79
66.46,66.46,43.73,72.35,65.21
65.06,65.06,47.85,71.29,63.55
62.23,62.23,51.16,72.41,64.79
64.77,64.77,60.42,72.72,68.24
71.57,71.57,70.54,71.25,68.91
77.92,77.92,69.35,65.43,69.16
72.84,72.84,66.22,70.56,67.14
71.26,71.26,64.27,70.92,67.17
72.48,72.48,63.69,72.33,67.86
71.45,71.45,61.66,74.00,66.11
70.81,70.81,59.95,71.19,68.28
72.81,72.81,61.97,74.51,69.44
74.39,74.39,60.10,72.93,67.56
76.68,76.68,56.80,73.97,69.55
79.07,79.07,56.05,73.03,70.84
77.37,77.37,52.96,73.24,70.75
74.46,74.46,55.40,72.20,71.98
74.33,74.33,57.81,75.55,70.17
75.47,75.47,55.94,71.53,69.72
76.07,76.07,52.05,74.25,70.58
70.09,70.09,52.51,73.00,71.30
71.10,71.10,52.83,73.07,70.61
74.31,74.31,51.30,73.57,71.12
71.64,71.64,48.01,75.08,69.13
68.17,68.17,47.46,71.44,68.88
68.35,68.35,47.67,76.01,70.40
67.10,67.10,43.19,71.80,67.78
68.71,68.71,44.35,73.61,68.84
68.95,68.95,56.89,72.38,67.38
73.35,73.35,59.08,69.55,67.33
73.22,73.22,74.74,67.26,67.64
70.48,70.48,75.13,68.72,67.80
70.51,70.51,71.10,66.33,66.53
70.68,70.68,62.56,70.68,66.04
69.12,69.12,59.27,72.17,66.50
70.96,70.96,58.17,71.08,67.28
68.58,68.58,57.17,74.39,67.21
68.61,68.61,55.00,71.81,70.54
69.65,69.65,49.35,73.84,69.35
68.62,68.62,45.71,73.31,68.11
68.07,68.07,46.67,74.54,69.32
69.08,69.08,47.12,72.27,70.27
67.68,67.68,54.83,72.01,67.36
68.64,68.64,59.84,66.21,71.19
66.01,66.01,77.27,69.35,68.86
65.23,65.23,76.37,69.55,68.63
73.27,73.27,71.23,69.00,67.19
71.03,71.03,58.31,65.41,67.13
69.01,69.01,54.54,69.29,67.15
69.64,69.64,58.22,71.08,66.87
72.81,72.81,52.64,69.91,65.67
75.98,75.98,49.45,70.84,64.85
78.22,78.22,51.90,72.44,66.83
75.08,75.08,51.32,70.80,66.58
68.70,68.70,50.67,72.86,66.61
67.17,67.17,52.12,71.26,66.20
66.97,66.97,60.10,72.16,65.87
65.25,65.25,72.64,73.81,69.33
64.41,64.41,70.44,73.87,68.12
68.11,68.11,67.29,72.98,68.16
67.67,67.67,59.50,73.02,68.42
69.11,69.11,56.40,72.42,69.32
67.65,67.65,60.69,72.19,69.27
67.99,67.99,66.58,70.85,70.00
68.09,68.09,66.55,72.91,67.33
66.98,66.98,56.68,71.91,70.61
65.16,65.16,50.87,73.28,70.50
62.84,62.84,50.09,70.51,70.10
61.05,61.05,53.62,67.27,65.42
64.22,64.22,61.14,65.70,66.80
69.10,69.10,71.37,64.46,69.96
73.69,73.69,76.87,63.56,68.47
74.60,74.60,73.39,61.82,64.34
69.94,69.94,65.37,66.21,65.66
72.17,72.17,57.62,65.57,66.64
71.84,71.84,59.43,64.51,66.52
71.13,71.13,58.09,63.94,65.75
73.46,73.46,52.01,61.56,65.69
73.29,73.29,50.41,62.10,64.98
73.97,73.97,50.10,65.73,66.81
74.27,74.27,49.47,65.04,67.00
73.58,73.58,51.40,65.34,67.59
72.91,72.91,52.59,66.00,66.67
71.74,71.74,54.39,64.12,65.21
73.75,73.75,58.23,65.29,65.92
75.10,75.10,56.47,66.47,66.99
70.35,70.35,55.17,67.42,65.54
69.93,69.93,53.49,68.09,67.50
73.37,73.37,52.71,67.38,67.06
73.71,73.71,50.37,68.37,66.53
74.66,74.66,48.98,66.56,68.56
76.55,76.55,45.60,67.71,65.75
74.70,74.70,44.05,66.63,66.40
73.99,73.99,43.97,66.03,63.96
71.67,71.67,48.00,63.80,62.30
71.88,71.88,57.53,61.88,65.02
76.21,76.21,72.49,60.22,69.03
72.24,72.24,78.75,57.41,67.52
69.78,69.78,72.97,62.86,67.63
72.89,72.89,67.04,65.14,68.76
69.91,69.91,62.29,61.87,66.89
71.64,71.64,59.75,64.42,67.13
71.21,71.21,57.13,64.25,66.92
71.05,71.05,52.91,65.58,65.72
71.65,71.65,51.65,66.56,65.29
70.37,70.37,48.82,67.26,67.08
69.01,69.01,45.94,66.27,67.99
70.88,70.88,47.64,65.51,66.45
66.25,66.25,49.97,65.81,66.67
68.75,68.75,61.38,65.44,67.33
70.84,70.84,70.47,64.36,68.27
68.90,68.90,72.88,65.77,70.91
68.53,68.53,68.19,64.11,71.61
67.60,67.60,63.79,63.93,68.34
64.19,64.19,62.10,64.47,68.89
63.14,63.14,60.34,63.25,68.09
63.99,63.99,60.14,63.54,67.24
67.78,67.78,62.20,64.47,67.11
57.06,57.06,56.78,67.38,68.78
53.98,53.98,53.18,66.05,67.46
53.71,53.71,50.56,67.58,68.84
56.89,56.89,51.84,63.72,67.28
63.13,63.13,50.74,65.80,69.88
71.87,71.87,54.04,66.25,72.07
76.07,76.07,55.18,71.21,70.48
68.18,68.18,51.68,63.13,68.24
72.34,72.34,48.31,67.73,68.68
69.61,69.61,46.28,67.61,66.89
71.39,71.39,46.17,66.22,65.84
70.66,70.66,45.75,68.10,64.23
72.25,72.25,44.01,67.58,65.70
72.53,72.53,45.94,69.54,65.74
70.84,70.84,45.32,69.81,64.84
72.19,72.19,44.04,66.13,67.94
72.59,72.59,48.79,69.52,65.33
72.67,72.67,60.07,67.05,64.62
70.74,70.74,66.96,61.76,65.72
72.33,72.33,81.11,69.25,64.70
71.96,71.96,70.37,66.49,65.63
71.74,71.74,62.01,62.63,67.17
71.22,71.22,60.99,64.04,65.05
72.86,72.86,60.40,67.07,68.47
72.67,72.67,56.81,67.74,67.51
71.97,71.97,57.91,68.84,69.04
71.15,71.15,53.93,68.53,68.42
72.97,72.97,51.88,68.44,68.90
73.87,73.87,48.27,69.64,66.61
73.32,73.32,50.80,67.56,64.71
74.48,74.48,54.72,67.88,64.09
73.92,73.92,67.67,66.49,68.67
68.38,68.38,77.04,61.68,67.13
73.76,73.76,76.91,59.67,67.22
73.05,73.05,62.53,63.23,67.95
72.39,72.39,61.31,63.76,67.18
71.36,71.36,57.09,66.96,68.30
72.08,72.08,56.33,68.73,67.58
69.24,69.24,53.78,68.53,67.81
68.82,68.82,46.34,68.02,67.28
70.07,70.07,46.01,67.72,67.54
69.85,69.85,45.86,67.88,68.93
69.80,69.80,44.19,66.42,66.68
72.34,72.34,49.58,62.99,69.07
70.75,70.75,64.10,62.35,68.11
70.73,70.73,73.18,66.25,68.53
70.25,70.25,71.42,71.63,69.29
65.30,65.30,65.74,63.56,67.43
62.45,62.45,64.65,66.31,68.81
60.97,60.97,64.09,63.62,70.21
55.80,55.80,62.96,66.00,67.57
57.63,57.63,63.31,64.82,68.36
56.62,56.62,61.70,65.34,66.71
56.87,56.87,58.37,66.76,67.32
55.26,55.26,57.21,65.64,66.11
53.23,53.23,56.93,62.70,66.40
53.77,53.77,55.02,61.52,64.41
59.53,59.53,62.92,60.21,66.48
67.54,67.54,68.36,63.03,65.40
73.11,73.11,79.80,62.08,64.61
78.03,78.03,69.11,63.00,64.31
69.81,69.81,61.88,62.93,59.84
70.00,70.00,63.73,64.10,65.51
75.08,75.08,61.45,67.02,63.16
74.89,74.89,56.76,67.56,64.49
70.92,70.92,55.08,69.29,69.80
70.70,70.70,52.82,66.67,72.98
76.50,76.50,50.06,69.19,68.81
76.70,76.70,49.60,71.86,62.77
74.04,74.04,50.27,71.61,62.28
70.17,70.17,62.32,69.68,65.23
73.38,73.38,69.41,58.50,68.91
75.81,75.81,77.26,60.34,68.60
75.13,75.13,74.34,65.38,69.91
71.32,71.32,66.41,65.41,68.51
70.15,70.15,60.92,66.64,66.94
67.04,67.04,60.40,69.28,67.62
68.31,68.31,52.26,69.41,70.10
65.84,65.84,48.93,68.21,67.75
66.39,66.39,48.13,69.03,68.31
67.10,67.10,47.12,69.50,69.15
67.30,67.30,49.79,69.71,68.90
67.71,67.71,49.92,68.52,69.23
65.99,65.99,45.10,68.56,68.23
63.14,63.14,43.56,69.73,68.94
63.20,63.20,45.28,69.64,72.15
67.85,67.85,48.64,71.28,68.23
70.43,70.43,49.83,72.01,68.33
71.33,71.33,49.35,71.51,69.10
71.21,71.21,48.99,70.51,69.56
69.49,69.49,48.58,69.95,68.52
66.98,66.98,45.50,69.43,68.62
66.89,66.89,46.83,69.67,67.73
67.34,67.34,45.42,70.49,69.17
67.73,67.73,42.26,68.99,69.74
65.19,65.19,46.75,68.48,67.15
60.37,60.37,55.22,69.49,64.22
58.86,58.86,64.00,70.56,67.73
61.40,61.40,71.18,69.22,71.51
56.91,56.91,71.29,69.64,68.80
61.20,61.20,70.44,67.63,70.28
57.91,57.91,66.79,66.30,68.26
56.82,56.82,63.77,67.03,67.34
56.79,56.79,62.77,66.24,68.17
55.41,55.41,63.15,67.59,68.05
55.58,55.58,64.48,68.27,67.96
47.49,47.49,58.33,66.82,67.04
49.59,49.59,54.63,68.21,66.67
50.74,50.74,52.20,68.48,64.99
49.29,49.29,51.38,67.72,65.09
51.33,51.33,52.26,66.79,67.20
57.19,57.19,56.93,68.05,68.90
57.88,57.88,56.47,67.93,68.19
56.03,56.03,54.62,66.75,66.70
55.42,55.42,54.12,66.53,66.12
54.46,54.46,51.84,67.19,67.03
51.24,51.24,49.04,67.00,65.88
52.98,52.98,45.95,67.46,66.45
55.26,55.26,46.43,66.50,68.15
55.30,55.30,45.34,66.10,66.20
59.41,59.41,42.41,65.87,65.82
60.06,60.06,44.35,64.16,67.84
66.56,66.56,50.43,59.71,66.44
73.30,73.30,59.45,61.75,65.12
70.37,70.37,75.54,65.43,72.32
74.39,74.39,74.27,66.93,72.34
73.56,73.56,67.15,68.12,72.26
73.58,73.58,65.35,63.84,66.26
70.24,70.24,60.17,68.98,65.15
71.37,71.37,58.48,70.67,69.09
72.35,72.35,58.18,70.07,69.36
71.11,71.11,56.92,69.05,66.57
69.90,69.90,53.45,70.10,66.23
67.80,67.80,51.42,69.91,67.76
65.36,65.36,51.63,71.98,67.54
62.28,62.28,50.69,70.19,65.19
59.04,59.04,54.31,68.61,66.43
60.24,60.24,56.30,67.45,69.66
61.96,61.96,70.07,66.58,70.49
68.09,68.09,75.30,67.08,67.57
68.82,68.82,69.74,64.85,67.43
68.24,68.24,62.20,64.89,69.44
68.81,68.81,51.70,66.87,69.89
68.08,68.08,51.00,67.65,69.97
66.97,66.97,49.28,68.42,68.29
65.84,65.84,51.88,70.90,70.59
65.89,65.89,46.00,71.18,68.88
64.14,64.14,45.80,68.61,66.93
57.90,57.90,49.19,66.85,64.26
56.02,56.02,56.74,66.16,65.30
61.79,61.79,70.98,66.82,68.43
66.01,66.01,72.42,64.01,68.97
70.50,70.50,67.97,65.48,71.97
72.11,72.11,62.17,67.49,70.61
72.02,72.02,61.87,71.51,67.03
71.34,71.34,60.50,71.16,66.37
67.25,67.25,58.05,67.03,67.09
65.57,65.57,59.17,68.42,68.33
69.05,69.05,57.34,71.02,70.72
73.26,73.26,54.82,70.32,69.04
69.21,69.21,51.74,69.33,67.95
69.88,69.88,52.71,65.36,67.61
68.87,68.87,54.23,61.79,63.95
68.62,68.62,61.35,56.35,63.48
72.17,72.17,77.65,60.09,66.59
73.02,73.02,74.98,65.28,66.17
77.87,77.87,65.89,68.39,65.02
76.58,76.58,60.55,69.62,67.08
69.10,69.10,57.08,67.43,64.95
70.85,70.85,59.68,70.69,65.52
72.04,72.04,52.31,68.83,66.87
72.12,72.12,49.20,70.83,68.71
72.09,72.09,44.69,72.99,69.17
71.66,71.66,43.58,69.19,67.91
69.87,69.87,41.30,71.34,66.51
71.32,71.32,44.22,71.38,67.10
72.03,72.03,50.37,70.61,66.95
67.38,67.38,55.24,71.68,66.47
68.75,68.75,57.69,72.17,65.77
67.35,67.35,55.68,71.34,66.95
69.67,69.67,54.98,71.78,64.99
71.71,71.71,50.90,70.56,67.27
69.63,69.63,47.68,72.15,66.92
70.37,70.37,46.41,73.52,67.99
71.80,71.80,47.74,71.92,67.00
65.75,65.75,49.67,72.76,66.34
63.23,63.23,45.33,71.51,68.35
63.02,63.02,43.75,70.12,66.40
65.48,65.48,51.81,70.56,68.88
69.99,69.99,57.12,64.62,65.51
73.84,73.84,67.16,55.38,67.27
72.32,72.32,79.25,62.69,65.25
72.30,72.30,69.81,63.18,65.79
70.62,70.62,69.15,67.47,65.69
73.67,73.67,55.88,68.36,65.60
72.16,72.16,58.70,70.43,67.55
71.28,71.28,52.03,70.98,64.90
72.35,72.35,52.00,69.45,64.67
73.42,73.42,49.87,68.03,64.18
72.80,72.80,49.38,70.37,65.18
72.78,72.78,49.14,71.86,65.14
73.86,73.86,51.00,72.46,65.64
70.58,70.58,60.20,70.08,66.95
64.52,64.52,63.73,70.44,68.93
62.17,62.17,64.77,69.82,69.37
63.79,63.79,66.21,70.93,70.85
65.71,65.71,66.08,71.20,71.64
64.76,64.76,61.84,72.39,70.95
66.74,66.74,60.86,70.43,70.49
65.79,65.79,56.30,70.86,67.27
65.69,65.69,60.66,69.08,68.23
67.14,67.14,64.36,71.61,69.33
67.65,67.65,58.33,71.85,68.40
63.28,63.28,51.92,70.31,67.99
60.86,60.86,57.73,66.17,66.83
60.21,60.21,52.62,65.36,67.21
62.19,62.19,53.00,63.32,68.42
66.76,66.76,56.32,67.62,67.88
73.14,73.14,56.49,74.81,67.33
74.20,74.20,55.15,73.10,65.39
71.71,71.71,55.30,70.46,67.65
69.62,69.62,53.14,67.94,65.50
68.92,68.92,51.96,67.07,65.54
72.15,72.15,51.38,68.55,63.29
71.58,71.58,50.05,70.67,65.47
70.92,70.92,49.46,72.38,62.44
69.01,69.01,47.19,71.54,67.26
70.26,70.26,47.38,71.61,62.03
70.34,70.34,47.57,68.95,64.23
73.98,73.98,52.88,69.26,62.89
70.90,70.90,61.60,69.96,65.08
70.67,70.67,75.96,70.68,69.16
69.63,69.63,74.20,71.73,64.23
68.96,68.96,67.79,69.30,65.84
70.92,70.92,60.33,68.46,64.00
70.32,70.32,63.99,69.04,65.97
68.25,68.25,58.20,68.20,64.72
71.81,71.81,56.24,70.56,65.45
71.96,71.96,52.96,71.89,65.54
69.93,69.93,52.78,70.45,64.20
69.80,69.80,47.69,70.29,65.44
69.99,69.99,46.76,67.94,64.88
68.87,68.87,46.11,64.69,64.96
64.68,64.68,51.67,63.93,62.58
67.97,67.97,61.65,65.11,66.47
71.67,71.67,73.93,67.71,68.91
72.66,72.66,77.79,64.80,65.20
74.17,74.17,65.69,64.35,66.49
74.40,74.40,62.64,63.92,69.72
72.06,72.06,55.50,65.47,68.39
69.99,69.99,51.33,68.03,67.38
72.24,72.24,50.18,67.42,66.58
72.82,72.82,45.17,69.50,64.40
67.21,67.21,44.89,69.67,67.63
63.98,63.98,43.86,70.05,65.11
61.56,61.56,50.86,70.43,66.12
61.91,61.91,58.28,67.68,65.24
62.42,62.42,68.86,63.93,69.15
64.38,64.38,73.74,68.24,68.52
65.48,65.48,68.55,70.76,73.96
65.88,65.88,60.22,72.13,70.45
63.63,63.63,58.66,67.42,69.37
64.21,64.21,59.52,66.38,67.88
62.85,62.85,62.22,67.30,67.06
59.29,59.29,63.04,70.73,69.27
52.54,52.54,57.14,70.10,67.22
50.91,50.91,58.64,70.53,67.58
48.39,48.39,57.78,67.01,67.79
50.89,50.89,55.87,66.25,67.56
51.73,51.73,61.25,65.22,66.00
60.83,60.83,70.07,60.97,67.49
65.01,65.01,80.04,62.50,65.81
72.00,72.00,67.84,68.36,69.79
69.64,69.64,65.56,70.03,65.78
71.18,71.18,63.13,69.11,64.34
74.27,74.27,58.20,68.14,68.09
70.86,70.86,55.25,68.48,69.05
71.26,71.26,55.22,67.34,67.05
72.86,72.86,53.37,64.77,66.63
71.86,71.86,53.05,68.22,68.74
72.21,72.21,51.96,66.82,68.11
71.75,71.75,51.50,69.89,67.11
71.40,71.40,54.65,62.59,65.68
68.53,68.53,62.32,53.62,68.01
68.67,68.67,72.52,62.15,69.10
71.44,71.44,73.76,59.31,67.79
73.29,73.29,71.40,65.69,67.09
72.57,72.57,62.19,70.57,68.35
69.05,69.05,59.83,67.23,65.71
71.36,71.36,54.37,69.69,65.13
70.09,70.09,52.25,71.86,67.92
71.91,71.91,52.25,68.17,66.58
70.15,70.15,49.47,71.63,65.83
72.10,72.10,47.70,71.84,65.99
69.40,69.40,45.58,70.87,65.80
66.68,66.68,48.31,71.16,67.68
66.93,66.93,51.82,72.27,66.88
70.67,70.67,56.17,70.13,66.72
72.58,72.58,57.64,71.73,68.02
70.22,70.22,56.58,69.01,67.22
69.98,69.98,53.94,71.54,69.51
72.26,72.26,51.68,72.34,67.00
72.08,72.08,48.06,71.22,67.77
72.23,72.23,44.43,71.14,66.17
71.84,71.84,43.53,74.24,70.39
70.59,70.59,42.56,69.50,67.18
68.75,68.75,44.11,73.76,68.85
71.32,71.32,47.47,70.62,68.93
69.01,69.01,49.53,68.85,65.06
69.24,69.24,55.88,72.41,67.75
69.23,69.23,72.41,71.94,70.28
66.68,66.68,72.79,66.12,67.90
68.33,68.33,70.63,61.25,67.72
66.58,66.58,63.78,71.05,69.02
66.46,66.46,63.94,70.46,69.10
65.03,65.03,63.48,68.51,69.15
58.47,58.47,63.28,69.09,67.33
57.26,57.26,61.44,72.70,69.46
54.33,54.33,56.80,70.75,68.46
52.87,52.87,59.81,71.09,70.23
54.47,54.47,58.95,70.99,72.73
56.06,56.06,56.71,69.32,69.72
52.53,52.53,54.44,71.18,68.91
52.42,52.42,58.53,70.94,69.67
50.20,50.20,62.13,69.23,70.17
49.98,49.98,57.58,73.39,66.38
49.97,49.97,55.87,71.27,68.78
50.08,50.08,53.59,70.31,68.89
47.41,47.41,50.11,72.86,67.66
46.10,46.10,57.11,70.37,69.22
44.88,44.88,57.05,72.51,67.90
47.51,47.51,55.74,71.58,68.84
48.57,48.57,51.99,71.73,67.00
51.63,51.63,48.73,71.62,64.23
57.29,57.29,46.96,72.87,63.35
67.42,67.42,53.42,69.81,65.63
73.66,73.66,67.38,68.94,67.09
73.35,73.35,73.08,58.38,68.98
70.67,70.67,71.79,55.31,68.91
70.54,70.54,68.39,68.76,70.46
71.69,71.69,62.13,66.83,71.66
69.92,69.92,59.68,68.43,68.48
71.24,71.24,58.76,68.61,71.57
71.32,71.32,55.93,68.62,69.85
71.21,71.21,53.59,69.97,68.23
71.41,71.41,54.25,69.50,71.63
71.69,71.69,51.21,69.86,71.77
71.99,71.99,49.51,71.48,66.92
70.94,70.94,50.89,68.78,69.38
69.32,69.32,57.10,67.07,68.63
67.36,67.36,64.27,68.69,65.63
66.33,66.33,76.92,68.41,67.76
69.72,69.72,73.67,66.20,70.00
69.18,69.18,70.42,61.83,67.35
71.68,71.68,58.92,69.17,66.43
72.76,72.76,57.51,67.55,68.03
72.23,72.23,56.21,65.36,64.74
72.07,72.07,53.57,67.53,64.84
71.00,71.00,52.71,65.56,62.90
70.02,70.02,51.76,66.99,63.01
69.63,69.63,50.37,67.90,65.94
68.62,68.62,51.66,66.13,66.27
68.44,68.44,57.37,65.91,66.59
70.13,70.13,69.84,68.66,71.81
70.07,70.07,68.55,68.20,73.17
72.13,72.13,67.33,72.90,71.15
69.62,69.62,63.35,72.40,70.18
73.17,73.17,61.51,66.99,70.57
72.36,72.36,60.69,71.96,70.09
74.96,74.96,60.90,71.36,70.26
72.86,72.86,64.87,68.95,66.47
72.16,72.16,60.19,72.75,67.42
68.45,68.45,52.84,72.04,64.43
71.64,71.64,52.75,71.03,64.69
73.61,73.61,50.96,65.33,65.74
71.53,71.53,57.81,67.89,67.52
72.37,72.37,65.54,66.61,69.01
71.19,71.19,78.71,65.01,70.51
72.20,72.20,68.88,62.75,71.28
71.75,71.75,66.86,66.03,68.31
70.70,70.70,61.76,66.18,68.84
71.42,71.42,58.28,64.79,67.71
71.09,71.09,54.39,66.09,67.22
70.07,70.07,50.03,65.10,67.07
71.32,71.32,47.84,67.85,65.21
67.67,67.67,44.20,66.80,65.95
72.09,72.09,44.32,66.22,66.20
74.99,74.99,45.21,66.92,65.56
74.60,74.60,47.06,66.28,65.89
72.59,72.59,54.06,67.41,64.88
75.74,75.74,58.59,66.30,65.86
75.29,75.29,57.24,65.73,65.42
72.44,72.44,56.58,65.37,64.30
71.21,71.21,55.29,65.88,64.57
69.30,69.30,52.72,66.72,66.55
69.85,69.85,50.82,65.87,65.53
67.32,67.32,49.52,65.06,67.54
70.83,70.83,48.48,65.10,64.99
71.32,71.32,46.13,64.27,65.35
71.00,71.00,43.53,63.12,63.09
70.91,70.91,44.63,62.80,65.82
67.16,67.16,53.80,61.13,64.97
66.07,66.07,62.43,58.38,71.16
67.91,67.91,74.31,59.04,73.71
62.41,62.41,78.13,65.43,68.60
64.44,64.44,68.29,62.95,69.83
65.61,65.61,64.51,66.75,69.47
65.98,65.98,55.90,66.47,68.51
63.35,63.35,56.35,67.19,68.75
64.12,64.12,54.84,68.06,69.23
65.71,65.71,54.81,69.43,70.71
65.10,65.10,44.44,67.91,70.32
66.76,66.76,47.71,69.25,70.51
68.32,68.32,47.86,68.42,69.21
63.68,63.68,58.44,67.74,69.02
58.39,58.39,64.99,68.91,69.82
57.11,57.11,73.74,66.33,72.29
55.16,55.16,71.97,67.68,70.27
53.55,53.55,68.44,66.98,71.93
50.58,50.58,63.50,65.88,72.04
49.28,49.28,62.34,66.87,72.50
51.91,51.91,62.71,66.21,72.60
46.83,46.83,65.50,67.32,71.00
48.06,48.06,64.75,67.76,72.73
47.61,47.61,58.33,66.72,70.03
46.49,46.49,57.57,68.90,70.06
49.00,49.00,59.87,68.57,69.97
48.22,48.22,60.26,67.37,71.90
50.11,50.11,63.27,65.59,74.14
48.46,48.46,75.48,65.17,75.86
42.34,42.34,76.19,63.42,74.01
44.74,44.74,66.68,63.81,71.67
42.52,42.52,66.09,64.77,70.95
45.22,45.22,62.52,63.94,74.16
40.81,40.81,57.74,64.72,70.51
43.49,43.49,52.28,67.41,70.44
42.16,42.16,50.24,65.84,71.75
39.70,39.70,50.44,63.93,71.84
40.66,40.66,48.42,63.24,71.02
40.82,40.82,50.37,64.18,70.96
40.77,40.77,53.57,63.37,69.87
39.00,39.00,61.45,62.18,71.24
37.30,37.30,79.11,62.25,72.45
35.59,35.59,68.57,61.89,71.57
36.87,36.87,70.65,63.61,72.08
37.43,37.43,61.21,66.29,72.73
38.66,38.66,58.73,66.16,72.21
35.81,35.81,54.51,67.48,71.27
34.99,34.99,55.13,68.03,71.94
34.54,34.54,52.81,68.02,72.18
34.48,34.48,52.67,67.65,70.84
33.49,33.49,51.22,67.70,70.51
32.96,32.96,53.34,66.75,72.16
30.70,30.70,55.94,68.22,69.13
25.79,25.79,66.70,64.88,70.37
22.84,22.84,74.02,64.56,72.99
24.34,24.34,70.44,69.07,72.25
24.01,24.01,68.18,66.90,71.09
22.26,22.26,65.90,64.15,71.85
17.80,17.80,65.60,65.67,71.94
18.66,18.66,66.40,64.44,71.78
19.80,19.80,69.57,66.08,71.81
20.95,20.95,66.05,65.02,72.14
21.65,21.65,61.88,67.63,71.97
16.69,16.69,60.56,69.11,71.42
17.18,17.18,61.19,68.23,71.73
18.48,18.48,62.18,66.01,72.14
21.64,21.64,68.62,66.23,74.48
21.55,21.55,79.85,67.07,72.09
24.27,24.27,72.24,61.75,70.77
30.38,30.38,69.77,68.23,72.50
30.86,30.86,63.42,64.92,71.57
29.54,29.54,60.86,63.71,70.42
28.32,28.32,61.87,63.91,70.44
30.51,30.51,68.45,62.63,72.88
29.83,29.83,68.42,63.09,72.86
34.37,34.37,66.43,63.41,72.22
36.87,36.87,63.94,64.98,73.12
34.12,34.12,63.17,65.47,71.38
34.87,34.87,63.34,65.63,70.96
36.22,36.22,65.40,62.88,74.00
35.76,35.76,64.52,69.65,72.47
33.04,33.04,64.80,66.37,75.15
37.14,37.14,64.77,66.58,72.73
42.25,42.25,67.12,67.59,73.89
44.92,44.92,65.71,68.36,73.74
48.44,48.44,66.36,66.85,73.37
49.64,49.64,67.09,67.61,71.19
47.51,47.51,66.20,70.17,74.58
46.08,46.08,64.63,70.58,72.98
48.46,48.46,63.74,68.81,70.97
50.98,50.98,64.05,60.33,69.84
56.91,56.91,62.61,68.28,68.97
64.26,64.26,68.35,60.67,71.57
71.57,71.57,74.34,64.61,75.72
73.18,73.18,71.89,66.37,72.43
73.64,73.64,69.92,69.73,69.98
71.39,71.39,62.95,65.76,70.09
70.68,70.68,61.70,69.70,69.70
70.49,70.49,60.13,68.22,69.62
68.21,68.21,61.07,68.15,71.58
66.85,66.85,60.90,71.00,71.46
62.87,62.87,60.22,71.00,71.87
60.60,60.60,60.37,72.19,71.21
61.51,61.51,59.07,71.76,72.47
63.75,63.75,59.05,71.27,70.99
64.17,64.17,58.36,72.13,71.68
66.02,66.02,57.77,72.93,74.90
71.07,71.07,57.78,72.20,73.01
69.45,69.45,57.83,72.53,71.24
69.99,69.99,57.89,71.45,69.42
70.16,70.16,57.97,72.82,71.31
69.03,69.03,58.98,72.14,69.78
64.91,64.91,59.36,71.12,71.73
60.13,60.13,59.63,73.17,70.83
60.94,60.94,58.43,71.54,70.45
60.47,60.47,59.45,72.54,72.56
57.15,57.15,57.94,72.03,71.19
59.55,59.55,55.42,70.03,71.54
63.32,63.32,56.22,68.89,69.68
66.19,66.19,61.37,63.92,72.01
72.11,72.11,68.78,64.60,70.54
73.00,73.00,74.15,71.35,68.55
73.00,73.00,68.14,72.61,69.50
71.91,71.91,62.99,69.63,69.24
71.72,71.72,62.64,70.38,69.16
68.53,68.53,61.05,70.34,68.94
71.23,71.23,60.68,69.19,70.48
71.38,71.38,64.02,71.35,68.27
72.76,72.76,59.16,71.59,70.16
73.09,73.09,58.82,71.94,68.46
71.00,71.00,60.75,72.57,67.83
74.02,74.02,58.07,71.21,69.37
71.57,71.57,55.10,72.36,68.05
73.38,73.38,57.26,72.28,68.33
72.94,72.94,55.82,71.64,67.92
72.89,72.89,54.96,73.16,67.47
74.74,74.74,52.85,72.52,68.24
75.23,75.23,52.92,70.87,67.35
76.49,76.49,52.48,71.90,69.35
75.02,75.02,50.96,69.07,67.09
72.23,72.23,52.47,71.25,67.73
73.53,73.53,51.24,71.75,69.11
76.91,76.91,49.74,70.34,67.20
74.56,74.56,50.37,71.41,67.53
75.48,75.48,49.76,69.80,67.80
77.16,77.16,52.06,66.28,68.89
76.84,76.84,57.15,58.39,67.41
77.27,77.27,62.62,63.92,69.78
74.09,74.09,78.33,63.17,71.16
72.32,72.32,69.76,62.64,70.52
73.50,73.50,64.73,66.16,71.99
74.94,74.94,55.11,67.99,72.56
75.78,75.78,56.13,65.56,68.30
76.28,76.28,56.17,61.98,68.24
77.50,77.50,54.61,64.03,67.59
74.99,74.99,53.58,65.19,65.77
72.30,72.30,52.72,65.72,67.14
69.75,69.75,51.27,59.65,64.96
71.88,71.88,50.26,63.43,66.25
71.60,71.60,53.81,56.92,64.77
72.19,72.19,59.20,55.38,67.91
80.11,80.11,70.19,59.66,70.51
74.37,74.37,73.10,62.01,68.93
69.92,69.92,71.38,54.71,68.13
70.68,70.68,63.17,67.00,70.71
73.53,73.53,58.93,71.51,70.40
70.48,70.48,57.11,70.33,68.25
70.30,70.30,56.89,69.00,68.19
69.18,69.18,53.30,68.20,68.40
69.15,69.15,52.57,69.66,70.45
68.58,68.58,52.79,72.38,68.22
67.05,67.05,52.94,70.03,70.54
68.51,68.51,52.85,67.53,71.07
70.92,70.92,54.78,66.11,71.72
70.81,70.81,55.82,62.38,70.64
70.51,70.51,54.04,66.29,71.92
68.67,68.67,52.24,74.36,70.44
71.53,71.53,49.33,69.72,71.45
72.81,72.81,49.62,67.00,71.07
69.90,69.90,47.60,68.46,68.88
67.29,67.29,47.58,70.29,70.04
68.55,68.55,45.86,69.71,72.72
68.50,68.50,46.23,70.43,70.70
69.52,69.52,44.21,63.86,71.62
69.85,69.85,45.07,67.12,70.86
71.19,71.19,53.39,69.52,69.78
69.75,69.75,61.93,65.27,69.72
70.92,70.92,69.76,70.91,73.51
75.68,75.68,69.45,71.70,70.52
75.51,75.51,64.92,70.61,66.86
74.59,74.59,60.35,69.37,70.98
73.08,73.08,59.65,66.83,68.83
74.78,74.78,59.46,67.98,69.26
72.97,72.97,58.06,70.21,70.98
71.66,71.66,58.69,70.04,70.29
73.41,73.41,56.76,69.95,69.03
69.17,69.17,54.25,69.34,69.37
70.29,70.29,54.52,69.16,70.36
70.39,70.39,55.08,70.55,69.39
69.57,69.57,55.20,69.54,69.84
69.39,69.39,55.20,69.59,70.05
72.30,72.30,55.51,70.10,72.13
72.94,72.94,53.03,69.74,69.18
67.44,67.44,51.24,69.85,69.01
64.86,64.86,50.32,69.55,69.31
68.26,68.26,50.16,69.66,70.50
70.04,70.04,50.15,70.43,69.95
67.25,67.25,48.58,69.77,71.36
68.77,68.77,47.80,69.46,71.18
67.51,67.51,46.52,68.06,69.98
62.50,62.50,47.42,65.77,72.08
64.29,64.29,50.41,64.76,73.55
64.45,64.45,63.49,63.48,71.06
63.31,63.31,77.19,66.15,70.81
62.52,62.52,71.51,65.25,71.76
65.55,65.55,68.78,54.77,72.06
63.81,63.81,64.28,67.06,71.50
62.70,62.70,59.49,67.29,69.75
64.71,64.71,56.36,68.20,69.63
65.29,65.29,49.73,69.93,71.62
63.15,63.15,48.79,71.88,70.04
62.74,62.74,46.76,71.69,74.11
62.01,62.01,44.13,71.09,73.87
62.49,62.49,43.06,70.87,71.80
63.19,63.19,45.45,71.23,73.73
64.38,64.38,56.63,71.30,70.11
68.83,68.83,64.45,68.81,70.41
64.85,64.85,71.44,68.94,71.12
64.00,64.00,70.69,69.36,70.49
64.54,64.54,66.36,69.09,72.97
65.53,65.53,62.28,69.20,70.36
65.76,65.76,61.20,70.00,69.58
64.67,64.67,61.54,69.59,71.76
63.08,63.08,62.62,69.82,71.22
61.93,61.93,58.85,69.17,70.98
60.53,60.53,55.40,69.32,69.99
58.39,58.39,55.18,68.37,69.29
59.37,59.37,53.99,70.09,69.42
56.53,56.53,52.63,66.28,68.67
56.56,56.56,59.31,67.35,72.04
61.54,61.54,57.89,64.07,71.48
60.38,60.38,57.63,73.14,71.09
59.87,59.87,52.72,63.85,71.89
60.54,60.54,48.56,69.17,71.80
60.97,60.97,48.79,68.39,73.12
62.35,62.35,46.00,69.73,72.05
62.24,62.24,45.47,69.64,71.30
62.96,62.96,45.10,69.06,73.65
62.54,62.54,42.94,67.91,72.16
58.84,58.84,41.87,69.89,71.57
60.89,60.89,50.74,69.03,71.99
59.47,59.47,58.23,64.84,69.25
56.76,56.76,67.49,63.52,69.13
56.26,56.26,79.66,63.81,66.89
53.87,53.87,67.72,66.84,68.21
51.04,51.04,65.81,64.43,70.11
51.65,51.65,58.46,66.78,69.18
53.57,53.57,59.63,68.57,71.03
55.54,55.54,58.68,69.34,73.08
54.89,54.89,58.21,68.61,72.04
54.95,54.95,55.97,66.79,70.94
55.30,55.30,50.86,68.97,70.46
53.99,53.99,46.86,68.48,70.10
55.14,55.14,46.25,68.60,70.43
54.39,54.39,52.37,65.02,69.93
54.86,54.86,65.65,61.77,69.26
54.91,54.91,76.41,65.42,71.15
57.93,57.93,75.20,65.02,72.75
58.37,58.37,65.69,61.67,71.64
57.65,57.65,63.81,68.38,73.89
56.46,56.46,56.50,67.50,72.85
58.07,58.07,51.81,65.64,72.95
59.39,59.39,49.67,67.33,73.32
55.63,55.63,45.86,66.51,71.60
55.17,55.17,43.52,66.86,73.22
51.12,51.12,41.97,65.36,75.15
50.39,50.39,46.43,65.82,72.49
50.53,50.53,50.06,66.52,71.65
51.61,51.61,56.59,67.15,69.45
57.03,57.03,71.03,66.70,73.19
56.25,56.25,71.96,68.78,73.21
49.92,49.92,69.44,68.69,71.07
48.98,48.98,65.70,68.87,70.80
48.62,48.62,63.53,70.93,71.90
47.40,47.40,62.50,69.58,72.25
46.39,46.39,63.78,67.05,71.70
46.82,46.82,64.79,68.78,72.50
44.60,44.60,60.80,69.83,72.45
43.53,43.53,55.94,69.45,72.24
50.22,50.22,57.88,70.30,71.40
46.27,46.27,55.48,69.34,70.43
55.67,55.67,60.53,65.31,69.30
60.67,60.67,71.53,62.63,71.60
57.15,57.15,80.08,67.98,71.24
52.50,52.50,69.88,63.25,70.94
52.30,52.30,67.69,60.61,71.54
51.61,51.61,69.30,63.61,68.84
48.67,48.67,67.40,64.15,68.67
45.89,45.89,66.29,63.72,68.39
44.60,44.60,66.68,68.16,69.60
44.42,44.42,66.27,68.74,68.01
44.39,44.39,66.43,71.03,70.86
42.16,42.16,65.76,71.70,73.16
45.61,45.61,66.22,70.39,68.87
50.57,50.57,65.98,68.32,69.14
57.56,57.56,68.65,68.62,68.75
66.98,66.98,80.94,68.74,69.79
70.70,70.70,69.02,63.52,68.86
71.31,71.31,65.11,63.11,68.17
71.50,71.50,63.50,66.13,70.90
69.83,69.83,61.47,64.82,70.37
70.64,70.64,61.26,68.30,70.75
73.74,73.74,61.42,70.43,67.08
76.18,76.18,61.28,71.13,71.89
69.73,69.73,61.15,67.78,68.21
69.53,69.53,62.77,68.54,67.75
71.30,71.30,61.48,69.65,70.15
74.73,74.73,61.49,71.55,67.70
75.46,75.46,62.31,71.43,67.87
73.18,73.18,60.09,70.46,68.35
73.53,73.53,60.80,71.12,68.28
71.19,71.19,62.31,70.46,70.00
70.40,70.40,62.14,70.54,70.55
70.49,70.49,61.05,70.43,72.21
69.88,69.88,60.82,71.43,70.94
70.49,70.49,60.09,71.05,70.24
72.62,72.62,58.18,70.82,69.17
72.23,72.23,59.26,69.95,70.96
72.99,72.99,58.04,68.03,70.82
72.48,72.48,59.58,68.90,69.61
70.68,70.68,59.71,68.31,70.19
64.66,64.66,62.90,68.35,67.47
70.61,70.61,68.50,66.59,69.76
71.34,71.34,67.15,66.53,69.83
72.04,72.04,66.07,66.11,69.17
71.42,71.42,64.62,68.29,69.66
72.09,72.09,65.29,71.05,70.36
70.11,70.11,63.74,70.85,71.16
72.65,72.65,59.48,70.71,72.23
72.65,72.65,60.21,70.24,70.87
76.23,76.23,61.30,67.79,71.91
77.89,77.89,61.82,70.46,71.78
77.50,77.50,59.58,70.19,70.52
76.63,76.63,57.16,69.85,71.23
76.21,76.21,56.10,70.37,70.05
71.31,71.31,56.05,68.91,69.27
70.99,70.99,57.84,68.58,70.92
72.76,72.76,56.19,70.25,68.40
71.70,71.70,55.91,70.13,69.79
71.63,71.63,54.42,69.71,66.72
72.58,72.58,54.48,68.95,70.32
71.71,71.71,53.53,69.25,69.47
67.81,67.81,51.20,71.29,70.34
68.43,68.43,51.09,71.18,70.70
66.75,66.75,48.86,70.15,70.49
63.91,63.91,49.03,69.88,73.07
63.55,63.55,49.81,69.23,69.76
66.36,66.36,57.25,69.29,70.59
74.66,74.66,67.49,68.93,70.94
74.53,74.53,77.88,65.25,67.56
70.39,70.39,68.87,62.95,66.88
70.06,70.06,61.93,67.02,70.19
73.78,73.78,63.09,70.77,68.28
73.79,73.79,61.44,70.00,67.97
72.75,72.75,61.42,70.48,67.50
71.54,71.54,60.37,71.55,69.34
74.56,74.56,58.89,72.46,70.72
74.94,74.94,55.05,71.64,65.75
74.88,74.88,51.84,72.12,68.97
74.53,74.53,49.34,71.58,69.67
74.60,74.60,52.46,70.91,66.03
75.41,75.41,59.81,69.38,68.08
74.36,74.36,71.85,66.01,70.22
70.77,70.77,73.72,64.91,69.29
69.58,69.58,72.39,64.40,69.47
69.63,69.63,62.59,67.75,67.85
72.75,72.75,61.12,67.72,69.68
71.24,71.24,60.02,67.98,70.33
73.42,73.42,55.49,64.58,68.62
74.52,74.52,54.62,67.61,67.22
73.45,73.45,54.00,69.46,69.60
73.24,73.24,52.18,69.84,68.21
73.09,73.09,50.12,68.72,68.50
69.51,69.51,48.22,67.42,69.47
65.90,65.90,45.76,68.18,67.77
66.47,66.47,45.09,69.02,69.90
66.65,66.65,44.61,61.09,69.29
65.97,65.97,40.72,64.59,72.42
68.91,68.91,41.24,68.19,69.90
68.89,68.89,41.18,69.06,70.00
66.80,66.80,42.19,68.65,70.41
65.75,65.75,43.98,70.60,70.18
60.81,60.81,43.65,71.17,70.63
57.99,57.99,44.57,73.31,70.56
59.31,59.31,43.91,71.15,71.13
58.66,58.66,45.51,67.76,68.13
64.35,64.35,52.25,64.05,66.89
70.52,70.52,60.81,60.44,70.41
73.50,73.50,69.31,61.32,70.48
71.34,71.34,68.57,73.06,70.05
71.22,71.22,70.53,70.07,69.36
69.93,69.93,67.51,70.83,71.17
72.20,72.20,66.08,69.67,71.33
70.51,70.51,65.63,68.27,70.50
71.29,71.29,62.68,67.62,70.65
71.91,71.91,64.09,70.06,69.66
68.29,68.29,59.90,70.49,70.39
68.77,68.77,54.49,71.21,71.49
68.02,68.02,56.47,72.51,69.69
68.42,68.42,56.05,70.04,69.58
65.89,65.89,54.30,71.22,69.86
65.07,65.07,55.44,69.50,70.57
65.71,65.71,55.99,70.79,71.65
68.60,68.60,53.13,72.12,70.32
71.17,71.17,50.86,71.56,71.48
73.01,73.01,50.96,70.71,70.58
70.74,70.74,54.04,70.81,71.02
67.02,67.02,49.46,69.11,71.72
67.15,67.15,47.24,71.70,71.23
67.74,67.74,45.13,71.57,71.65
67.72,67.72,43.70,70.47,72.01
66.28,66.28,46.08,70.58,70.85
67.19,67.19,50.20,62.16,72.01
70.43,70.43,56.87,64.41,71.28
67.74,67.74,78.08,66.58,70.34
66.30,66.30,74.25,67.61,70.51
66.06,66.06,69.32,68.60,68.60
67.84,67.84,61.34,65.83,71.88
67.89,67.89,59.20,68.03,71.07
66.71,66.71,57.48,68.16,71.48
65.16,65.16,54.81,66.03,71.39
65.59,65.59,53.14,65.04,70.50
67.92,67.92,49.74,66.81,69.75
73.67,73.67,48.81,67.01,69.79
71.59,71.59,47.28,67.76,68.92
70.37,70.37,50.43,68.17,70.13
69.41,69.41,54.78,66.01,69.65
67.80,67.80,62.25,69.22,71.78
67.65,67.65,74.05,66.92,70.04
65.68,65.68,70.71,69.19,69.47
65.67,65.67,69.29,69.74,70.07
64.14,64.14,67.52,68.56,72.27
65.26,65.26,65.86,69.46,70.55
63.76,63.76,63.30,68.79,72.43
65.47,65.47,61.46,70.45,72.10
66.36,66.36,63.57,69.57,70.88
65.83,65.83,58.34,69.56,71.66
71.57,71.57,53.90,63.96,73.29
70.50,70.50,53.38,65.37,71.88
68.80,68.80,50.71,64.18,70.71
70.91,70.91,55.01,69.41,72.42
71.57,71.57,60.83,74.03,70.38
71.48,71.48,59.50,70.34,70.51
70.83,70.83,56.11,71.02,71.06
73.30,73.30,55.37,69.09,70.55
69.11,69.11,53.29,69.25,70.47
70.38,70.38,50.74,68.65,71.25
68.97,68.97,48.55,69.19,72.93
66.11,66.11,48.97,70.30,71.16
67.43,67.43,47.28,70.88,72.35
66.92,66.92,47.04,70.75,69.60
66.72,66.72,48.30,69.34,70.01
67.52,67.52,55.47,66.61,71.04
68.87,68.87,66.40,66.31,73.39
66.15,66.15,75.92,66.47,71.29
67.29,67.29,72.64,65.53,70.58
70.01,70.01,65.54,64.72,72.50
66.12,66.12,60.47,63.07,71.60
62.60,62.60,57.69,68.46,71.32
65.02,65.02,58.98,70.67,71.99
64.01,64.01,57.44,71.36,71.74
69.51,69.51,55.11,69.70,71.38
68.56,68.56,53.47,70.93,72.26
70.12,70.12,50.39,67.21,70.64
67.02,67.02,48.14,68.60,69.19
62.98,62.98,48.51,61.90,69.68
55.98,55.98,57.75,63.15,71.07
59.52,59.52,70.41,64.15,73.56
52.60,52.60,80.40,71.39,71.60
52.38,52.38,67.10,68.66,69.90
52.10,52.10,61.98,69.76,70.88
51.33,51.33,56.55,69.87,69.71
49.31,49.31,58.53,70.85,70.55
45.75,45.75,58.89,73.28,68.82
49.78,49.78,52.94,70.58,69.79
50.80,50.80,49.73,68.25,70.00
47.90,47.90,47.82,71.77,68.75
47.54,47.54,44.81,67.20,70.11
49.35,49.35,49.68,62.87,67.08
51.96,51.96,58.31,66.96,72.27
54.27,54.27,74.86,67.76,75.40
51.11,51.11,73.05,67.05,73.23
51.04,51.04,70.17,73.62,72.50
46.45,46.45,65.17,66.61,71.39
43.93,43.93,62.92,68.95,71.70
43.52,43.52,60.14,69.74,71.17
45.57,45.57,61.54,70.82,69.84
47.20,47.20,60.82,68.62,70.83
57.43,57.43,56.01,70.40,73.39
49.96,49.96,57.40,68.52,70.90
47.58,47.58,54.71,71.73,70.35
54.79,54.79,55.13,68.83,69.46
65.86,65.86,60.88,63.12,70.21
70.32,70.32,69.00,59.98,69.12
72.15,72.15,77.75,64.59,69.71
72.24,72.24,71.79,66.03,68.42
66.39,66.39,64.77,64.28,69.46
65.15,65.15,64.92,69.69,70.29
62.18,62.18,64.84,68.21,68.36
58.77,58.77,59.09,65.71,70.09
56.43,56.43,58.80,66.91,69.95
60.93,60.93,57.22,62.08,69.87
56.92,56.92,56.84,64.09,72.07
57.12,57.12,55.71,65.39,71.64
53.77,53.77,54.39,63.90,70.99
56.17,56.17,57.00,53.96,70.47
63.03,63.03,66.72,56.59,70.04
71.24,71.24,79.68,68.56,71.30
72.50,72.50,69.38,64.18,73.75
74.46,74.46,61.50,68.41,70.99
72.89,72.89,60.39,67.22,70.62
74.81,74.81,59.45,66.75,70.78
70.47,70.47,57.08,71.04,69.64
72.00,72.00,54.93,67.10,71.79
71.60,71.60,55.78,64.15,72.08
70.45,70.45,57.72,68.96,70.38
72.35,72.35,58.71,70.12,71.10
72.23,72.23,59.24,70.58,70.54
73.99,73.99,59.68,72.20,69.76
72.79,72.79,57.47,69.45,70.18
72.60,72.60,56.87,71.96,69.00
72.94,72.94,55.24,70.01,71.40
76.07,76.07,57.03,70.43,69.03
70.48,70.48,56.79,71.45,68.80
68.63,68.63,56.72,69.69,71.23
71.59,71.59,56.73,70.53,66.79
70.23,70.23,55.76,70.80,70.95
71.32,71.32,55.86,67.55,69.15
75.28,75.28,57.86,71.29,69.00
76.34,76.34,57.16,70.80,69.76
70.45,70.45,53.51,69.38,70.05
67.12,67.12,57.09,69.85,69.79
63.66,63.66,60.94,72.32,69.91
70.79,70.79,66.72,73.01,71.14
73.42,73.42,70.07,71.12,73.42
71.46,71.46,68.99,74.11,71.60
69.71,69.71,66.72,70.76,72.95
71.94,71.94,65.11,73.51,71.42
73.67,73.67,63.22,70.86,70.67
72.73,72.73,61.77,72.75,69.55
73.23,73.23,65.46,71.84,70.73
72.18,72.18,62.11,71.40,71.13
72.92,72.92,57.74,70.62,71.22
73.18,73.18,57.71,74.38,69.55
72.66,72.66,55.93,71.91,72.31
73.33,73.33,59.46,74.01,69.56
71.23,71.23,59.26,72.68,69.42
70.92,70.92,56.20,73.03,70.33
70.53,70.53,56.04,73.01,70.90
70.46,70.46,55.41,74.52,71.26
67.47,67.47,56.41,72.18,72.26
66.58,66.58,55.88,75.64,70.23
65.81,65.81,54.56,73.16,72.05
67.65,67.65,53.58,74.01,70.43
67.19,67.19,52.27,74.58,70.33
69.47,69.47,51.84,73.56,72.63
71.79,71.79,51.44,73.93,68.06
72.40,72.40,51.83,73.32,67.99
72.60,72.60,54.46,71.02,69.56
72.57,72.57,61.37,71.36,70.64
72.97,72.97,72.98,70.78,71.57
74.01,74.01,72.82,67.86,66.20
73.05,73.05,66.43,63.06,66.12
72.36,72.36,61.81,65.27,69.29
68.67,68.67,59.84,71.48,67.48
70.42,70.42,57.71,68.84,67.54
70.01,70.01,56.60,71.51,69.42
72.34,72.34,56.55,70.74,70.15
70.52,70.52,56.15,71.84,68.82
71.80,71.80,55.13,71.73,69.00
71.14,71.14,54.63,72.33,69.33
67.38,67.38,53.73,70.52,68.62
66.65,66.65,57.51,69.61,69.98
68.43,68.43,64.58,67.60,71.00
72.67,72.67,76.71,70.30,69.41
74.39,74.39,66.60,66.19,71.10
72.85,72.85,68.95,72.96,69.50
73.49,73.49,57.83,72.07,67.30
73.83,73.83,60.42,72.48,68.06
73.21,73.21,55.02,73.41,68.07
70.20,70.20,52.31,72.94,66.65
71.84,71.84,52.30,73.39,69.08
73.03,73.03,49.53,74.68,67.86
71.52,71.52,50.30,74.30,67.67
72.89,72.89,50.89,73.31,67.45
73.95,73.95,50.83,73.17,67.22
73.25,73.25,52.32,72.21,66.19
71.65,71.65,56.13,74.06,67.32
70.80,70.80,54.82,68.90,68.30
69.91,69.91,55.45,74.05,67.59
73.79,73.79,55.53,70.80,67.14
74.99,74.99,54.08,72.10,66.74
72.88,72.88,53.05,73.71,70.39
67.33,67.33,51.64,72.14,68.84
67.07,67.07,51.28,73.72,68.76
66.34,66.34,54.29,72.16,71.22
67.02,67.02,54.03,73.25,72.89
68.70,68.70,55.50,69.98,71.54
67.92,67.92,58.96,60.86,68.76
72.12,72.12,69.59,66.12,69.19
71.88,71.88,68.70,69.83,69.49
74.97,74.97,67.59,73.20,70.03
73.99,73.99,62.30,69.91,69.26
72.63,72.63,60.62,68.67,68.86
71.69,71.69,58.48,68.72,70.57
72.02,72.02,58.97,67.58,70.38
73.19,73.19,59.98,68.87,68.84
72.80,72.80,58.35,68.16,70.23
72.33,72.33,54.66,68.50,69.19
72.28,72.28,53.45,69.11,68.94
72.77,72.77,53.35,68.70,69.50
70.79,70.79,51.89,68.16,67.77
72.67,72.67,53.99,69.31,68.04
72.86,72.86,56.09,68.64,67.62
72.76,72.76,54.37,67.71,67.35
72.70,72.70,53.58,68.55,70.72
76.66,76.66,52.03,69.34,70.43
77.37,77.37,50.35,69.34,71.37
73.58,73.58,48.32,69.58,70.13
70.14,70.14,48.70,69.59,70.31
67.02,67.02,45.85,68.92,71.85
68.92,68.92,44.95,67.98,70.05
67.64,67.64,43.71,66.93,71.02
67.52,67.52,44.84,63.50,71.15
67.30,67.30,49.21,65.83,70.29
69.65,69.65,61.62,66.31,72.33
69.47,69.47,76.36,68.23,72.35
73.08,73.08,70.21,62.14,70.86
71.76,71.76,65.39,63.90,69.39
73.35,73.35,60.33,68.44,70.08
71.27,71.27,60.04,69.47,69.76
72.90,72.90,53.94,69.12,70.87
73.67,73.67,50.61,69.41,70.85
72.09,72.09,48.39,72.12,69.75
71.80,71.80,46.86,70.54,70.81
72.61,72.61,47.45,70.29,70.75
72.61,72.61,49.22,70.45,70.09
70.17,70.17,54.41,70.78,70.49
71.20,71.20,57.36,70.42,69.81
73.85,73.85,70.82,71.47,70.56
70.47,70.47,70.53,71.83,68.39
67.66,67.66,65.42,70.32,69.65
65.62,65.62,60.56,69.91,69.37
67.53,67.53,59.25,70.07,71.26
65.01,65.01,56.20,70.40,71.47
63.61,63.61,55.10,69.70,70.93
61.28,61.28,54.41,69.29,72.53
63.17,63.17,52.71,69.66,73.17
64.92,64.92,56.77,71.56,71.89
66.51,66.51,53.62,69.48,72.03
67.29,67.29,53.00,68.04,71.64
67.73,67.73,58.81,69.58,71.77
67.55,67.55,74.98,68.68,73.10
67.63,67.63,71.70,69.44,72.90
70.61,70.61,64.03,66.06,73.33
68.16,68.16,62.41,69.77,72.56
69.44,69.44,54.93,69.90,72.22
70.48,70.48,50.81,69.92,70.13
70.44,70.44,49.63,71.21,72.10
70.08,70.08,52.60,71.62,70.22
69.10,69.10,52.29,72.40,69.91
70.31,70.31,51.19,71.58,71.25
67.05,67.05,50.63,70.69,71.82
67.98,67.98,55.69,70.04,72.59
68.62,68.62,68.04,71.30,71.53
66.95,66.95,77.68,70.09,71.79
62.14,62.14,69.99,67.30,73.44
64.20,64.20,66.58,69.09,74.41
61.43,61.43,59.74,70.47,74.70
62.01,62.01,57.95,70.84,73.27
60.04,60.04,55.20,70.48,74.67
62.02,62.02,55.12,70.02,73.31
61.59,61.59,52.36,70.22,73.13
63.41,63.41,51.95,69.91,73.39
62.80,62.80,51.63,69.43,72.67
64.52,64.52,51.28,69.90,73.03
63.32,63.32,59.29,68.48,71.83
60.35,60.35,61.79,66.23,71.00
59.48,59.48,74.99,66.18,73.63
58.29,58.29,74.18,69.22,72.01
57.25,57.25,67.10,70.54,71.54
56.16,56.16,62.49,67.96,73.02
58.68,58.68,65.62,67.89,72.97
60.38,60.38,65.91,68.04,74.81
54.77,54.77,63.97,67.98,73.15
56.81,56.81,58.52,67.37,74.98
58.90,58.90,57.05,68.19,72.85
57.14,57.14,55.66,69.15,72.34
59.31,59.31,55.90,69.03,74.49
58.84,58.84,56.10,69.96,73.77
58.92,58.92,60.09,65.48,72.73
57.06,57.06,60.76,65.65,72.02
59.28,59.28,77.36,65.35,72.50
59.24,59.24,71.65,65.42,73.18
56.43,56.43,72.82,69.36,72.30
51.76,51.76,62.82,67.88,71.16
50.21,50.21,62.83,68.90,72.34
47.70,47.70,59.51,70.51,71.94
47.87,47.87,58.24,69.90,71.57
48.13,48.13,57.54,66.93,71.73
49.00,49.00,57.89,66.23,71.16
53.63,53.63,57.69,68.26,73.96
51.08,51.08,56.46,69.40,71.26
46.95,46.95,59.77,67.83,70.72
44.80,44.80,62.37,70.30,71.45
45.10,45.10,70.59,69.72,73.18
43.40,43.40,71.47,71.32,72.03
46.05,46.05,67.60,66.39,71.57
44.44,44.44,64.86,65.48,71.30
42.61,42.61,60.84,68.72,72.10
41.49,41.49,64.71,67.89,74.26
40.47,40.47,69.51,69.65,71.57
39.68,39.68,71.51,71.55,70.98
36.30,36.30,69.82,72.29,71.24
37.10,37.10,64.42,70.61,70.69
37.09,37.09,59.73,71.43,70.46
36.75,36.75,58.75,73.94,71.89
39.02,39.02,64.00,73.33,72.77
44.36,44.36,69.68,73.05,72.45
38.02,38.02,79.73,72.38,73.98
36.05,36.05,71.99,70.65,73.20
34.36,34.36,66.21,69.61,71.40
37.18,37.18,65.70,70.09,72.39
34.51,34.51,65.33,70.04,71.11
31.16,31.16,64.00,70.05,70.32
31.25,31.25,64.65,69.65,70.38
29.99,29.99,63.96,71.80,70.58
33.79,33.79,63.72,72.66,70.50
36.21,36.21,64.66,73.00,70.24
35.50,35.50,64.89,72.10,70.14
36.44,36.44,63.95,71.44,70.86
35.16,35.16,64.29,71.89,71.91
33.92,33.92,63.95,72.11,72.06
33.10,33.10,63.27,72.68,73.01
32.25,32.25,63.15,73.01,72.33
30.38,30.38,62.82,71.91,72.16
31.03,31.03,61.76,71.16,73.95
32.11,32.11,61.09,71.51,75.40
33.49,33.49,61.14,71.39,74.48
35.99,35.99,60.21,70.95,75.29
38.71,38.71,60.28,70.30,75.56
45.35,45.35,59.26,71.27,75.07
53.26,53.26,57.85,72.63,74.55
61.89,61.89,61.66,73.31,73.97
69.67,69.67,67.54,72.00,74.21
68.55,68.55,74.57,69.01,74.79
71.23,71.23,70.81,66.78,74.54
71.05,71.05,66.99,67.78,76.35
70.63,70.63,65.20,66.58,73.19
73.90,73.90,64.28,68.40,74.29
74.89,74.89,64.34,68.40,73.24
75.06,75.06,62.46,69.77,71.55
72.65,72.65,62.27,68.34,71.86
69.27,69.27,59.57,68.11,72.00
68.07,68.07,58.72,69.99,70.76
65.83,65.83,59.36,68.31,73.73
66.89,66.89,55.83,66.57,72.66
67.94,67.94,54.18,68.68,73.68
68.23,68.23,54.27,68.90,74.14
68.65,68.65,52.83,68.43,75.16
69.69,69.69,54.21,68.45,75.94
68.64,68.64,51.32,68.47,74.24
67.03,67.03,49.57,68.58,74.92
65.96,65.96,49.25,68.11,73.70
68.05,68.05,49.15,68.24,74.49
66.58,66.58,48.28,67.76,72.48
67.46,67.46,49.98,67.50,74.28
64.57,64.57,48.59,65.28,72.74
60.79,60.79,48.10,67.84,72.71
63.81,63.81,52.43,65.66,70.59
67.82,67.82,58.47,64.79,69.49
73.26,73.26,64.18,59.56,70.13
74.05,74.05,76.51,62.09,72.18
76.07,76.07,70.18,64.12,72.79
71.76,71.76,67.10,67.54,70.83
74.57,74.57,61.82,70.16,69.68
69.39,69.39,59.20,69.14,69.98
66.96,66.96,58.85,68.08,71.05
64.71,64.71,59.09,69.39,72.60
62.84,62.84,56.46,68.51,72.55
61.20,61.20,53.70,67.06,73.09
60.84,60.84,51.75,67.47,72.27
63.98,63.98,51.04,69.33,71.21
68.02,68.02,52.81,70.64,71.01
69.99,69.99,62.60,71.44,71.07
70.74,70.74,74.81,72.16,72.50
69.81,69.81,75.04,72.37,71.74
68.25,68.25,70.62,71.74,71.84
70.51,70.51,62.90,70.30,70.95
70.30,70.30,53.90,67.09,72.55
70.09,70.09,54.85,67.16,72.31
70.25,70.25,53.42,70.95,70.67
68.28,68.28,52.15,73.30,72.46
68.21,68.21,54.96,73.61,73.57
66.61,66.61,54.55,73.34,71.34
68.68,68.68,54.43,71.33,70.01
67.79,67.79,56.87,72.48,68.87
69.86,69.86,65.59,71.80,69.37
72.65,72.65,74.40,70.51,70.99
72.20,72.20,75.23,61.16,68.61
73.60,73.60,71.02,67.08,71.53
71.47,71.47,67.28,65.86,72.99
71.29,71.29,63.38,63.94,70.92
71.91,71.91,62.87,68.03,72.44
68.27,68.27,65.85,66.07,75.58
65.48,65.48,67.78,64.26,75.24
59.89,59.89,62.15,64.33,72.91
60.33,60.33,56.94,63.35,74.49
59.23,59.23,56.42,70.70,75.50
66.85,66.85,55.12,69.66,69.09
74.15,74.15,62.02,69.43,67.73
76.43,76.43,70.79,62.65,69.48
73.95,73.95,77.84,64.50,69.43
74.53,74.53,68.09,65.13,66.42
73.81,73.81,70.11,67.36,67.27
71.14,71.14,61.42,70.18,66.78
75.10,75.10,61.48,69.69,69.56
72.55,72.55,62.85,73.33,68.00
73.12,73.12,62.11,72.52,68.90
74.47,74.47,59.55,70.24,70.99
74.84,74.84,54.50,71.89,67.80
73.77,73.77,49.77,71.68,68.80
73.32,73.32,52.46,70.92,68.69
75.12,75.12,55.22,70.48,68.08
74.25,74.25,60.37,70.18,68.81
73.55,73.55,60.98,72.25,69.00
75.13,75.13,59.28,71.80,67.71
74.11,74.11,56.13,72.34,67.25
73.62,73.62,55.00,71.72,69.67
72.51,72.51,54.80,71.13,69.76
73.09,73.09,54.69,71.41,68.56
73.47,73.47,52.48,71.62,69.72
75.44,75.44,48.11,69.98,68.27
72.83,72.83,45.00,72.30,68.37
73.11,73.11,45.09,72.83,69.38
71.06,71.06,50.43,73.16,67.94
68.78,68.78,57.86,69.02,69.60
69.36,69.36,69.79,62.68,74.05
65.96,65.96,77.57,65.31,71.75
66.25,66.25,71.36,63.28,71.47
69.10,69.10,72.48,69.01,72.55
68.09,68.09,61.15,70.25,71.39
67.90,67.90,61.74,70.18,70.50
65.95,65.95,61.41,71.75,72.51
66.72,66.72,62.56,69.64,70.11
66.33,66.33,59.55,69.47,73.66
67.38,67.38,50.83,71.29,72.37
69.03,69.03,47.54,72.71,73.48
67.59,67.59,48.01,70.91,70.56
65.90,65.90,56.00,71.26,69.62
66.65,66.65,67.84,71.93,71.15
69.40,69.40,72.32,68.83,72.12
70.82,70.82,71.85,69.46,71.15
70.36,70.36,69.06,69.85,71.26
70.09,70.09,66.96,70.86,72.52
67.97,67.97,64.11,69.96,70.93
65.88,65.88,63.94,70.95,72.11
64.63,64.63,63.30,71.47,71.04
61.48,61.48,64.29,72.80,72.40
61.49,61.49,57.54,70.56,71.95
65.64,65.64,56.59,71.13,70.18
64.86,64.86,53.25,72.05,71.75
67.43,67.43,52.02,71.18,68.50
69.40,69.40,63.22,69.99,71.69
72.43,72.43,65.25,67.94,69.28
72.39,72.39,59.49,67.39,70.20
69.77,69.77,52.95,68.53,68.86
71.04,71.04,49.01,71.50,71.06
69.91,69.91,48.37,71.47,69.85
70.40,70.40,48.44,72.63,70.25
67.05,67.05,51.00,72.85,70.31
63.08,63.08,53.64,71.76,67.19
64.03,64.03,53.38,73.33,68.28
67.07,67.07,52.14,73.36,69.26
64.46,64.46,51.30,74.16,66.03
64.32,64.32,50.47,73.15,66.21
67.44,67.44,58.45,72.09,68.31
72.46,72.46,68.43,68.01,69.36
71.33,71.33,77.99,66.51,69.00
70.97,70.97,70.54,67.01,67.68
68.34,68.34,64.48,69.88,70.72
67.55,67.55,61.64,68.15,68.97
69.04,69.04,60.96,69.32,70.27
69.00,69.00,61.09,69.93,68.26
67.09,67.09,59.42,70.35,69.21
64.91,64.91,58.36,72.72,69.76
67.26,67.26,56.44,73.02,69.50
64.61,64.61,54.69,73.06,67.45
65.13,65.13,53.01,73.04,67.35
68.83,68.83,56.36,73.22,69.43
71.85,71.85,64.38,67.97,68.85
69.32,69.32,76.83,65.87,70.45
68.19,68.19,76.65,69.42,68.08
66.83,66.83,62.44,70.98,69.19
68.35,68.35,65.64,71.88,68.09
68.21,68.21,55.18,73.95,68.10
67.04,67.04,54.86,74.55,67.96
66.98,66.98,61.56,74.92,68.66
67.55,67.55,55.30,72.95,68.70
66.46,66.46,55.22,73.63,68.62
66.19,66.19,46.83,74.12,70.17
65.90,65.90,51.18,74.39,69.29
66.93,66.93,56.44,73.76,68.33
68.51,68.51,64.24,74.88,70.26
71.10,71.10,72.84,69.72,76.86
70.71,70.71,68.58,68.94,68.86
68.87,68.87,64.46,67.05,70.97
64.37,64.37,64.63,71.05,74.47
61.57,61.57,63.67,68.53,71.24
54.76,54.76,62.16,71.07,74.86
53.77,53.77,60.96,71.05,73.41
52.68,52.68,61.57,68.76,71.51
54.25,54.25,61.16,69.46,74.55
56.46,56.46,58.21,70.65,71.95
58.43,58.43,55.81,70.53,73.30
62.52,62.52,59.40,69.85,70.75
73.59,73.59,64.92,63.45,70.70
71.52,71.52,72.18,65.40,71.32
69.18,69.18,75.63,67.56,73.72
70.86,70.86,68.92,64.73,69.58
75.80,75.80,65.66,67.00,69.84
75.12,75.12,59.57,71.14,67.04
77.35,77.35,59.07,71.55,70.95
73.36,73.36,59.83,71.46,66.57
72.01,72.01,59.10,70.85,65.32
72.81,72.81,58.95,71.63,68.62
72.98,72.98,57.02,70.62,68.79
70.15,70.15,55.59,70.81,65.96
71.03,71.03,54.69,65.79,68.23
68.61,68.61,60.51,58.52,69.46
70.24,70.24,71.26,59.12,70.29
70.73,70.73,77.30,62.02,73.71
73.14,73.14,68.28,63.76,73.09
73.71,73.71,66.94,66.84,68.29
77.36,77.36,60.16,67.40,71.30
75.05,75.05,61.12,60.62,68.75
76.60,76.60,57.82,69.58,67.74
73.13,73.13,57.92,69.07,66.84
71.91,71.91,60.13,71.69,66.51
72.03,72.03,63.21,72.22,69.46
71.98,71.98,56.35,71.13,66.69
73.87,73.87,50.52,66.83,66.75
69.91,69.91,53.34,71.07,70.06
71.18,71.18,58.86,67.85,69.25
71.34,71.34,60.98,70.25,71.61
70.00,70.00,59.18,70.45,70.19
73.46,73.46,58.68,66.03,70.73
68.52,68.52,57.39,69.45,72.82
69.19,69.19,56.49,71.24,70.08
69.80,69.80,55.64,68.66,69.83
74.29,74.29,53.78,73.00,72.52
75.59,75.59,51.45,68.18,69.77
69.89,69.89,44.48,71.22,71.57
63.82,63.82,42.63,71.42,73.17
68.00,68.00,47.86,69.16,70.38
66.58,66.58,52.34,72.97,75.26
68.27,68.27,63.88,73.61,70.21
64.73,64.73,69.82,66.90,72.28
62.49,62.49,72.22,68.02,72.33
61.21,61.21,70.73,63.96,71.58
60.47,60.47,66.96,63.64,71.18
58.00,58.00,65.39,68.66,73.28
57.61,57.61,63.71,64.30,71.57
58.98,58.98,65.44,65.31,75.30
61.71,61.71,65.50,71.29,73.68
54.60,54.60,60.07,66.95,73.28
53.64,53.64,58.67,65.91,74.65
53.24,53.24,56.25,70.54,68.73
56.88,56.88,54.92,68.06,74.05
60.88,60.88,54.26,68.10,72.31
64.90,64.90,53.09,69.69,69.98
67.66,67.66,53.56,67.84,75.05
67.99,67.99,55.68,70.04,72.69
68.71,68.71,53.90,69.75,73.50
68.35,68.35,48.75,63.33,74.29
68.51,68.51,49.93,71.04,71.78
68.91,68.91,49.69,68.92,75.11
67.43,67.43,49.26,66.95,73.38
67.39,67.39,47.24,69.65,73.96
68.38,68.38,49.83,65.94,75.18
67.65,67.65,48.33,64.14,74.05
67.13,67.13,52.01,68.99,72.64
66.59,66.59,60.16,62.63,72.06
70.15,70.15,68.14,64.94,73.33
70.21,70.21,78.82,69.11,71.60
75.25,75.25,69.03,66.45,72.52
72.26,72.26,64.84,68.66,70.94
71.54,71.54,61.73,71.10,73.23
71.90,71.90,61.89,67.52,72.97
72.92,72.92,58.93,71.18,72.30
71.32,71.32,55.46,65.62,71.88
72.00,72.00,53.96,65.00,72.64
72.17,72.17,53.03,71.06,71.12
71.45,71.45,53.42,66.75,71.19
70.46,70.46,53.10,68.29,69.11
68.74,68.74,58.30,70.09,71.64
69.83,69.83,61.68,58.79,70.60
70.57,70.57,71.43,66.83,74.18
71.15,71.15,75.24,68.43,70.74
72.55,72.55,67.88,58.46,71.25
73.00,73.00,64.73,65.62,70.55
72.41,72.41,59.58,66.70,68.06
74.57,74.57,60.03,64.13,67.68
73.97,73.97,59.08,65.53,68.44
73.85,73.85,58.56,63.76,68.39
75.17,75.17,56.03,62.04,68.82
76.56,76.56,55.08,65.59,69.34
74.67,74.67,54.75,65.57,68.35
71.14,71.14,59.62,66.04,68.04
74.16,74.16,68.89,66.86,71.59
72.86,72.86,73.20,67.83,73.37
69.90,69.90,69.85,67.21,69.25
68.23,68.23,66.65,67.73,71.51
69.20,69.20,64.67,66.20,71.97
67.82,67.82,61.97,69.38,71.08
70.55,70.55,58.16,66.10,71.80
72.09,72.09,63.36,67.38,71.66
70.45,70.45,59.47,67.16,70.45
72.06,72.06,53.22,67.69,71.11
69.94,69.94,53.74,67.57,72.99
71.92,71.92,54.18,60.84,70.01
70.11,70.11,53.68,59.27,70.01
71.05,71.05,61.40,61.46,71.64
72.07,72.07,69.46,65.97,72.56
70.52,70.52,79.09,68.96,71.07
72.93,72.93,64.86,66.46,69.41
70.41,70.41,62.55,64.01,67.44
72.24,72.24,63.95,65.30,66.08
71.08,71.08,58.82,67.55,66.66
71.93,71.93,61.73,65.85,68.07
72.56,72.56,61.79,65.97,68.20
70.67,70.67,56.96,64.92,69.83
68.82,68.82,53.02,66.32,68.26
71.30,71.30,49.44,67.80,69.36
72.39,72.39,50.40,68.20,69.64
74.06,74.06,55.02,68.85,69.13
74.63,74.63,61.09,67.69,67.62
72.42,72.42,61.95,67.77,70.54
72.70,72.70,60.89,64.82,70.80
71.31,71.31,58.68,65.37,69.60
70.01,70.01,57.34,66.26,69.07
72.19,72.19,54.47,67.76,68.64
73.75,73.75,51.22,66.67,68.64
70.92,70.92,50.02,67.29,68.76
68.89,68.89,49.60,69.66,70.15
68.37,68.37,47.22,68.53,71.58
67.24,67.24,46.44,65.84,70.27
67.44,67.44,47.24,69.71,71.06
67.27,67.27,58.55,68.29,70.11
69.85,69.85,70.99,59.95,71.69
70.19,70.19,79.75,63.45,68.96
71.08,71.08,70.54,62.06,68.42
73.57,73.57,67.95,62.77,68.86
73.42,73.42,60.10,66.71,71.22
71.12,71.12,58.79,65.46,70.97
72.64,72.64,61.04,66.82,70.99
68.78,68.78,56.89,67.81,71.46
69.51,69.51,56.41,66.43,69.98
68.10,68.10,52.29,68.07,70.14
65.31,65.31,51.47,68.39,71.77
66.06,66.06,50.69,68.31,70.91
65.33,65.33,54.89,67.12,72.05
68.63,68.63,64.61,66.21,69.84
70.99,70.99,71.11,64.41,70.28
71.41,71.41,72.63,66.16,69.14
72.45,72.45,68.53,65.03,69.25
68.65,68.65,65.07,66.36,69.87
73.29,73.29,63.36,67.30,70.47
71.57,71.57,62.75,68.00,69.46
71.19,71.19,63.40,66.40,70.74
69.15,69.15,63.08,66.83,71.90
64.16,64.16,57.57,68.53,70.56
64.29,64.29,54.95,67.45,71.70
63.94,63.94,56.15,66.40,69.69
65.64,65.64,54.62,69.04,70.08
67.08,67.08,53.24,66.84,72.84
68.51,68.51,54.90,61.36,73.42
68.85,68.85,51.88,71.02,75.49
68.39,68.39,48.90,67.97,74.28
67.90,67.90,48.55,70.91,72.64
68.63,68.63,50.30,71.23,74.15
67.99,67.99,49.71,70.37,73.41
66.28,66.28,50.17,71.53,74.08
63.10,63.10,49.32,71.66,74.90
60.53,60.53,49.74,71.56,73.51
56.77,56.77,49.55,71.63,71.39
55.55,55.55,48.23,71.52,70.71
58.07,58.07,52.30,71.45,71.17
64.94,64.94,57.61,72.47,68.84
70.77,70.77,71.61,71.51,71.72
68.63,68.63,76.44,70.03,66.14
71.75,71.75,69.83,68.62,67.34
75.00,75.00,63.83,70.44,68.97
75.01,75.01,64.47,72.86,68.46
73.64,73.64,62.86,71.13,66.78
73.81,73.81,60.45,69.70,64.93
73.81,73.81,60.53,70.95,69.81
71.93,71.93,57.14,71.44,68.24
73.09,73.09,54.43,69.67,68.06
72.16,72.16,53.67,69.42,68.05
71.34,71.34,52.07,65.77,68.62
69.59,69.59,58.37,64.23,70.66
68.39,68.39,62.89,63.64,73.12
69.81,69.81,75.25,69.16,71.59
71.75,71.75,76.24,66.40,71.46
75.20,75.20,61.57,61.96,68.79
77.89,77.89,55.93,62.67,69.47
78.34,78.34,54.87,65.49,67.63
75.18,75.18,52.27,67.73,68.43
76.76,76.76,53.87,68.50,69.08
71.13,71.13,51.11,69.78,67.95
69.84,69.84,47.84,68.48,70.52
72.20,72.20,47.65,67.46,68.13
71.77,71.77,53.62,67.41,68.55
71.26,71.26,62.76,66.10,68.18
68.97,68.97,67.32,65.60,69.64
65.24,65.24,71.47,71.27,69.14
63.23,63.23,70.46,72.19,70.02
63.73,63.73,67.31,67.30,69.17
68.13,68.13,63.57,70.26,70.50
69.54,69.54,61.14,70.25,70.59
71.15,71.15,58.36,69.43,70.67
71.16,71.16,60.63,69.75,72.77
70.24,70.24,59.74,66.68,70.42
71.66,71.66,55.55,64.62,71.30
69.23,69.23,52.91,67.93,71.24
66.82,66.82,55.65,69.00,69.10
66.95,66.95,59.09,68.34,68.64
72.76,72.76,63.99,65.05,70.17
69.84,69.84,76.25,62.38,67.98
70.76,70.76,72.59,63.45,68.34
69.10,69.10,66.93,67.02,69.58
69.10,69.10,62.34,69.32,69.30
67.57,67.57,62.88,67.26,70.09
70.77,70.77,59.78,67.43,72.45
70.42,70.42,58.08,65.93,69.95
70.58,70.58,57.10,66.49,70.98
72.19,72.19,55.71,66.22,67.95
70.32,70.32,54.66,66.22,68.09
69.58,69.58,55.29,70.37,71.22
70.30,70.30,58.15,67.80,67.26
68.37,68.37,68.07,66.37,69.40
66.63,66.63,80.00,69.34,68.10
66.26,66.26,72.92,65.01,69.00
64.62,64.62,68.92,63.19,69.72
67.02,67.02,64.08,64.80,73.39
69.42,69.42,62.88,71.30,72.67
68.76,68.76,61.94,69.53,71.56
70.22,70.22,62.65,70.30,73.22
70.58,70.58,62.80,71.60,72.05
72.01,72.01,63.64,72.73,72.77
69.37,69.37,60.95,70.52,71.15
64.86,64.86,63.10,71.25,73.66
65.01,65.01,62.65,69.62,71.87
63.69,63.69,65.30,69.34,73.15
62.49,62.49,65.16,70.30,73.15
64.51,64.51,63.18,70.33,72.86
67.72,67.72,63.20,69.96,72.94
67.70,67.70,63.32,70.43,72.37
66.26,66.26,61.03,69.52,73.99
65.14,65.14,59.46,68.30,72.12
62.12,62.12,60.10,69.63,71.57
61.83,61.83,59.00,68.43,72.86
62.60,62.60,54.98,68.23,70.78
63.73,63.73,54.01,67.03,70.52
65.09,65.09,52.37,65.99,70.73
63.61,63.61,54.76,67.71,70.55
64.18,64.18,61.18,68.25,71.85
63.46,63.46,69.89,71.28,74.37
59.64,59.64,73.21,67.15,74.57
58.41,58.41,71.51,59.38,72.44
57.27,57.27,69.13,71.04,70.70
58.82,58.82,63.96,69.77,71.94
59.32,59.32,63.76,71.42,72.63
60.96,60.96,65.79,70.57,71.99
61.37,61.37,64.56,70.99,72.98
62.76,62.76,64.85,69.53,73.14
61.69,61.69,61.54,71.35,73.48
63.06,63.06,60.45,71.58,71.01
65.24,65.24,58.06,71.11,69.44
65.79,65.79,59.29,72.41,70.38
63.45,63.45,61.89,70.31,72.02
63.57,63.57,61.10,71.12,72.53
61.85,61.85,55.59,70.50,73.18
59.26,59.26,56.58,71.41,73.95
61.60,61.60,54.63,71.05,73.50
57.51,57.51,53.60,69.27,72.59
59.72,59.72,56.52,68.94,72.86
57.46,57.46,57.71,69.96,72.82
58.68,58.68,58.28,71.25,73.81
58.00,58.00,58.25,71.04,72.75
57.55,57.55,59.08,69.55,71.59
59.58,59.58,59.15,69.04,70.71
62.80,62.80,63.10,66.64,71.56
68.88,68.88,65.26,63.90,71.57
74.70,74.70,73.49,61.51,72.76
69.41,69.41,73.86,60.64,71.10
70.72,70.72,72.69,63.92,72.75
71.00,71.00,64.00,66.18,71.97
74.00,74.00,60.14,67.11,70.46
75.31,75.31,60.96,68.59,69.39
71.11,71.11,58.87,70.04,68.77
72.11,72.11,56.02,69.75,70.10
73.80,73.80,54.68,70.67,69.85
71.67,71.67,54.01,71.79,69.58
69.80,69.80,56.05,73.00,69.78
71.70,71.70,55.58,72.66,69.83
72.99,72.99,60.92,70.53,69.36
71.10,71.10,67.10,65.48,72.65
70.48,70.48,75.36,66.98,71.77
72.38,72.38,71.22,66.62,72.66
70.25,70.25,63.47,64.93,70.00
71.34,71.34,61.56,66.74,70.74
68.06,68.06,58.58,69.77,72.09
68.21,68.21,60.76,73.12,70.67
65.14,65.14,57.09,71.40,72.18
62.65,62.65,53.68,69.63,71.69
60.47,60.47,50.39,70.49,72.35
62.50,62.50,49.89,72.79,70.57
69.38,69.38,57.03,73.13,70.21
70.10,70.10,63.66,74.51,71.90
68.12,68.12,70.30,71.67,70.68
70.92,70.92,72.33,67.19,71.76
68.25,68.25,70.77,65.16,72.14
65.46,65.46,68.82,70.62,70.36
62.31,62.31,65.63,71.77,69.94
60.18,60.18,63.74,71.30,70.37
54.67,54.67,63.59,71.22,70.87
53.66,53.66,65.42,72.51,71.34
51.78,51.78,63.43,72.63,69.54
49.99,49.99,58.73,72.47,70.92
52.73,52.73,60.09,73.80,69.66
57.93,57.93,56.52,74.84,68.88
62.72,62.72,60.00,71.45,67.50
71.78,71.78,66.64,63.55,69.75
74.63,74.63,78.53,63.87,70.76
72.08,72.08,69.96,64.52,69.70
73.63,73.63,72.52,67.21,70.71
73.13,73.13,63.37,72.65,70.38
72.23,72.23,57.93,72.94,72.05
71.95,71.95,58.51,72.90,72.09
72.99,72.99,59.00,72.96,72.16
73.91,73.91,57.02,72.70,72.29
76.58,76.58,51.63,70.86,73.91
74.41,74.41,51.03,72.85,73.16
72.74,72.74,49.84,72.05,72.61
73.23,73.23,51.74,73.24,72.93
72.93,72.93,56.83,73.14,71.99
72.50,72.50,62.55,72.29,72.37
72.21,72.21,60.54,73.09,73.72
72.70,72.70,60.08,74.63,74.30
71.50,71.50,59.23,73.94,70.89
71.57,71.57,55.82,73.80,71.89
71.44,71.44,54.97,72.58,72.17
71.21,71.21,55.51,74.74,72.24
67.64,67.64,51.87,74.22,72.96
66.16,66.16,49.80,74.31,69.62
67.64,67.64,47.80,73.24,71.28
66.68,66.68,49.32,74.00,72.15
68.07,68.07,56.45,73.23,71.68
69.30,69.30,65.90,70.33,71.04
69.72,69.72,79.12,71.22,73.04
67.62,67.62,68.20,63.50,73.19
67.18,67.18,69.15,63.73,73.94
69.69,69.69,61.43,69.71,73.75
70.47,70.47,59.68,70.13,71.93
67.87,67.87,60.06,64.80,71.78
68.56,68.56,58.06,69.20,71.80
72.34,72.34,54.03,69.42,72.77
69.68,69.68,51.71,69.07,71.54
62.79,62.79,47.66,68.56,74.26
68.44,68.44,47.64,69.95,74.05
65.36,65.36,55.14,70.16,70.24
65.52,65.52,62.49,71.35,72.39
68.87,68.87,67.73,69.24,73.01
71.36,71.36,70.77,68.86,73.49
70.69,70.69,70.36,70.60,71.40
70.42,70.42,66.56,70.63,72.68
69.68,69.68,64.58,70.73,70.56
68.96,68.96,62.38,70.36,73.22
74.73,74.73,60.77,69.61,71.63
72.07,72.07,60.59,71.09,71.39
67.43,67.43,58.74,70.89,71.24
64.46,64.46,55.68,69.41,72.03
66.52,66.52,58.16,71.08,71.59
67.36,67.36,58.85,72.38,70.22
68.01,68.01,52.35,66.72,71.95
68.16,68.16,51.14,67.41,72.58
68.21,68.21,52.36,66.58,74.22
65.60,65.60,50.66,70.60,72.14
65.93,65.93,51.32,70.76,74.74
67.21,67.21,51.59,71.08,72.84
67.93,67.93,50.81,72.22,73.73
66.65,66.65,48.84,71.69,73.13
65.31,65.31,48.91,72.78,71.54
64.70,64.70,50.14,72.37,70.77
65.00,65.00,48.06,72.46,68.58
67.05,67.05,48.78,72.42,70.38
67.94,67.94,50.46,72.25,70.70
71.07,71.07,56.41,72.36,67.79
74.78,74.78,68.59,68.96,72.49
72.78,72.78,76.92,65.94,65.87
73.46,73.46,69.33,67.97,64.96
74.39,74.39,66.41,69.48,66.63
75.73,75.73,62.11,70.38,66.90
73.82,73.82,61.05,72.42,69.07
73.27,73.27,60.19,70.95,65.64
72.35,72.35,62.19,72.22,67.83
73.01,73.01,60.08,71.65,66.69
74.03,74.03,58.64,71.28,67.85
72.90,72.90,58.42,73.00,69.20
71.58,71.58,57.47,72.49,66.50
72.31,72.31,58.81,72.72,65.56
73.07,73.07,64.88,67.47,68.15
74.09,74.09,69.09,57.58,71.54
74.15,74.15,78.28,66.62,72.60
68.99,68.99,65.00,65.09,70.82
66.29,66.29,65.17,67.34,72.46
64.86,64.86,57.77,71.59,70.30
62.48,62.48,54.49,70.22,71.55
60.63,60.63,61.02,71.85,70.62
62.73,62.73,61.54,71.10,69.86
65.77,65.77,54.66,70.85,70.64
69.21,69.21,49.60,70.25,70.82
68.02,68.02,50.84,71.70,68.28
68.40,68.40,60.99,72.94,68.67
69.50,69.50,70.32,70.32,70.60
70.09,70.09,74.19,68.61,71.14
67.59,67.59,73.01,63.88,71.02
67.58,67.58,71.80,69.52,69.84
64.08,64.08,67.32,71.74,70.76
62.66,62.66,64.49,70.78,70.33
61.12,61.12,66.45,73.69,70.78
62.39,62.39,63.99,73.49,70.93
62.67,62.67,63.44,72.62,72.37
63.00,63.00,57.41,72.97,72.64
64.11,64.11,56.30,72.95,71.58
64.46,64.46,54.49,73.40,73.36
64.63,64.63,56.08,70.73,72.26
66.26,66.26,62.93,65.20,70.51
72.53,72.53,75.49,61.29,70.44
72.80,72.80,76.04,63.63,71.06
71.88,71.88,72.21,66.35,68.36
73.03,73.03,64.89,71.59,68.41
71.60,71.60,62.94,70.39,69.96
72.72,72.72,60.73,71.37,68.07
74.83,74.83,60.53,72.05,69.03
74.91,74.91,61.22,72.38,69.40
74.03,74.03,59.53,71.35,68.05
75.35,75.35,57.69,72.71,67.74
75.13,75.13,57.95,70.50,69.13
73.04,73.04,58.26,64.25,71.40
72.86,72.86,64.41,63.71,69.88
73.72,73.72,75.16,63.69,69.26
74.13,74.13,75.16,66.94,72.53
75.14,75.14,67.62,64.32,72.03
69.13,69.13,63.51,64.90,73.13
71.67,71.67,63.40,70.27,72.07
71.84,71.84,62.30,65.38,71.76
70.22,70.22,62.74,71.50,72.76
69.64,69.64,63.22,72.97,71.83
68.38,68.38,62.87,67.18,72.85
67.01,67.01,63.45,72.95,74.64
68.68,68.68,63.43,69.23,72.11
68.92,68.92,63.23,70.75,72.43
68.94,68.94,64.37,72.95,74.65
69.92,69.92,64.59,70.57,72.33
66.22,66.22,64.20,70.11,73.59
69.72,69.72,64.03,73.33,72.13
70.27,70.27,63.40,68.95,72.99
66.14,66.14,62.66,72.13,73.64
66.19,66.19,61.78,71.69,72.78
65.60,65.60,62.12,70.42,71.95
68.63,68.63,61.57,71.66,73.66
64.49,64.49,61.71,72.35,69.69
66.04,66.04,60.09,70.01,73.21
66.68,66.68,59.88,73.75,71.89
67.29,67.29,60.00,68.34,72.61
68.54,68.54,65.61,71.18,71.27
65.07,65.07,70.85,65.48,70.53
63.57,63.57,70.15,71.82,73.42
59.00,59.00,71.11,67.22,69.97
62.20,62.20,71.81,72.33,73.85
62.24,62.24,69.94,66.57,73.23
61.56,61.56,66.18,70.01,71.98
58.34,58.34,64.33,74.45,73.30
54.31,54.31,65.53,70.50,73.34
55.56,55.56,65.44,69.63,71.60
55.07,55.07,64.93,73.78,72.50
50.30,50.30,60.19,69.99,70.71
48.39,48.39,59.55,71.50,71.71
46.20,46.20,60.58,73.44,71.10
47.49,47.49,59.71,74.28,71.78
54.51,54.51,59.43,71.31,70.79
62.22,62.22,60.13,74.38,71.91
66.83,66.83,61.25,71.67,72.22
66.27,66.27,59.64,70.82,69.88
65.54,65.54,60.06,74.55,70.98
65.51,65.51,61.17,69.64,71.58
63.20,63.20,61.83,71.94,71.54
62.35,62.35,64.61,74.11,71.81
59.50,59.50,63.58,68.29,73.04
58.53,58.53,62.94,74.14,71.02
60.65,60.65,63.78,71.52,73.71
61.17,61.17,62.14,69.34,71.44
62.40,62.40,61.07,72.60,70.52
66.53,66.53,64.21,70.27,71.40
69.58,69.58,66.70,67.13,70.25
71.94,71.94,78.65,70.92,68.34
71.55,71.55,69.95,67.44,68.86
70.03,70.03,66.71,63.69,69.03
70.77,70.77,62.75,67.55,68.46
68.31,68.31,62.06,67.14,69.29
66.55,66.55,62.71,67.28,69.57
67.74,67.74,63.42,70.66,68.31
63.77,63.77,63.29,67.27,70.38
62.68,62.68,59.25,66.85,71.45
57.81,57.81,56.75,72.86,69.91
57.89,57.89,57.85,68.60,68.34
64.53,64.53,61.57,69.48,68.07
69.86,69.86,65.56,69.31,70.81
73.90,73.90,73.58,66.68,70.80
70.82,70.82,75.96,68.34,71.47
72.58,72.58,71.37,67.31,71.14
70.66,70.66,64.94,70.09,68.88
72.55,72.55,60.43,70.43,70.07
72.62,72.62,60.87,71.93,68.62
73.54,73.54,58.78,70.38,70.57
68.00,68.00,58.28,75.18,70.16
64.85,64.85,56.79,72.95,70.56
65.64,65.64,55.73,73.93,69.13
66.71,66.71,54.00,74.01,70.68
66.20,66.20,58.28,73.01,69.36
67.18,67.18,65.63,69.33,70.18
66.85,66.85,72.06,71.04,71.27
67.70,67.70,71.16,74.73,71.88
66.45,66.45,66.71,70.21,71.12
66.67,66.67,61.23,71.44,71.32
69.99,69.99,58.74,75.26,69.73
70.81,70.81,56.92,69.58,69.99
70.00,70.00,60.35,72.98,70.87
69.03,69.03,58.91,75.93,71.80
70.16,70.16,54.37,68.94,72.52
71.44,71.44,52.84,74.92,69.66
70.33,70.33,50.15,64.45,66.69
72.38,72.38,55.75,69.21,66.82
70.86,70.86,61.98,61.41,66.12
71.76,71.76,71.06,59.65,68.43
72.01,72.01,74.64,62.23,67.44
73.48,73.48,69.00,68.25,70.06
75.03,75.03,64.49,66.42,69.53
70.67,70.67,59.74,68.73,70.45
70.38,70.38,58.75,70.38,69.46
70.39,70.39,61.46,71.99,70.15
70.55,70.55,59.74,68.88,69.01
69.86,69.86,56.68,68.96,71.07
70.87,70.87,55.35,68.85,72.80
71.09,71.09,54.94,66.66,70.76
67.41,67.41,53.17,68.98,71.36
65.55,65.55,57.66,68.74,71.67
68.31,68.31,59.92,66.18,71.98
69.20,69.20,58.56,69.13,73.10
68.77,68.77,55.80,69.28,71.13
72.51,72.51,56.89,65.83,70.12
70.36,70.36,55.05,68.00,71.53
69.39,69.39,54.59,67.85,70.17
69.61,69.61,56.76,68.58,69.99
68.07,68.07,58.69,67.89,69.23
66.78,66.78,57.80,67.55,70.52
63.51,63.51,57.57,67.59,70.17
63.57,63.57,58.36,68.52,70.72
63.78,63.78,58.55,64.66,68.44
69.73,69.73,60.62,59.42,70.68
72.32,72.32,70.47,59.40,73.54
73.35,73.35,79.81,67.95,73.85
71.91,71.91,68.11,64.60,70.16
71.49,71.49,61.93,68.22,70.56
75.05,75.05,59.45,65.47,71.19
72.37,72.37,58.26,65.14,71.63
76.29,76.29,63.06,64.60,73.30
72.06,72.06,59.10,65.78,72.38
72.37,72.37,58.51,67.98,73.09
70.51,70.51,53.14,66.44,71.58
67.36,67.36,51.69,65.62,73.24
67.90,67.90,51.52,66.76,73.13
69.23,69.23,56.11,66.54,72.94
71.57,71.57,66.10,67.49,73.18
70.13,70.13,73.02,65.09,71.96
71.15,71.15,70.56,64.81,71.21
70.67,70.67,65.81,67.44,72.69
70.17,70.17,62.04,67.31,72.34
70.24,70.24,62.02,66.82,73.44
70.32,70.32,62.63,67.41,72.33
69.19,69.19,63.41,67.41,73.11
68.52,68.52,61.08,66.87,72.12
65.25,65.25,55.80,66.19,71.23
68.86,68.86,54.31,65.84,73.75
72.87,72.87,54.20,67.77,71.46
70.27,70.27,55.57,67.92,71.94
73.76,73.76,56.82,64.12,71.97
73.82,73.82,59.90,71.14,69.28
73.80,73.80,57.55,61.94,67.00
75.12,75.12,56.25,67.30,70.21
71.99,71.99,54.63,66.54,71.70
72.85,72.85,54.69,65.94,71.97
73.53,73.53,54.56,65.93,72.33
74.13,74.13,55.01,66.66,68.63
76.75,76.75,55.64,69.16,68.19
77.11,77.11,55.07,67.57,67.81
74.95,74.95,54.19,65.21,68.32
72.26,72.26,52.35,67.29,66.99
76.10,76.10,56.13,67.42,67.16
74.67,74.67,63.11,65.91,64.34
74.82,74.82,75.58,65.68,67.63
70.02,70.02,73.79,66.56,66.40
72.48,72.48,68.14,68.72,68.26
71.71,71.71,62.41,63.40,68.15
72.64,72.64,61.07,64.42,68.16
74.67,74.67,59.30,64.22,68.55
75.81,75.81,59.53,66.83,69.75
70.70,70.70,57.48,66.51,68.53
70.37,70.37,53.97,64.29,67.80
71.98,71.98,52.08,67.54,68.55
72.60,72.60,53.75,69.23,67.00
72.35,72.35,53.45,67.70,67.86
70.45,70.45,61.25,67.07,66.13
71.62,71.62,70.67,66.41,70.57
73.38,73.38,79.04,68.97,68.03
70.84,70.84,70.87,68.85,68.63
72.86,72.86,64.29,61.87,69.17
73.64,73.64,60.06,66.00,69.95
74.40,74.40,54.73,63.62,68.28
74.58,74.58,55.35,66.37,70.49
75.64,75.64,57.05,64.48,69.38
73.59,73.59,55.87,64.83,71.22
74.74,74.74,51.08,65.29,70.96
73.45,73.45,49.36,67.53,70.26
73.89,73.89,54.29,67.42,69.85
72.36,72.36,59.07,68.39,67.24
73.10,73.10,67.23,70.25,71.58
70.99,70.99,73.23,61.25,70.19
73.04,73.04,74.19,66.71,68.03
73.99,73.99,69.78,60.85,70.67
72.01,72.01,64.51,58.51,71.28
71.09,71.09,63.69,62.00,73.07
67.17,67.17,63.57,61.45,72.27
69.03,69.03,63.04,62.07,72.20
67.25,67.25,59.43,62.22,70.47
67.60,67.60,59.58,63.34,71.26
66.45,66.45,59.80,64.54,71.96
72.45,72.45,57.14,62.75,69.22
73.60,73.60,60.56,62.24,68.58
71.64,71.64,66.55,60.39,68.07
72.39,72.39,78.38,64.69,67.19
72.21,72.21,74.50,65.53,68.92
73.30,73.30,64.22,67.95,67.32
71.82,71.82,61.62,66.76,66.84
72.20,72.20,61.49,65.63,66.96
72.24,72.24,59.48,66.61,68.30
72.72,72.72,59.79,68.19,71.36
72.73,72.73,58.11,69.50,73.73
72.64,72.64,54.67,69.45,69.63
72.33,72.33,54.08,72.72,65.68
73.30,73.30,54.36,73.78,64.21
70.94,70.94,57.61,71.58,64.95
71.84,71.84,67.59,69.02,69.78
69.11,69.11,73.96,64.92,68.25
69.05,69.05,72.74,67.06,71.13
65.30,65.30,65.85,67.10,71.76
65.99,65.99,62.15,65.26,72.07
66.72,66.72,61.07,67.05,72.01
65.84,65.84,57.39,68.45,69.05
67.53,67.53,56.36,70.26,71.66
71.70,71.70,56.18,70.59,72.70
70.22,70.22,52.34,69.35,69.86
67.97,67.97,50.69,66.30,69.39
67.43,67.43,49.19,67.38,72.02
64.01,64.01,49.02,66.97,71.04
61.20,61.20,56.11,67.20,70.25
62.27,62.27,60.33,69.02,70.64
59.79,59.79,58.67,69.19,70.38
59.20,59.20,57.25,67.25,70.80
60.48,60.48,57.47,66.94,69.99
59.02,59.02,54.54,67.92,71.01
58.24,58.24,53.56,67.52,70.32
59.10,59.10,54.75,67.54,70.97
57.60,57.60,53.69,68.43,72.06
57.15,57.15,51.29,65.80,71.65
56.30,56.30,48.78,63.85,68.90
56.39,56.39,44.37,65.57,69.06
62.79,62.79,51.99,64.50,69.01
67.10,67.10,59.65,63.53,68.60
74.18,74.18,70.19,64.58,72.86
74.24,74.24,71.39,66.77,70.25
73.73,73.73,72.39,65.72,68.68
72.82,72.82,69.12,65.08,67.37
72.93,72.93,65.15,67.65,67.85
72.40,72.40,62.45,67.73,68.92
70.71,70.71,63.76,68.26,70.13
72.04,72.04,66.24,68.39,68.42
74.62,74.62,63.59,68.09,71.58
73.83,73.83,59.87,67.27,69.86
69.87,69.87,57.81,67.71,69.11
67.34,67.34,56.74,67.91,68.12
72.05,72.05,56.39,69.46,68.96
72.18,72.18,57.42,69.99,71.14
74.57,74.57,57.18,69.55,72.11
73.94,73.94,56.57,69.51,71.84
71.54,71.54,52.59,68.72,71.99
67.24,67.24,50.84,69.14,71.50
68.45,68.45,52.70,64.94,72.52
66.72,66.72,50.98,67.01,72.33
64.72,64.72,50.64,66.79,71.93
62.82,62.82,52.79,68.45,72.62
59.23,59.23,52.25,67.26,73.99
58.97,58.97,50.52,69.03,73.93
60.53,60.53,50.25,68.83,72.69
63.16,63.16,58.25,68.62,73.59
66.76,66.76,69.54,64.25,70.28
69.67,69.67,77.51,62.83,72.83
72.49,72.49,73.12,59.31,72.01
72.89,72.89,67.79,62.69,70.90
73.55,73.55,62.59,66.16,71.65
75.73,75.73,58.68,68.31,71.98
71.26,71.26,60.08,68.64,72.79
70.53,70.53,61.01,68.43,71.62
74.09,74.09,60.61,66.61,71.72
71.64,71.64,58.53,67.34,72.97
70.04,70.04,56.32,68.01,71.30
68.12,68.12,52.65,70.23,70.13
66.57,66.57,55.06,70.53,71.29
67.58,67.58,58.65,69.81,71.56
70.46,70.46,65.57,66.64,73.10
72.81,72.81,78.21,65.48,72.28
73.24,73.24,69.53,65.25,72.94
70.43,70.43,66.40,66.34,72.06
68.63,68.63,61.73,65.66,72.17
71.45,71.45,58.08,68.03,71.49
71.96,71.96,58.56,67.94,71.24
71.79,71.79,57.28,63.83,70.62
70.77,70.77,60.16,66.40,69.78
67.75,67.75,57.31,68.50,70.16
59.97,59.97,55.77,70.60,71.95
61.56,61.56,59.55,69.66,70.39
63.66,63.66,61.40,68.58,70.97
64.62,64.62,69.09,69.64,73.69
73.67,73.67,73.24,72.47,71.44
73.83,73.83,70.74,71.08,71.53
72.00,72.00,65.52,70.63,71.23
71.19,71.19,61.76,67.37,70.78
67.07,67.07,62.81,71.75,71.04
65.05,65.05,62.14,70.99,70.32
62.05,62.05,62.73,71.72,72.60
60.20,60.20,59.08,71.28,71.68
57.06,57.06,56.81,72.93,72.86
56.15,56.15,57.36,73.86,72.29
55.52,55.52,55.39,73.31,71.56
59.29,59.29,58.32,72.56,69.13
63.25,63.25,70.60,70.92,67.70
71.15,71.15,75.96,64.95,70.73
70.56,70.56,79.65,62.19,70.42
75.27,75.27,73.35,65.90,71.49
75.34,75.34,67.66,69.22,67.63
74.64,74.64,65.46,66.27,68.15
74.83,74.83,61.87,70.54,70.56
72.59,72.59,62.05,72.26,70.09
74.43,74.43,57.68,69.14,66.54
74.37,74.37,57.81,71.52,67.32
74.85,74.85,55.27,73.85,68.12
73.19,73.19,53.23,71.91,63.86
72.12,72.12,55.62,70.25,63.13
70.13,70.13,60.39,69.78,67.34
72.15,72.15,63.57,71.84,70.74
69.92,69.92,63.55,72.12,69.77
68.30,68.30,62.40,71.44,69.79
62.55,62.55,59.68,70.83,69.72
62.89,62.89,58.35,70.83,71.36
62.86,62.86,58.25,72.25,69.73
61.38,61.38,57.75,72.67,71.17
58.57,58.57,55.70,70.53,69.11
60.06,60.06,53.38,71.99,70.25
62.06,62.06,51.30,73.10,70.41
60.17,60.17,49.55,68.58,70.65
55.46,55.46,52.40,70.63,73.98
60.06,60.06,60.25,71.67,72.77
66.97,66.97,72.33,71.11,73.76
68.44,68.44,73.38,67.64,71.53
61.61,61.61,71.48,64.59,72.04
56.54,56.54,66.57,67.89,70.92
56.68,56.68,64.24,70.44,72.87
59.77,59.77,64.48,68.38,71.13
61.75,61.75,60.93,71.62,71.83
63.34,63.34,58.21,72.48,72.09
65.83,65.83,54.36,70.83,71.74
65.88,65.88,54.14,69.06,70.48
65.99,65.99,56.07,71.05,72.25
65.48,65.48,57.03,72.69,75.16
65.94,65.94,59.57,73.97,69.95
69.25,69.25,68.92,71.44,70.41
72.30,72.30,72.14,70.31,68.81
76.58,76.58,70.85,73.42,69.67
73.53,73.53,66.43,69.96,68.93
75.30,75.30,66.02,69.97,70.73
70.74,70.74,64.37,71.88,69.93
66.59,66.59,64.67,70.84,68.33
58.26,58.26,64.24,71.79,70.85
54.43,54.43,65.45,71.32,72.10
55.56,55.56,59.10,71.98,71.84
59.88,59.88,56.90,72.50,71.97
70.22,70.22,58.66,71.18,71.37
71.66,71.66,56.47,71.53,69.37
70.27,70.27,56.66,64.70,71.58
69.50,69.50,59.28,59.31,70.30
69.02,69.02,58.95,69.33,71.57
66.75,66.75,56.41,71.77,72.47
63.75,63.75,55.78,71.36,72.30
60.10,60.10,54.34,70.40,71.56
58.91,58.91,54.71,73.06,71.57
53.87,53.87,55.67,74.19,72.36
57.26,57.26,54.53,73.39,71.67
61.56,61.56,53.49,70.94,72.35
62.18,62.18,53.69,71.21,71.28
62.70,62.70,49.98,73.17,71.09
69.12,69.12,59.71,72.18,70.82
74.06,74.06,64.85,67.00,68.58
73.00,73.00,73.99,65.24,70.43
75.85,75.85,71.46,63.83,67.41
71.56,71.56,69.79,66.19,69.66
74.54,74.54,64.06,70.86,67.39
72.28,72.28,60.44,73.19,67.08
71.21,71.21,58.87,72.49,66.34
70.92,70.92,60.13,73.50,67.07
69.02,69.02,58.17,71.94,66.64
71.20,71.20,56.07,73.60,67.77
68.43,68.43,54.54,74.50,68.07
65.65,65.65,52.61,74.17,69.03
63.93,63.93,48.25,72.94,69.73
63.20,63.20,54.18,74.74,70.93
70.80,70.80,62.58,74.79,73.35
70.77,70.77,75.39,73.91,73.13
71.27,71.27,69.26,72.62,72.88
73.33,73.33,60.17,70.46,72.24
75.16,75.16,61.70,71.39,71.01
70.71,70.71,52.45,71.51,70.21
69.97,69.97,52.72,68.89,71.15
71.21,71.21,53.25,68.83,69.06
71.41,71.41,53.00,71.25,70.25
72.37,72.37,49.77,73.42,69.58
73.17,73.17,51.61,74.66,71.25
72.62,72.62,57.71,74.39,70.40
73.53,73.53,64.84,71.25,72.45
69.96,69.96,72.68,72.69,69.54
68.83,68.83,73.23,70.26,69.41
65.82,65.82,72.98,69.21,71.29
62.04,62.04,69.62,69.83,70.25
60.94,60.94,66.89,70.87,68.89
58.74,58.74,65.54,69.19,69.43
57.57,57.57,62.68,70.29,69.18
61.54,61.54,64.34,66.90,73.27
62.12,62.12,64.37,67.80,71.16
62.98,62.98,58.13,71.15,72.21
64.84,64.84,56.66,72.15,73.87
65.34,65.34,55.56,71.97,69.69
65.07,65.07,60.53,69.42,70.35
68.35,68.35,69.60,69.78,70.44
69.90,69.90,78.92,66.50,72.85
77.21,77.21,69.76,66.74,71.07
72.49,72.49,65.49,68.57,69.89
74.99,74.99,63.34,70.23,72.62
73.50,73.50,61.83,73.08,68.55
73.86,73.86,62.54,73.46,73.61
69.87,69.87,61.04,71.23,69.69
77.31,77.31,59.74,71.75,68.44
73.85,73.85,59.30,72.23,74.19
73.54,73.54,56.98,70.91,70.31
72.63,72.63,57.44,66.07,67.49
74.02,74.02,59.34,60.19,64.76
72.05,72.05,64.19,61.37,69.44
76.28,76.28,77.34,61.72,69.41
74.59,74.59,74.20,64.55,67.96
69.43,69.43,67.44,70.66,68.95
74.46,74.46,64.45,64.50,66.29
69.16,69.16,63.50,68.86,70.09
67.81,67.81,66.15,67.18,69.56
68.09,68.09,65.37,68.87,69.13
66.72,66.72,65.57,66.60,69.22
69.87,69.87,64.25,68.92,70.51
66.39,66.39,63.90,69.27,71.81
66.52,66.52,64.51,69.36,73.23
65.23,65.23,64.05,70.57,69.54
63.65,63.65,63.48,67.70,71.61
64.90,64.90,64.40,69.07,71.10
64.74,64.74,62.95,66.66,72.63
63.75,63.75,63.98,68.72,72.11
60.55,60.55,63.45,71.84,71.84
62.17,62.17,63.22,68.70,70.54
64.04,64.04,62.64,71.71,71.96
62.16,62.16,62.47,71.27,71.73
63.46,63.46,61.97,71.76,71.20
62.09,62.09,60.57,73.21,71.78
65.94,65.94,58.67,71.61,71.17
65.88,65.88,59.48,70.60,72.08
64.62,64.62,59.08,71.29,71.71
66.02,66.02,62.86,70.53,69.94
65.74,65.74,72.84,68.28,70.76
65.84,65.84,74.46,75.26,71.44
69.16,69.16,70.16,72.84,71.81
65.46,65.46,67.60,66.05,70.49
60.03,60.03,68.45,74.66,72.52
60.10,60.10,68.94,71.70,69.98
55.01,55.01,66.95,71.96,68.97
50.98,50.98,63.20,74.84,69.09
51.32,51.32,64.05,70.15,70.35
49.38,49.38,62.27,75.06,69.07
52.29,52.29,60.86,72.86,70.91
61.57,61.57,60.64,73.34,70.54
65.63,65.63,62.44,74.02,69.94
67.05,67.05,57.57,71.50,71.08
65.73,65.73,58.87,71.69,72.84
66.95,66.95,59.70,74.34,72.98
67.25,67.25,54.78,71.43,71.55
67.67,67.67,56.99,74.68,71.35
67.27,67.27,57.44,74.87,69.89
66.44,66.44,56.02,74.08,71.11
66.83,66.83,55.49,74.82,69.44
68.19,68.19,55.60,74.04,71.05
66.93,66.93,54.46,71.81,71.21
66.14,66.14,54.05,75.19,71.16
66.61,66.61,53.57,72.51,70.32
65.25,65.25,54.89,72.99,71.80
67.87,67.87,60.64,73.49,69.92
69.84,69.84,74.91,72.96,70.25
70.68,70.68,74.68,72.40,70.70
70.58,70.58,68.02,62.27,67.92
72.33,72.33,61.22,70.89,67.49
71.86,71.86,60.52,69.74,68.29
71.68,71.68,58.45,68.05,68.76
72.15,72.15,58.85,70.82,69.03
71.80,71.80,59.29,71.86,66.47
69.71,69.71,59.69,67.46,67.02
71.73,71.73,58.53,72.79,71.46
70.42,70.42,57.13,72.10,68.09
71.72,71.72,57.47,70.66,71.15
71.41,71.41,62.21,66.70,72.76
70.53,70.53,65.22,68.84,70.37
69.46,69.46,79.30,70.93,70.82
69.58,69.58,72.27,66.08,69.90
70.37,70.37,67.38,69.46,70.03
70.27,70.27,63.04,68.85,68.64
71.39,71.39,59.58,63.46,67.92
71.20,71.20,63.08,65.94,70.40
69.60,69.60,61.94,69.12,69.38
71.15,71.15,58.39,64.75,69.93
72.05,72.05,58.31,66.26,72.58
70.63,70.63,58.29,69.43,72.00
72.40,72.40,60.27,64.28,70.25
71.06,71.06,64.49,65.59,71.26
68.29,68.29,70.41,67.60,71.97
66.14,66.14,74.19,69.90,72.23
65.84,65.84,73.15,70.36,71.76
63.52,63.52,69.05,72.50,69.43
64.00,64.00,65.02,70.56,71.79
62.91,62.91,62.07,69.07,72.30
63.27,63.27,63.57,73.35,71.27
61.10,61.10,64.82,68.96,72.66
55.44,55.44,60.51,71.13,70.22
54.97,54.97,56.73,70.63,71.76
55.48,55.48,55.38,68.25,69.63
56.63,56.63,56.55,70.57,68.25
63.51,63.51,61.38,68.60,67.92
72.27,72.27,69.66,66.41,70.72
72.54,72.54,78.83,69.39,69.56
73.08,73.08,68.24,58.98,68.12
73.63,73.63,66.35,67.01,70.41
72.36,72.36,61.32,60.02,69.66
75.04,75.04,61.89,64.15,66.90
74.12,74.12,61.83,63.66,67.18
72.50,72.50,59.99,63.91,68.45
73.18,73.18,58.67,65.26,69.09
73.38,73.38,57.61,67.18,66.64
71.90,71.90,56.76,65.02,67.50
70.68,70.68,56.29,67.38,68.12
68.25,68.25,58.06,66.35,69.91
69.23,69.23,61.16,64.66,67.43
68.68,68.68,64.77,64.89,71.04
62.64,62.64,61.17,66.90,69.63
62.20,62.20,59.80,67.63,69.29
63.20,63.20,56.63,68.05,67.60
65.55,65.55,55.96,67.81,71.59
66.02,66.02,54.79,68.08,70.23
62.70,62.70,55.88,67.42,69.03
62.45,62.45,50.81,67.90,72.12
63.13,63.13,50.28,67.44,68.23
63.29,63.29,48.87,66.44,69.61
62.39,62.39,50.26,65.74,66.29
70.97,70.97,58.75,65.92,68.24
72.56,72.56,65.96,65.42,67.80
73.07,73.07,76.58,65.24,71.39
69.64,69.64,68.58,62.39,69.36
70.27,70.27,67.27,62.33,70.15
71.57,71.57,64.07,59.33,66.93
72.17,72.17,61.33,67.04,68.72
73.68,73.68,64.37,69.89,66.64
74.15,74.15,59.35,68.00,63.67
73.66,73.66,56.42,65.26,65.80
71.56,71.56,52.69,65.38,68.62
71.28,71.28,51.08,66.46,70.32
70.79,70.79,50.56,65.68,67.58
69.45,69.45,54.09,68.04,69.23
70.52,70.52,62.24,67.04,70.76
70.47,70.47,71.30,69.54,69.79
70.01,70.01,72.23,70.98,69.65
71.23,71.23,67.08,68.91,68.88
70.43,70.43,63.37,67.85,67.56
69.62,69.62,62.47,67.78,69.63
69.75,69.75,60.91,69.30,71.67
74.25,74.25,60.58,67.21,71.31
73.51,73.51,60.09,66.38,69.68
69.74,69.74,57.17,67.80,69.17
68.65,68.65,54.61,68.67,70.09
66.54,66.54,58.29,66.91,71.59
58.09,58.09,58.26,69.00,70.11
56.95,56.95,59.58,66.03,71.97
54.28,54.28,60.83,71.09,72.34
57.07,57.07,59.55,73.28,73.36
56.76,56.76,58.35,68.11,72.52
55.59,55.59,57.04,69.16,71.08
55.59,55.59,55.69,68.37,72.08
50.68,50.68,52.56,69.95,72.66
51.31,51.31,51.48,70.82,72.42
52.57,52.57,54.22,69.18,71.73
51.63,51.63,51.32,68.31,71.91
51.71,51.71,49.21,69.34,72.37
53.90,53.90,48.09,70.75,71.98
57.42,57.42,55.77,71.09,71.19
66.99,66.99,64.97,69.74,73.38
69.70,69.70,76.14,69.79,72.75
70.29,70.29,69.05,67.52,73.18
67.98,67.98,66.26,68.34,72.22
71.91,71.91,63.38,71.88,72.75
69.08,69.08,60.93,71.25,71.40
69.50,69.50,58.63,71.27,71.52
73.28,73.28,60.49,72.65,73.37
73.29,73.29,58.84,71.38,71.94
71.50,71.50,56.84,71.44,71.87
73.35,73.35,54.63,71.70,71.73
75.05,75.05,53.83,71.97,71.69
74.81,74.81,55.32,69.46,67.45
73.82,73.82,62.20,65.79,67.87
75.10,75.10,65.66,55.41,72.53
73.62,73.62,78.34,61.06,70.64
75.39,75.39,70.31,65.41,68.89
71.92,71.92,69.59,68.73,69.24
72.28,72.28,65.85,69.13,68.38
74.61,74.61,55.08,70.48,69.32
74.55,74.55,57.72,68.81,68.38
75.22,75.22,53.81,68.10,68.83
70.26,70.26,53.59,68.13,68.77
66.59,66.59,51.91,68.24,69.51
64.55,64.55,51.40,69.03,70.96
63.76,63.76,61.68,67.47,70.38
65.33,65.33,72.26,64.51,69.73
66.00,66.00,71.23,69.94,74.54
69.11,69.11,69.12,66.64,72.33
73.04,73.04,69.40,72.19,71.05
73.69,73.69,65.21,68.84,68.09
72.91,72.91,62.82,68.63,69.58
73.76,73.76,62.64,66.75,68.17
74.50,74.50,61.88,67.82,70.34
74.85,74.85,62.75,69.27,69.13
68.48,68.48,60.62,68.65,66.79
71.60,71.60,56.78,68.32,69.57
71.68,71.68,55.83,69.07,67.14
72.40,72.40,57.23,67.22,71.72
76.90,76.90,61.29,68.08,71.32
76.60,76.60,69.60,68.11,69.43
73.98,73.98,80.65,70.31,68.12
69.87,69.87,68.67,67.21,66.19
74.10,74.10,65.39,66.54,69.14
74.60,74.60,63.67,68.75,69.72
73.27,73.27,61.01,67.18,67.30
69.93,69.93,59.85,67.57,66.59
71.96,71.96,60.48,71.64,67.55
72.82,72.82,60.45,71.73,68.80
71.08,71.08,57.72,72.03,71.15
72.82,72.82,56.12,72.98,69.66
72.36,72.36,54.81,72.47,68.35
70.98,70.98,64.12,72.38,68.40
72.20,72.20,71.45,68.04,70.09
72.50,72.50,80.07,67.72,69.67
69.70,69.70,69.63,67.40,67.44
67.20,67.20,68.21,67.50,70.54
69.31,69.31,66.49,67.91,71.41
70.92,70.92,62.71,67.92,70.08
68.48,68.48,62.10,70.13,70.33
67.56,67.56,60.68,72.03,69.19
70.45,70.45,63.78,73.35,70.39
68.12,68.12,62.32,71.58,73.56
67.85,67.85,63.21,71.17,71.37
65.08,65.08,63.65,68.78,71.05
61.24,61.24,65.29,72.40,72.02
65.82,65.82,65.89,71.59,71.21
63.46,63.46,65.24,73.32,73.54
61.45,61.45,64.85,74.20,74.08
56.44,56.44,63.99,72.58,73.79
54.32,54.32,63.36,71.51,72.19
53.19,53.19,64.88,70.19,73.44
53.64,53.64,63.11,71.68,71.71
52.51,52.51,62.40,72.77,72.26
50.66,50.66,62.96,71.58,73.09
51.28,51.28,63.18,73.06,71.68
49.85,49.85,61.75,73.65,70.43
51.58,51.58,62.08,73.03,70.22
51.71,51.71,61.39,73.65,70.02
56.94,56.94,64.60,74.29,70.43
60.97,60.97,70.73,72.72,72.30
63.82,63.82,73.82,73.39,74.48
65.03,65.03,72.72,68.43,73.99
62.79,62.79,68.02,67.24,71.26
58.37,58.37,66.26,68.54,70.38
54.49,54.49,64.22,65.25,73.00
51.20,51.20,63.46,69.38,72.45
49.97,49.97,63.16,65.73,72.03
52.06,52.06,62.54,69.34,71.80
52.82,52.82,60.96,68.86,72.06
53.49,53.49,62.37,71.67,72.63
59.18,59.18,62.81,70.93,74.65
64.55,64.55,60.57,70.67,73.06
68.08,68.08,61.39,71.17,69.68
66.60,66.60,57.71,70.65,72.42
65.07,65.07,57.17,71.34,71.41
64.08,64.08,55.70,69.78,73.02
61.35,61.35,54.87,68.97,73.47
60.63,60.63,54.10,70.31,74.80
61.79,61.79,53.51,70.88,74.99
60.81,60.81,54.51,69.87,73.31
63.12,63.12,55.13,69.64,70.85
66.13,66.13,53.27,69.12,71.09
68.69,68.69,52.11,68.77,72.64
68.98,68.98,51.53,69.98,70.81
67.84,67.84,55.89,69.77,69.11
69.29,69.29,58.84,68.41,71.26
73.92,73.92,78.31,67.51,69.43
73.50,73.50,68.95,61.13,70.41
77.12,77.12,68.79,63.15,71.28
73.11,73.11,63.90,65.62,71.57
72.59,72.59,62.46,64.17,72.32
66.16,66.16,58.89,64.47,70.76
67.29,67.29,58.99,66.72,70.52
68.05,68.05,57.45,66.96,71.97
67.62,67.62,56.86,67.10,69.97
66.93,66.93,54.42,65.71,71.22
67.67,67.67,52.42,66.75,69.85
76.65,76.65,55.85,67.78,70.94
77.50,77.50,61.23,67.38,69.86
74.63,74.63,64.84,67.51,70.46
73.50,73.50,78.52,69.82,70.13
73.74,73.74,69.26,67.29,69.84
75.11,75.11,63.10,63.67,69.28
72.12,72.12,61.70,66.05,70.15
71.77,71.77,57.32,70.09,69.55
72.41,72.41,58.58,69.44,68.95
73.50,73.50,58.23,66.57,69.41
70.65,70.65,58.16,66.88,69.12
70.83,70.83,53.75,67.34,69.38
69.25,69.25,53.46,68.67,69.54
69.00,69.00,57.03,70.27,69.46
69.73,69.73,63.28,70.87,70.42
73.07,73.07,72.96,68.58,71.77
73.17,73.17,73.03,70.45,73.40
71.94,71.94,66.72,62.57,71.36
71.96,71.96,65.88,66.23,74.35
70.17,70.17,64.20,67.83,75.32
68.01,68.01,63.03,67.37,72.35
68.05,68.05,62.64,69.37,72.04
70.22,70.22,62.48,70.53,75.06
68.69,68.69,61.46,71.83,76.33
70.52,70.52,59.51,71.24,73.58
65.89,65.89,55.67,73.18,73.20
63.23,63.23,56.04,72.62,73.00
68.05,68.05,59.77,70.01,70.36
72.37,72.37,66.95,68.01,71.48
74.24,74.24,78.22,65.69,72.76
72.07,72.07,66.61,59.47,75.16
74.83,74.83,69.00,66.25,73.40
76.40,76.40,57.05,70.42,70.04
74.94,74.94,60.89,73.04,72.68
75.35,75.35,62.93,74.29,74.64
73.63,73.63,58.04,72.67,73.45
73.02,73.02,56.54,71.58,72.74
73.73,73.73,53.99,73.95,73.68
72.24,72.24,50.76,74.22,72.73
72.34,72.34,49.98,72.40,72.50
73.74,73.74,53.69,73.37,69.68
73.45,73.45,57.68,73.96,74.69
73.41,73.41,62.63,74.65,71.23
73.24,73.24,61.39,73.59,72.06
73.46,73.46,59.19,74.75,71.86
74.13,74.13,58.27,76.20,73.75
72.58,72.58,56.65,76.10,73.01
68.78,68.78,54.63,73.73,71.20
67.55,67.55,57.59,75.23,74.04
63.48,63.48,55.35,75.18,74.00
61.85,61.85,53.76,74.56,73.37
61.64,61.64,51.56,74.13,71.73
59.46,59.46,53.87,75.06,72.76
59.15,59.15,61.69,75.67,74.92
60.36,60.36,68.40,70.20,71.97
65.24,65.24,76.65,61.82,73.17
59.81,59.81,72.35,60.77,72.00
58.74,58.74,73.36,71.34,72.23
54.91,54.91,61.96,74.32,71.53
56.87,56.87,65.77,73.45,72.05
54.61,54.61,65.47,70.41,74.01
53.37,53.37,63.81,75.37,71.82
52.95,52.95,62.51,77.06,73.86
54.90,54.90,59.81,75.27,71.53
54.58,54.58,61.04,72.60,74.55
57.99,57.99,57.81,73.09,72.94
61.01,61.01,58.08,73.33,72.95
67.14,67.14,63.00,73.54,71.33
69.17,69.17,74.44,74.15,71.34
66.96,66.96,71.97,70.96,72.06
62.96,62.96,69.36,70.46,73.97
62.58,62.58,64.66,72.15,74.35
61.47,61.47,63.86,73.34,74.33
57.42,57.42,63.42,73.18,74.56
55.12,55.12,63.15,70.83,73.61
52.40,52.40,62.48,74.38,72.91
49.44,49.44,59.04,74.63,74.18
51.84,51.84,59.44,74.20,74.28
55.45,55.45,54.71,74.04,72.69
60.20,60.20,53.23,74.65,71.86
67.59,67.59,56.27,73.47,71.58
69.10,69.10,57.53,74.87,70.63
71.53,71.53,59.55,72.10,72.54
70.01,70.01,58.81,73.02,76.81
69.74,69.74,57.92,69.14,75.64
71.29,71.29,57.28,69.94,75.50
72.47,72.47,53.75,70.61,72.75
73.28,73.28,54.25,72.59,75.42
72.68,72.68,51.59,73.72,74.41
72.91,72.91,52.78,72.41,75.94
72.70,72.70,52.39,72.72,75.45
69.25,69.25,50.81,73.39,74.43
69.21,69.21,48.31,72.93,74.31
69.55,69.55,48.65,72.36,75.41
69.30,69.30,61.92,70.63,75.16
74.58,74.58,71.22,57.89,71.99
75.85,75.85,77.20,58.27,70.21
73.75,73.75,70.20,60.29,67.97
71.93,71.93,65.22,68.23,71.00
71.64,71.64,62.29,70.78,69.51
69.06,69.06,63.67,71.03,69.58
66.63,66.63,62.68,73.41,71.95
65.53,65.53,61.85,72.33,72.06
63.36,63.36,60.15,73.34,69.52
65.19,65.19,57.43,73.53,70.29
67.52,67.52,55.29,73.92,69.27
64.27,64.27,53.31,73.33,68.58
65.17,65.17,57.77,73.37,67.47
69.52,69.52,65.21,71.26,71.33
70.74,70.74,75.50,70.28,71.62
69.36,69.36,72.42,69.47,70.35
69.51,69.51,69.46,67.13,72.28
68.50,68.50,58.67,66.94,69.28
66.92,66.92,55.41,69.65,71.24
64.81,64.81,59.60,72.21,70.36
60.67,60.67,58.20,72.21,71.73
58.38,58.38,56.32,71.05,72.62
60.44,60.44,55.67,71.44,73.21
58.91,58.91,54.70,72.37,74.28
60.98,60.98,56.29,71.51,73.38
65.14,65.14,61.99,72.41,73.23
72.26,72.26,67.92,72.57,71.13
73.54,73.54,72.68,71.90,73.47
73.65,73.65,70.40,69.46,69.89
76.11,76.11,66.34,69.90,70.90
74.42,74.42,64.76,69.95,68.84
73.46,73.46,62.71,72.96,69.41
74.62,74.62,60.53,73.29,69.16
74.31,74.31,63.60,73.35,68.20
71.26,71.26,61.58,71.72,68.85
72.87,72.87,57.94,73.73,70.51
69.75,69.75,56.81,74.16,69.37
68.78,68.78,53.08,74.07,69.02
70.56,70.56,56.01,73.37,69.56
68.06,68.06,58.67,74.10,68.54
68.73,68.73,73.29,69.74,66.91
66.34,66.34,79.38,66.06,71.45
66.16,66.16,68.38,67.72,72.08
67.99,67.99,65.55,69.49,71.34
68.03,68.03,65.64,72.82,73.00
66.48,66.48,63.44,74.56,72.69
66.82,66.82,62.31,74.19,70.50
67.14,67.14,57.07,73.91,71.41
63.75,63.75,54.48,74.59,71.91
61.36,61.36,53.24,71.65,69.62
59.81,59.81,53.05,73.28,67.11
62.12,62.12,57.71,68.88,66.52
65.40,65.40,61.00,67.20,65.51
71.96,71.96,74.22,66.15,70.35
71.72,71.72,80.05,68.33,69.94
71.14,71.14,70.61,65.78,71.46
71.73,71.73,63.85,67.21,71.50
73.39,73.39,62.44,69.94,68.24
73.88,73.88,60.92,68.46,69.62
69.15,69.15,61.37,73.43,68.42
72.97,72.97,62.05,69.47,68.51
73.23,73.23,61.07,69.60,69.33
73.42,73.42,62.12,73.22,68.43
72.74,72.74,61.53,69.77,70.61
73.60,73.60,61.59,71.16,70.01
74.60,74.60,62.55,72.85,67.44
71.43,71.43,63.57,70.08,70.75
72.29,72.29,62.97,74.66,70.03
75.42,75.42,61.03,70.62,66.84
71.42,71.42,60.84,72.75,69.38
72.69,72.69,61.31,74.52,70.03
71.53,71.53,60.28,73.70,70.29
68.97,68.97,61.09,72.04,70.61
65.51,65.51,61.49,75.74,69.91
61.49,61.49,62.14,71.96,72.48
60.28,60.28,61.37,76.25,70.72
57.53,57.53,60.81,74.07,70.32
61.02,61.02,59.77,73.11,71.94
67.34,67.34,62.95,73.57,71.17
68.15,68.15,65.86,68.68,70.46
69.34,69.34,73.19,66.37,69.98
71.12,71.12,74.61,66.93,67.02
75.74,75.74,70.15,66.04,66.21
72.87,72.87,64.97,68.37,68.44
74.75,74.75,64.87,67.87,69.97
73.09,73.09,63.59,64.74,69.31
70.76,70.76,62.68,70.13,69.32
69.46,69.46,62.12,64.49,70.95
69.33,69.33,58.77,68.70,68.14
68.14,68.14,57.46,67.07,71.74
66.22,66.22,58.29,65.31,69.54
65.08,65.08,57.63,70.84,71.23
65.97,65.97,54.25,66.87,71.24
68.13,68.13,53.82,64.75,70.23
68.02,68.02,52.05,70.48,71.31
67.21,67.21,53.28,66.25,71.31
67.40,67.40,53.75,69.45,71.59
66.60,66.60,51.81,67.79,71.54
67.17,67.17,52.99,65.28,71.12
65.30,65.30,54.02,69.53,70.09
60.39,60.39,51.89,68.01,71.88
56.88,56.88,54.22,68.05,70.83
55.03,55.03,53.60,70.93,72.09
58.21,58.21,54.60,65.17,71.65
62.99,62.99,55.07,67.64,70.62
70.96,70.96,60.96,66.48,72.05
75.70,75.70,63.91,64.89,69.47
74.51,74.51,75.42,65.77,67.63
73.75,73.75,73.82,67.46,68.65
73.46,73.46,70.46,66.05,68.02
74.53,74.53,60.48,64.83,69.10
76.93,76.93,61.60,66.50,69.27
75.42,75.42,61.55,70.26,68.78
71.80,71.80,61.61,66.73,66.02
72.01,72.01,60.03,69.35,68.42
75.27,75.27,57.27,70.10,66.82
75.53,75.53,53.91,68.08,66.33
74.13,74.13,52.60,71.21,66.10
74.05,74.05,57.20,68.46,64.38
71.92,71.92,61.02,64.47,67.39
71.41,71.41,71.56,64.19,67.45
73.24,73.24,76.97,64.01,69.92
75.14,75.14,66.94,50.66,68.40
74.02,74.02,67.95,66.57,66.59
74.63,74.63,61.67,67.69,66.70
76.07,76.07,58.42,70.66,66.64
77.34,77.34,59.46,69.74,67.88
76.91,76.91,58.90,69.00,67.76
74.47,74.47,58.39,67.35,66.02
76.93,76.93,58.67,66.74,67.17
74.19,74.19,58.73,65.80,64.80
72.94,72.94,59.46,69.74,64.86
75.70,75.70,64.95,64.80,69.02
75.07,75.07,71.38,64.62,69.16
72.65,72.65,72.42,72.50,70.58
72.07,72.07,68.36,69.24,72.03
71.27,71.27,64.39,72.84,69.79
70.03,70.03,63.70,71.59,70.47
69.06,69.06,63.04,72.78,72.59
67.88,67.88,60.71,71.65,69.85
67.49,67.49,62.69,70.81,72.09
65.34,65.34,59.19,71.46,74.15
63.23,63.23,53.12,75.40,69.37
66.73,66.73,54.67,62.16,70.18
69.04,69.04,56.07,64.58,70.16
72.94,72.94,59.24,64.79,67.67
73.82,73.82,64.84,59.72,71.41
73.33,73.33,71.47,55.21,69.37
72.96,72.96,76.74,59.98,68.82
74.33,74.33,68.50,66.57,68.64
72.74,72.74,59.26,65.48,70.25
74.93,74.93,60.09,64.96,71.29
73.29,73.29,59.41,66.84,70.11
73.28,73.28,57.08,63.56,72.04
71.95,71.95,58.52,65.29,71.06
73.06,73.06,56.91,64.53,71.95
78.33,78.33,57.05,64.98,71.77
71.95,71.95,56.95,63.33,69.56
75.00,75.00,58.44,65.14,70.69
74.10,74.10,62.12,66.06,71.19
73.61,73.61,65.05,67.36,70.16
74.91,74.91,61.65,66.86,70.50
72.11,72.11,60.66,65.76,71.46
74.09,74.09,60.53,66.48,71.73
72.23,72.23,58.20,65.48,70.65
74.30,74.30,58.97,66.17,71.54
72.12,72.12,58.18,64.87,71.58
72.07,72.07,57.27,66.68,72.01
71.97,71.97,53.38,65.82,71.88
69.58,69.58,52.09,65.12,72.03
70.24,70.24,53.84,60.10,70.44
72.23,72.23,56.21,64.18,69.64
73.60,73.60,61.66,63.01,71.10
74.92,74.92,69.78,63.27,71.07
72.10,72.10,80.65,66.11,69.08
74.79,74.79,66.29,62.29,70.67
75.25,75.25,67.93,62.74,71.44
74.59,74.59,57.97,63.55,69.58
74.63,74.63,58.62,68.46,69.94
73.47,73.47,55.44,67.33,71.00
72.58,72.58,54.61,68.72,70.40
74.71,74.71,53.10,69.43,68.75
73.95,73.95,52.59,68.76,71.28
74.72,74.72,54.47,68.18,69.53
75.17,75.17,58.14,66.84,69.62
72.33,72.33,63.12,68.11,70.81
71.54,71.54,70.47,67.92,75.37
70.64,70.64,71.86,66.91,73.76
71.60,71.60,68.28,64.72,74.40
73.53,73.53,63.54,66.26,76.43
72.96,72.96,60.94,64.71,77.18
73.20,73.20,59.95,68.81,77.05
72.26,72.26,59.00,64.21,74.44
72.86,72.86,57.09,66.24,74.80
71.41,71.41,54.27,66.91,76.28
72.99,72.99,54.00,65.43,74.87
73.70,73.70,52.25,66.06,72.75
73.26,73.26,53.63,66.00,71.25
73.04,73.04,64.24,64.88,71.57
71.48,71.48,68.37,62.55,71.94
73.40,73.40,76.58,63.06,70.48
72.52,72.52,63.47,59.79,71.06
75.46,75.46,60.67,57.84,71.71
74.91,74.91,61.34,58.93,72.41
77.51,77.51,60.04,63.19,69.50
77.76,77.76,58.57,64.27,70.73
76.00,76.00,57.35,65.38,68.98
73.00,73.00,59.81,66.25,69.72
75.01,75.01,57.76,66.00,69.57
74.10,74.10,57.59,65.24,69.88
74.43,74.43,58.34,66.73,69.86
76.94,76.94,61.85,63.53,70.91
76.07,76.07,70.47,58.08,72.50
73.29,73.29,77.17,58.47,71.94
75.57,75.57,67.76,60.75,71.01
77.98,77.98,65.42,62.78,70.19
75.84,75.84,63.47,59.48,69.75
74.03,74.03,59.67,62.42,71.32
72.99,72.99,60.04,62.60,70.35
73.03,73.03,59.24,60.65,70.10
71.36,71.36,60.26,59.93,70.73
72.31,72.31,57.92,60.58,69.56
73.02,73.02,56.19,62.33,69.49
73.60,73.60,55.86,62.58,69.27
75.09,75.09,60.46,59.65,67.82
77.48,77.48,70.54,62.55,69.02
72.68,72.68,75.62,67.91,70.63
75.67,75.67,74.50,68.91,71.80
74.18,74.18,66.26,61.15,71.69
72.90,72.90,61.96,66.81,70.97
71.26,71.26,62.63,66.15,71.59
73.00,73.00,65.51,66.31,72.81
71.07,71.07,63.41,66.68,70.16
74.20,74.20,61.38,68.42,71.69
76.29,76.29,58.99,68.66,72.34
75.18,75.18,56.89,65.45,70.90
75.02,75.02,59.03,66.90,70.54
75.07,75.07,61.51,66.12,70.26
75.51,75.51,70.96,63.17,70.44
75.00,75.00,77.26,62.98,69.91
76.12,76.12,70.06,55.20,70.43
71.96,71.96,65.95,62.20,71.83
74.09,74.09,63.13,62.93,70.46
72.47,72.47,62.07,65.32,68.86
73.50,73.50,63.68,66.21,69.99
74.06,74.06,63.72,64.76,70.09
76.29,76.29,62.33,63.57,69.99
75.85,75.85,61.07,64.41,71.27
74.60,74.60,60.82,64.94,70.10
75.51,75.51,62.04,64.43,70.73
74.95,74.95,66.15,64.71,69.93
75.57,75.57,68.04,65.75,71.43
75.06,75.06,69.77,63.50,73.66
73.00,73.00,67.61,70.03,72.24
74.35,74.35,66.35,64.61,71.01
75.24,75.24,66.25,67.06,71.34
74.47,74.47,65.32,64.41,72.56
75.70,75.70,66.75,67.27,74.36
73.47,73.47,67.79,65.43,73.79
73.95,73.95,66.93,66.52,72.00
73.49,73.49,66.08,64.69,72.64
72.97,72.97,64.67,62.70,73.47
75.06,75.06,63.30,54.49,71.49
73.96,73.96,64.78,53.17,72.31
75.66,75.66,69.04,55.36,70.09
77.00,77.00,78.57,62.57,71.42
71.90,71.90,70.01,59.69,70.76
72.24,72.24,67.03,63.98,72.85
71.31,71.31,65.73,56.60,67.89
72.06,72.06,62.76,63.63,68.65
72.85,72.85,62.83,60.30,69.90
72.28,72.28,61.83,60.01,69.03
70.90,70.90,61.91,67.08,71.47
71.11,71.11,61.33,67.59,70.59
70.91,70.91,60.51,66.56,72.52
67.40,67.40,59.27,68.47,72.75
63.82,63.82,57.19,68.50,72.62
65.78,65.78,52.77,68.97,72.54
72.09,72.09,51.57,70.40,69.16
72.57,72.57,50.20,67.17,70.68
72.50,72.50,51.02,69.80,71.18
73.57,73.57,52.76,69.01,67.09
71.99,71.99,54.19,69.72,70.71
74.73,74.73,54.73,69.29,72.12
71.62,71.62,55.83,69.19,68.89
73.42,73.42,57.57,70.37,68.38
71.13,71.13,56.08,69.53,73.57
69.20,69.20,55.63,68.94,71.00
70.17,70.17,54.57,70.62,70.91
71.54,71.54,57.40,68.18,73.94
71.29,71.29,60.59,71.89,69.49
69.04,69.04,68.96,68.50,72.66
67.95,67.95,70.82,64.41,72.81
68.10,68.10,67.94,58.31,71.26
67.13,67.13,66.43,64.66,72.65
66.39,66.39,63.67,63.73,69.48
66.39,66.39,62.89,63.84,72.43
68.12,68.12,62.58,65.48,70.31
61.49,61.49,64.13,62.49,70.31
60.93,60.93,61.83,62.58,71.90
62.44,62.44,59.47,67.98,71.75
60.39,60.39,58.03,61.55,71.84
62.85,62.85,57.66,65.72,73.25
68.79,68.79,56.94,67.20,69.89
69.36,69.36,56.30,64.10,70.98
71.67,71.67,54.33,67.22,70.90
72.72,72.72,52.16,66.43,69.25
73.51,73.51,51.08,62.84,71.56
72.45,72.45,53.02,67.61,70.63
76.08,76.08,52.30,65.03,69.12
74.36,74.36,52.14,66.15,71.11
74.61,74.61,53.35,68.76,70.64
71.97,71.97,53.52,63.57,70.88
72.12,72.12,55.31,63.15,71.74
71.24,71.24,56.45,66.92,69.72
72.25,72.25,56.32,61.90,71.95
71.01,71.01,59.51,60.51,68.97
72.67,72.67,62.28,58.28,69.14
69.43,69.43,79.63,62.65,69.01
72.26,72.26,74.12,57.61,69.08
72.05,72.05,67.51,55.90,68.08
72.50,72.50,60.57,60.43,66.63
72.13,72.13,61.21,64.79,68.57
72.14,72.14,60.91,61.76,67.48
72.38,72.38,58.52,66.24,67.44
73.20,73.20,55.69,65.11,69.43
71.48,71.48,54.29,66.27,69.29
73.65,73.65,51.38,64.80,69.28
75.50,75.50,46.72,66.65,67.80
72.13,72.13,50.73,63.94,65.71
69.84,69.84,57.62,65.69,68.85
70.59,70.59,68.00,63.00,70.88
70.22,70.22,80.53,66.56,68.98
70.22,70.22,68.32,66.31,68.24
71.70,71.70,66.56,62.16,65.38
70.24,70.24,58.24,63.12,68.75
71.25,71.25,59.94,64.54,69.52
70.79,70.79,51.26,66.21,70.48
75.23,75.23,50.38,68.84,71.66
72.31,72.31,49.98,68.25,72.77
69.73,69.73,49.64,68.92,71.20
72.70,72.70,48.99,67.90,71.90
70.90,70.90,51.27,66.50,74.56
69.33,69.33,56.14,71.05,70.83
67.89,67.89,68.31,67.47,71.54
62.24,62.24,73.34,64.44,70.97
63.41,63.41,71.64,68.63,72.51
64.52,64.52,65.65,67.83,71.05
64.20,64.20,64.44,67.55,71.37
65.92,65.92,62.88,69.11,70.10
62.53,62.53,64.44,68.98,69.51
62.14,62.14,67.43,68.79,69.40
65.52,65.52,58.77,68.75,69.04
68.24,68.24,55.96,68.37,73.10
69.23,69.23,56.79,70.85,72.00
71.81,71.81,54.51,62.98,65.94
69.66,69.66,58.17,58.58,69.13
67.93,67.93,64.06,64.63,70.68
71.54,71.54,75.17,66.83,70.21
71.82,71.82,76.97,64.63,67.48
71.57,71.57,70.22,67.64,68.94
72.03,72.03,59.39,66.21,68.90
71.56,71.56,60.58,61.66,68.56
71.26,71.26,61.86,69.30,69.41
71.85,71.85,52.92,67.48,72.04
71.65,71.65,50.64,69.86,69.88
71.06,71.06,48.91,68.87,70.64
72.72,72.72,50.55,67.60,68.84
70.48,70.48,48.94,67.54,70.71
70.92,70.92,49.50,68.95,70.82
73.57,73.57,53.56,69.93,70.05
71.97,71.97,56.42,69.10,71.33
73.16,73.16,56.96,70.13,69.11
70.22,70.22,53.62,67.28,69.68
70.37,70.37,51.90,67.82,71.46
69.80,69.80,49.85,65.73,68.86
69.64,69.64,47.87,63.76,70.14
64.66,64.66,48.46,66.27,69.78
63.66,63.66,49.04,68.20,72.54
65.86,65.86,48.28,62.47,73.07
68.27,68.27,47.47,65.48,70.95
67.51,67.51,51.38,64.34,72.09
70.54,70.54,55.79,62.91,72.98
70.27,70.27,64.23,61.87,70.01
73.39,73.39,77.33,59.70,68.31
71.43,71.43,74.55,59.37,68.95
71.07,71.07,69.17,64.09,69.09
71.77,71.77,61.03,64.58,68.94
71.02,71.02,59.74,67.07,66.82
69.57,69.57,58.51,69.48,68.16
72.12,72.12,51.75,69.32,68.63
72.06,72.06,52.06,64.37,71.01
74.04,74.04,49.73,68.05,69.74
74.33,74.33,46.98,67.16,67.36
69.46,69.46,46.07,68.10,67.55
70.08,70.08,47.41,65.14,68.96
69.38,69.38,53.89,67.67,68.85
69.56,69.56,64.79,67.03,71.21
68.29,68.29,71.44,65.05,71.98
67.28,67.28,70.10,63.38,71.90
67.09,67.09,63.67,65.99,72.94
67.83,67.83,57.29,63.84,71.17
67.65,67.65,57.96,65.30,72.60
62.85,62.85,55.19,64.96,69.76
59.42,59.42,59.19,63.23,71.41
58.33,58.33,54.34,64.58,71.16
58.03,58.03,55.93,67.67,72.41
56.81,56.81,53.88,66.91,69.21
59.54,59.54,51.53,68.63,69.95
63.22,63.22,57.03,60.64,69.15
66.77,66.77,57.73,68.12,70.06
65.97,65.97,56.14,66.12,69.76
68.55,68.55,57.74,68.12,69.85
70.58,70.58,54.48,63.30,69.60
72.04,72.04,50.97,67.84,70.38
72.66,72.66,48.08,68.09,69.47
72.25,72.25,46.49,67.35,67.94
72.78,72.78,44.42,66.79,69.25
69.56,69.56,44.83,68.40,67.59
69.69,69.69,44.75,67.42,69.91
68.50,68.50,45.89,68.21,69.75
68.21,68.21,49.75,68.96,70.91
68.01,68.01,53.75,66.91,68.92
69.43,69.43,64.56,65.68,71.11
70.11,70.11,75.39,58.82,71.96
67.07,67.07,74.56,59.98,70.11
67.44,67.44,70.94,66.17,71.13
66.40,66.40,61.88,67.70,72.14
64.22,64.22,57.22,67.17,71.54
63.23,63.23,58.02,67.98,71.89
69.63,69.63,56.85,65.08,71.33
69.54,69.54,51.87,65.05,71.16
67.86,67.86,52.27,65.63,73.69
64.80,64.80,49.28,65.73,69.97
58.81,58.81,50.75,59.91,70.13
53.40,53.40,52.58,63.12,69.42
52.25,52.25,59.71,61.91,72.98
51.48,51.48,65.16,57.52,73.15
52.48,52.48,79.62,61.58,72.51
51.35,51.35,69.32,55.82,70.83
49.74,49.74,69.92,63.29,71.34
55.43,55.43,54.80,67.22,72.20
50.27,50.27,59.98,69.07,72.82
49.72,49.72,58.01,68.24,71.46
50.21,50.21,47.99,69.44,72.27
44.11,44.11,48.92,70.02,72.57
41.22,41.22,45.01,71.38,69.66
39.94,39.94,44.77,68.13,71.08
36.29,36.29,51.11,69.41,70.25
34.14,34.14,58.45,66.32,70.73
36.57,36.57,73.11,64.62,71.28
38.18,38.18,71.96,62.88,72.55
36.93,36.93,71.95,69.12,72.33
37.42,37.42,65.95,68.27,71.76
39.02,39.02,61.94,67.51,72.00
35.26,35.26,60.89,65.97,71.08
30.98,30.98,60.24,62.55,70.27
27.89,27.89,63.22,65.99,71.04
33.80,33.80,61.74,67.61,72.20
32.53,32.53,61.34,67.82,70.76
31.08,31.08,57.14,67.52,70.02
27.96,27.96,54.87,64.29,70.47
26.72,26.72,57.67,61.80,68.47
32.40,32.40,63.31,59.58,70.15
41.96,41.96,74.84,64.55,71.87
40.63,40.63,79.11,60.56,68.72
40.67,40.67,70.25,59.13,71.31
48.75,48.75,63.56,56.25,72.85
41.79,41.79,63.46,65.11,70.64
41.94,41.94,58.40,65.60,72.97
46.68,46.68,61.53,64.01,71.08
50.71,50.71,56.95,60.39,71.66
55.81,55.81,56.11,65.21,70.23
68.08,68.08,51.13,65.71,69.88
71.45,71.45,49.86,64.61,69.05
71.82,71.82,49.65,55.55,70.60
72.00,72.00,55.29,54.83,69.58
71.89,71.89,74.42,54.76,71.15
67.11,67.11,80.58,61.93,70.19
68.52,68.52,69.22,56.50,66.96
69.08,69.08,62.45,62.17,68.88
71.18,71.18,59.03,64.87,69.69
70.22,70.22,64.42,58.64,67.90
69.03,69.03,62.04,62.85,71.21
69.80,69.80,58.46,69.66,70.06
68.80,68.80,50.69,63.69,70.43
68.14,68.14,50.62,65.79,71.33
68.48,68.48,49.13,70.70,69.02
68.34,68.34,46.88,63.02,71.31
68.84,68.84,50.79,61.55,69.00
67.08,67.08,55.65,69.21,69.84
67.84,67.84,55.49,64.08,72.09
68.68,68.68,53.51,68.23,71.16
68.61,68.61,50.07,65.41,70.90
69.17,69.17,49.54,65.81,72.71
69.83,69.83,47.42,70.12,71.52
68.32,68.32,59.85,69.22,71.36
68.41,68.41,63.52,65.80,72.51
65.60,65.60,53.95,71.89,71.96
66.44,66.44,49.79,68.56,72.50
63.49,63.49,47.23,67.17,70.22
60.21,60.21,47.11,66.59,72.49
60.74,60.74,57.20,66.04,70.65
65.53,65.53,65.75,69.26,70.49
73.65,73.65,75.07,63.33,69.77
72.08,72.08,70.88,63.85,69.31
68.06,68.06,69.63,64.82,70.20
70.51,70.51,63.96,65.20,69.97
73.31,73.31,63.28,66.42,70.02
72.43,72.43,62.21,68.33,71.06
74.53,74.53,65.68,63.95,66.62
73.65,73.65,64.49,64.14,69.65
76.08,76.08,57.88,68.58,68.33
73.62,73.62,56.42,62.28,69.89
67.82,67.82,56.23,65.85,71.28
67.31,67.31,52.59,65.91,67.62
69.43,69.43,52.68,63.54,71.64
67.30,67.30,56.07,68.84,69.68
66.37,66.37,61.02,65.13,67.70
67.89,67.89,55.51,63.03,70.69
68.47,68.47,52.59,69.66,69.43
69.50,69.50,49.70,65.61,69.92
67.76,67.76,43.93,68.52,71.31
62.06,62.06,44.80,69.15,68.30
56.42,56.42,39.34,68.73,70.78
54.54,54.54,45.64,68.62,70.32
54.15,54.15,38.73,68.84,69.56
59.22,59.22,45.05,65.25,70.03
66.94,66.94,54.63,65.98,67.83
72.69,72.69,63.18,65.78,71.30
69.91,69.91,76.05,54.66,68.83
71.93,71.93,71.16,65.75,70.35
69.32,69.32,72.48,64.57,71.53
68.04,68.04,59.82,67.37,71.38
68.83,68.83,60.27,64.47,71.56
70.20,70.20,59.88,69.88,72.52
67.94,67.94,61.40,64.53,71.10
70.95,70.95,57.62,63.13,71.92
70.24,70.24,58.38,70.65,71.06
72.35,72.35,56.60,66.03,72.59
71.91,71.91,49.47,68.52,71.30
70.84,70.84,50.04,66.52,67.55
73.64,73.64,53.62,61.29,64.91
73.31,73.31,65.57,60.88,68.50
67.73,67.73,80.46,65.36,71.39
71.80,71.80,73.97,58.69,71.42
70.21,70.21,64.80,66.92,68.61
70.72,70.72,62.16,65.25,66.90
73.70,73.70,54.49,64.41,67.27
74.91,74.91,60.42,69.34,67.20
74.46,74.46,54.49,67.82,66.82
73.73,73.73,52.15,66.20,68.20
67.89,67.89,47.26,71.97,65.29
72.30,72.30,47.46,69.55,65.79
72.87,72.87,52.92,69.56,66.98
71.58,71.58,58.74,68.26,65.96
70.97,70.97,70.96,67.32,69.78
72.03,72.03,73.46,68.84,69.32
68.24,68.24,70.10,61.86,70.03
68.83,68.83,62.73,67.49,71.63
69.41,69.41,60.08,68.05,70.73
69.17,69.17,58.85,67.94,67.92
70.14,70.14,63.27,69.65,70.56
69.86,69.86,65.54,66.52,68.44
69.80,69.80,56.51,66.86,70.26
69.62,69.62,52.10,70.10,68.68
71.93,71.93,53.81,65.52,70.02
69.15,69.15,53.39,59.56,69.75
67.39,67.39,56.22,57.16,66.49
68.42,68.42,64.35,60.56,69.22
69.37,69.37,81.02,61.34,68.44
74.45,74.45,70.61,62.97,69.36
68.19,68.19,69.47,63.05,72.17
65.99,65.99,60.80,64.40,71.55
68.64,68.64,56.52,65.78,70.99
70.30,70.30,55.76,66.47,69.68
71.71,71.71,58.46,67.63,68.87
69.42,69.42,58.38,66.15,68.26
70.88,70.88,53.60,65.47,68.00
70.37,70.37,51.37,67.27,68.42
72.18,72.18,51.26,66.86,68.69
70.03,70.03,52.93,66.30,69.08
66.72,66.72,57.47,67.04,69.02
69.15,69.15,57.40,67.67,69.18
69.70,69.70,55.53,66.36,69.64
71.11,71.11,53.45,66.21,70.43
73.20,73.20,47.80,67.37,69.98
73.99,73.99,43.60,65.34,69.48
74.20,74.20,40.24,65.47,68.72
68.87,68.87,44.00,66.65,69.67
66.62,66.62,40.99,66.73,69.49
65.89,65.89,39.98,66.24,71.28
64.68,64.68,42.82,67.00,71.60
63.92,63.92,42.59,66.30,70.50
64.30,64.30,54.21,62.72,71.30
66.20,66.20,66.60,60.78,68.62
66.92,66.92,80.95,60.83,70.94
70.61,70.61,74.87,59.38,72.18
72.70,72.70,68.32,63.58,68.12
73.61,73.61,59.30,65.29,68.86
69.35,69.35,58.36,67.48,69.79
68.94,68.94,64.38,65.22,68.56
71.08,71.08,54.05,61.51,68.76
71.22,71.22,52.15,65.56,68.25
71.22,71.22,54.03,67.46,67.69
73.13,73.13,47.64,66.46,67.54
74.88,74.88,48.63,67.26,68.83
72.50,72.50,59.03,65.67,66.79
70.72,70.72,67.07,66.85,71.68
70.78,70.78,72.53,64.24,70.45
67.95,67.95,71.14,61.73,72.19
70.92,70.92,65.45,62.13,69.05
70.40,70.40,62.66,62.32,69.59
68.63,68.63,63.41,63.17,70.36
61.95,61.95,66.13,62.55,69.06
60.11,60.11,67.76,61.82,68.91
60.00,60.00,59.54,61.41,68.43
60.56,60.56,51.94,61.82,70.75
67.51,67.51,51.66,61.92,68.95
68.85,68.85,52.96,63.89,69.69
67.85,67.85,48.59,64.42,69.21
69.07,69.07,53.60,66.72,69.77
68.96,68.96,53.08,63.49,71.23
71.44,71.44,51.76,71.13,71.65
68.25,68.25,50.14,64.14,70.11
68.49,68.49,49.34,62.02,69.53
67.04,67.04,46.83,62.90,69.00
69.89,69.89,45.09,66.53,71.39
72.13,72.13,43.91,64.91,71.35
72.96,72.96,47.54,62.36,71.26
73.33,73.33,49.57,65.46,72.59
72.44,72.44,47.27,64.67,71.54
69.17,69.17,46.17,63.87,71.11
69.62,69.62,52.86,60.09,71.12
70.60,70.60,59.33,60.01,71.40
71.19,71.19,78.10,60.52,72.48
69.60,69.60,74.94,52.95,69.98
69.68,69.68,64.96,58.95,69.48
64.95,64.95,62.66,55.09,68.75
64.95,64.95,59.10,58.06,70.09
65.08,65.08,60.35,63.93,70.34
66.03,66.03,57.64,62.25,69.27
65.55,65.55,57.84,63.86,68.06
67.65,67.65,56.28,64.48,70.80
70.82,70.82,53.65,63.23,70.25
71.52,71.52,48.54,61.45,70.62
71.41,71.41,52.41,61.84,69.39
70.43,70.43,57.42,62.28,70.58
73.69,73.69,65.41,56.21,70.42
74.17,74.17,79.13,57.92,67.45
73.43,73.43,74.53,61.60,70.39
63.02,63.02,69.17,65.20,73.11
63.50,63.50,58.14,61.12,72.51
69.86,69.86,56.12,62.80,73.62
68.05,68.05,59.20,62.31,72.15
67.64,67.64,58.29,64.97,73.03
67.82,67.82,56.59,62.40,73.27
57.82,57.82,50.58,65.28,72.66
58.71,58.71,44.50,65.71,73.82
56.01,56.01,45.23,62.44,72.18
54.73,54.73,53.00,62.57,71.83
61.20,61.20,66.68,61.55,71.84
56.37,56.37,74.41,65.61,71.70
55.11,55.11,71.70,70.12,72.04
52.33,52.33,68.91,61.34,69.14
56.49,56.49,63.00,65.06,71.05
55.86,55.86,63.02,66.97,71.54
54.91,54.91,62.32,67.65,71.30
55.43,55.43,63.97,66.98,72.72
54.67,54.67,61.23,65.68,72.26
50.10,50.10,56.96,65.64,71.18
54.03,54.03,55.66,66.08,72.24
52.05,52.05,56.81,66.26,72.95
48.71,48.71,59.69,64.07,71.42
51.86,51.86,63.56,62.30,71.75
51.57,51.57,81.36,62.77,70.86
52.03,52.03,72.50,57.48,69.83
58.85,58.85,69.38,58.74,69.23
58.82,58.82,63.16,58.59,69.49
57.81,57.81,62.62,62.67,69.23
54.88,54.88,60.91,65.61,66.82
54.26,54.26,61.61,63.98,68.65
53.86,53.86,60.19,67.68,68.79
51.70,51.70,58.25,69.16,68.49
45.37,45.37,56.75,68.11,69.26
50.24,50.24,57.39,68.18,66.91
51.81,51.81,57.94,68.11,65.04
57.44,57.44,58.58,66.35,66.77
68.66,68.66,76.87,68.23,69.16
71.81,71.81,75.84,66.16,69.22
73.88,73.88,75.58,59.08,70.07
72.81,72.81,61.75,64.43,68.79
69.11,69.11,56.59,61.16,64.66
72.28,72.28,58.02,61.06,68.05
71.49,71.49,56.68,60.54,68.91
69.78,69.78,58.08,66.47,67.15
66.48,66.48,62.15,65.00,67.70
71.13,71.13,57.28,63.66,68.07
69.91,69.91,43.04,64.67,69.35
68.21,68.21,44.88,67.08,69.33
70.65,70.65,48.62,67.72,67.25
70.02,70.02,52.68,67.52,69.00
69.27,69.27,53.50,67.38,69.21
71.27,71.27,52.45,66.45,69.40
73.81,73.81,49.29,63.88,70.14
72.34,72.34,46.82,64.73,68.89
69.19,69.19,42.00,65.22,67.58
68.58,68.58,37.23,65.43,69.80
68.37,68.37,37.91,66.13,70.81
68.30,68.30,38.54,65.71,69.06
66.35,66.35,39.37,64.09,72.33
66.10,66.10,38.27,63.08,70.11
64.75,64.75,45.13,63.39,69.66
62.71,62.71,56.10,63.57,69.23
63.87,63.87,70.56,64.24,71.46
63.68,63.68,76.06,64.29,71.91
72.65,72.65,74.17,55.97,69.43
73.10,73.10,66.11,59.71,69.06
69.61,69.61,60.96,65.75,67.83
70.33,70.33,58.70,67.73,65.99
69.47,69.47,63.35,68.20,67.38
71.68,71.68,67.68,67.55,68.33
68.97,68.97,67.82,67.58,66.42
71.59,71.59,65.31,67.61,67.90
71.70,71.70,58.65,69.20,67.70
69.34,69.34,62.04,69.15,66.02
67.07,67.07,56.80,69.04,67.29
65.26,65.26,56.59,69.32,66.35
67.50,67.50,52.96,69.03,66.54
70.99,70.99,55.25,69.11,66.71
72.15,72.15,56.96,67.08,66.09
74.26,74.26,56.77,67.16,68.23
74.37,74.37,50.76,66.71,67.38
66.41,66.41,49.69,68.29,69.41
67.60,67.60,47.26,66.92,67.92
62.69,62.69,51.21,66.88,68.09
56.36,56.36,51.18,66.77,68.80
53.36,53.36,46.95,67.10,67.34
55.89,55.89,43.87,66.81,67.31
60.20,60.20,51.60,65.70,67.04
70.67,70.67,68.26,61.00,67.88
73.22,73.22,78.78,63.57,67.46
73.17,73.17,69.54,60.41,68.73
72.83,72.83,67.64,60.89,69.57
71.77,71.77,63.81,65.18,69.57
70.57,70.57,62.92,67.51,67.64
72.95,72.95,61.95,69.09,66.88
73.77,73.77,58.29,68.67,69.54
69.58,69.58,57.83,68.64,68.01
70.83,70.83,56.69,68.84,66.87
73.66,73.66,52.46,70.08,66.81
66.74,66.74,45.08,69.64,68.06
63.44,63.44,48.98,69.17,68.77
63.75,63.75,58.02,67.58,67.36
66.83,66.83,69.45,64.10,68.37
67.55,67.55,79.44,63.34,72.28
70.45,70.45,67.92,57.97,68.79
73.19,73.19,68.17,60.50,65.77
68.09,68.09,59.30,68.12,67.46
72.06,72.06,52.70,70.17,67.56
70.51,70.51,55.60,69.03,67.74
71.27,71.27,52.03,66.76,65.86
71.43,71.43,48.19,65.67,67.42
72.18,72.18,45.22,67.70,67.99
72.51,72.51,47.11,68.89,66.46
68.96,68.96,50.73,69.44,66.43
67.43,67.43,59.93,68.67,67.37
66.87,66.87,74.94,65.65,71.13
65.33,65.33,72.17,67.13,71.28
70.06,70.06,68.08,68.28,69.82
70.68,70.68,63.25,67.21,72.43
72.72,72.72,64.57,65.96,73.67
71.63,71.63,62.33,65.34,72.71
64.23,64.23,62.27,61.44,72.29
54.09,54.09,62.36,62.96,70.97
53.74,53.74,56.25,61.86,73.61
57.69,57.69,54.15,60.23,74.39
65.36,65.36,53.82,64.55,71.35
68.28,68.28,48.25,61.29,70.49
69.74,69.74,51.55,57.00,68.75
66.33,66.33,59.35,62.01,69.77
69.04,69.04,72.29,60.10,71.20
65.79,65.79,76.12,62.04,71.67
67.66,67.66,74.55,66.29,70.50
67.64,67.64,62.57,60.79,70.77
68.67,68.67,57.97,62.25,69.95
68.86,68.86,59.04,66.78,70.92
69.05,69.05,62.48,66.93,70.10
70.55,70.55,53.85,66.30,69.28
70.65,70.65,51.45,65.09,69.43
71.32,71.32,49.17,65.67,67.35
71.06,71.06,49.18,57.05,67.03
70.48,70.48,47.43,63.92,68.53
70.14,70.14,53.02,64.48,69.21
70.26,70.26,58.07,64.45,67.89
69.88,69.88,60.10,65.29,69.13
69.67,69.67,58.83,61.83,65.83
72.69,72.69,56.32,61.29,67.51
73.54,73.54,54.64,57.57,67.64
69.66,69.66,53.19,62.68,67.46
69.13,69.13,50.48,63.44,69.18
70.09,70.09,46.50,62.80,70.99
61.79,61.79,43.75,60.39,70.56
63.84,63.84,41.74,59.55,70.03
59.27,59.27,42.52,57.28,68.65
63.86,63.86,44.20,59.94,68.08
71.31,71.31,57.30,57.61,68.12
73.26,73.26,73.56,54.94,70.12
68.76,68.76,77.80,59.18,68.11
71.70,71.70,69.58,61.24,68.04
69.70,69.70,60.82,60.33,68.68
69.38,69.38,65.01,62.30,69.08
71.66,71.66,58.36,65.59,67.84
71.50,71.50,59.56,61.31,66.70
72.16,72.16,48.84,66.20,67.54
73.48,73.48,49.46,66.88,67.37
72.75,72.75,43.59,63.44,67.60
71.44,71.44,41.56,64.60,66.42
70.18,70.18,49.17,63.27,67.73
69.62,69.62,55.44,65.55,68.28
65.70,65.70,68.58,64.14,70.25
66.82,66.82,68.50,66.46,72.51
62.69,62.69,65.32,66.21,73.01
58.06,58.06,63.30,65.10,73.07
53.23,53.23,61.31,60.80,70.43
53.82,53.82,60.30,63.82,70.93
57.61,57.61,55.65,65.02,68.10
62.82,62.82,56.86,66.81,69.03
67.69,67.69,60.10,65.91,69.20
68.22,68.22,59.09,65.25,69.90
68.60,68.60,52.12,64.88,69.40
69.02,69.02,48.22,65.51,69.52
68.96,68.96,52.06,62.11,68.78
66.83,66.83,51.12,62.13,69.67
64.54,64.54,54.60,61.82,70.72
66.80,66.80,54.18,65.97,69.88
69.02,69.02,54.07,67.41,69.50
69.27,69.27,50.79,66.84,70.08
69.82,69.82,49.67,64.94,67.40
68.46,68.46,46.88,64.88,66.92
69.46,69.46,47.49,63.89,68.23
68.57,68.57,48.23,66.27,68.56
67.24,67.24,46.68,68.83,68.91
68.17,68.17,47.68,67.09,69.25
68.36,68.36,51.29,66.94,70.23
67.70,67.70,54.75,64.88,70.07
65.02,65.02,70.77,64.20,70.61
66.33,66.33,79.64,65.15,69.76
63.44,63.44,68.15,65.93,69.86
63.53,63.53,60.70,65.58,70.52
66.15,66.15,63.14,63.69,69.00
65.76,65.76,58.61,66.03,69.03
65.15,65.15,64.25,67.00,68.93
65.02,65.02,59.01,67.82,69.80
64.57,64.57,54.28,68.97,70.56
69.35,69.35,51.59,70.10,71.04
68.40,68.40,53.09,67.36,69.40
63.84,63.84,48.22,63.79,66.34
66.53,66.53,50.15,65.45,67.91
70.23,70.23,58.86,65.17,68.36
72.48,72.48,67.40,62.49,71.04
72.13,72.13,80.62,62.43,70.73
68.42,68.42,67.42,63.83,69.40
69.68,69.68,70.43,64.78,71.02
72.77,72.77,59.45,65.40,70.20
71.79,71.79,58.75,66.30,69.87
65.01,65.01,65.31,66.16,69.23
71.08,71.08,55.44,67.76,70.31
68.84,68.84,46.44,68.35,69.22
69.02,69.02,45.02,69.12,70.20
63.98,63.98,49.13,68.81,69.76
58.93,58.93,50.33,67.62,68.66
56.87,56.87,59.69,67.45,69.68
59.04,59.04,69.10,62.76,70.81
59.47,59.47,73.04,68.69,72.75
60.48,60.48,74.11,66.82,71.21
60.25,60.25,66.28,65.55,71.82
60.92,60.92,61.72,68.00,72.92
58.89,58.89,64.76,67.26,71.75
54.49,54.49,60.18,67.42,71.14
50.68,50.68,62.96,65.66,70.33
48.68,48.68,61.92,66.19,70.43
45.24,45.24,58.49,66.06,70.23
46.86,46.86,57.51,65.88,69.70
53.91,53.91,59.24,62.71,67.60
56.37,56.37,57.40,59.66,65.88
66.31,66.31,72.27,63.97,70.72
70.15,70.15,77.26,63.30,67.45
69.97,69.97,67.59,64.01,68.73
71.81,71.81,59.40,62.73,69.02
74.69,74.69,63.80,63.70,68.67
74.67,74.67,64.28,63.52,68.41
71.91,71.91,56.84,63.47,66.24
73.31,73.31,55.34,61.61,68.06
73.44,73.44,54.93,57.05,67.13
72.57,72.57,54.69,65.35,68.68
72.72,72.72,51.85,63.65,68.72
72.16,72.16,47.37,54.21,69.60
71.77,71.77,53.47,53.26,66.67
72.49,72.49,62.91,55.65,67.21
70.74,70.74,79.97,63.54,67.05
71.82,71.82,74.55,59.24,70.05
73.54,73.54,69.53,59.24,72.25
74.71,74.71,61.71,67.88,67.42
70.65,70.65,58.64,63.98,69.37
71.48,71.48,55.66,70.65,69.90
71.26,71.26,52.89,66.80,70.13
73.39,73.39,56.95,68.59,71.52
70.77,70.77,54.96,68.69,70.36
71.58,71.58,51.93,61.32,69.85
70.22,70.22,49.19,66.82,70.29
68.80,68.80,51.15,70.76,69.62
71.34,71.34,52.27,65.59,70.53
71.50,71.50,53.56,69.77,69.39
72.51,72.51,54.83,67.60,70.45
71.64,71.64,55.19,68.88,68.94
72.57,72.57,52.81,70.09,68.74
72.88,72.88,49.21,67.35,70.22
73.57,73.57,46.72,66.14,69.76
72.24,72.24,47.12,70.67,69.91
70.11,70.11,43.81,68.33,70.50
72.89,72.89,43.29,70.11,69.45
73.77,73.77,42.47,69.73,68.86
71.82,71.82,44.14,67.40,67.40
68.97,68.97,52.64,67.13,66.11
70.07,70.07,59.30,69.05,68.12
71.18,71.18,70.28,67.62,70.08
67.19,67.19,73.21,69.13,71.90
66.93,66.93,71.21,64.86,73.33
66.40,66.40,65.71,65.83,72.85
61.54,61.54,60.73,69.93,72.08
54.98,54.98,60.06,65.88,71.43
55.12,55.12,60.48,71.67,71.86
53.50,53.50,66.13,68.68,71.33
52.65,52.65,64.62,69.58,70.87
49.79,49.79,58.44,70.21,72.16
50.63,50.63,53.48,69.92,70.58
54.11,54.11,54.60,69.28,70.04
51.59,51.59,53.56,72.24,71.00
52.96,52.96,56.00,68.83,71.20
51.84,51.84,58.02,71.86,71.86
49.35,49.35,55.89,70.65,70.72
50.18,50.18,53.32,70.22,70.35
47.37,47.37,53.49,70.68,70.36
46.97,46.97,54.32,71.40,71.58
47.69,47.69,51.26,68.27,72.50
49.39,49.39,46.40,73.57,70.99
47.98,47.98,46.36,69.38,71.84
50.94,50.94,42.28,71.29,71.83
57.85,57.85,40.57,70.40,70.76
62.13,62.13,47.70,68.73,70.35
69.09,69.09,58.01,68.39,70.54
73.06,73.06,73.59,67.73,70.39
67.61,67.61,79.63,67.62,69.85
68.47,68.47,68.64,61.52,70.04
68.34,68.34,65.68,66.26,68.18
70.19,70.19,61.00,65.55,68.93
69.39,69.39,61.86,68.79,69.06
71.66,71.66,60.44,68.56,69.04
73.03,73.03,57.41,69.96,71.03
71.98,71.98,53.44,69.30,68.90
72.29,72.29,53.09,70.62,70.47
71.51,71.51,52.81,69.27,67.26
70.96,70.96,50.71,71.07,69.07
70.48,70.48,50.82,67.35,70.30
71.18,71.18,62.65,64.74,67.32
70.61,70.61,69.20,61.91,72.61
70.17,70.17,75.87,60.97,70.96
70.73,70.73,68.94,64.80,70.96
70.17,70.17,65.84,69.22,69.93
71.68,71.68,52.27,70.66,70.90
70.91,70.91,57.43,69.94,68.57
71.01,71.01,50.51,71.79,70.29
70.17,70.17,49.61,67.92,70.42
72.83,72.83,48.60,71.44,68.59
71.56,71.56,45.25,69.59,69.59
72.11,72.11,49.72,70.17,69.95
71.33,71.33,52.23,69.95,67.77
70.81,70.81,64.83,71.18,70.36
69.96,69.96,74.19,68.91,70.11
71.84,71.84,71.70,70.32,71.31
69.99,69.99,67.23,67.80,73.44
69.21,69.21,63.86,70.93,73.79
67.89,67.89,63.99,68.03,72.93
69.41,69.41,60.65,67.52,71.42
70.91,70.91,60.87,68.20,70.90
73.30,73.30,62.06,69.47,72.53
71.61,71.61,57.59,68.64,71.31
72.96,72.96,53.47,69.93,70.99
70.94,70.94,54.58,61.69,70.88
71.51,71.51,53.51,52.86,69.94
71.51,71.51,60.52,53.13,70.71
72.72,72.72,70.26,49.09,70.91
71.28,71.28,80.37,55.10,69.97
73.72,73.72,64.30,53.42,71.85
73.53,73.53,65.48,55.35,69.76
72.06,72.06,59.79,58.64,71.68
75.88,75.88,54.96,64.38,71.07
72.26,72.26,66.34,68.34,69.77
70.91,70.91,56.70,64.84,70.61
73.51,73.51,52.53,63.85,70.60
73.30,73.30,46.68,62.71,69.36
69.92,69.92,47.71,65.53,71.06
68.97,68.97,45.04,62.08,69.07
71.38,71.38,49.68,62.85,70.07
76.20,76.20,55.28,66.34,71.06
72.31,72.31,59.85,65.78,70.41
75.00,75.00,59.07,64.36,70.68
73.30,73.30,58.44,65.68,69.47
70.38,70.38,54.69,65.46,69.26
72.41,72.41,51.97,62.35,67.97
67.98,67.98,51.22,62.55,69.79
63.20,63.20,48.70,62.98,67.12
60.60,60.60,47.45,62.84,70.59
69.72,69.72,45.56,66.04,68.29
70.45,70.45,44.32,65.18,66.72
69.58,69.58,48.20,64.12,66.20
71.05,71.05,57.49,59.57,70.52
70.00,70.00,65.76,56.97,72.68
66.91,66.91,77.71,58.60,71.46
62.10,62.10,69.40,53.76,72.33
62.07,62.07,66.16,56.70,70.67
65.88,65.88,58.96,53.38,70.68
63.63,63.63,57.51,59.04,70.87
63.19,63.19,56.59,59.38,70.78
59.33,59.33,55.74,58.93,69.43
59.50,59.50,51.71,58.84,68.69
59.15,59.15,48.70,61.65,66.39
58.74,58.74,47.29,61.69,69.11
60.27,60.27,48.50,61.48,69.26
62.52,62.52,57.44,60.76,70.57
65.34,65.34,65.09,61.96,73.52
63.29,63.29,74.25,62.17,73.43
60.83,60.83,73.52,65.86,73.48
56.38,56.38,67.30,65.07,73.15
58.55,58.55,63.14,66.81,75.71
56.04,56.04,63.03,64.12,74.98
54.28,54.28,62.41,61.66,74.23
52.96,52.96,62.96,62.22,73.52
53.13,53.13,60.85,64.41,74.57
50.30,50.30,53.41,64.85,72.87
51.51,51.51,53.22,65.89,74.09
49.94,49.94,53.96,66.43,73.88
46.36,46.36,56.70,63.90,73.28
46.99,46.99,67.39,61.98,75.10
47.17,47.17,80.15,62.94,73.07
45.58,45.58,68.43,59.48,72.61
44.80,44.80,65.67,59.57,72.30
50.02,50.02,58.63,58.52,73.60
49.93,49.93,59.39,59.01,71.78
50.97,50.97,61.24,61.13,72.64
44.71,44.71,59.15,61.32,73.32
40.06,40.06,60.34,63.05,72.41
40.97,40.97,56.80,62.84,73.01
40.32,40.32,55.73,63.78,71.50
39.43,39.43,53.61,65.12,72.29
41.91,41.91,49.85,62.80,71.97
39.89,39.89,46.25,62.18,71.47
42.70,42.70,52.08,62.22,72.18
42.77,42.77,59.76,59.49,73.85
42.98,42.98,75.99,55.46,74.43
41.96,41.96,77.78,50.44,72.43
39.59,39.59,67.68,58.09,73.05
38.64,38.64,61.64,58.85,72.63
43.89,43.89,60.21,60.17,72.69
43.40,43.40,55.44,60.68,73.43
43.00,43.00,54.83,62.19,72.65
42.41,42.41,48.97,60.22,71.97
41.93,41.93,46.46,62.32,71.39
41.08,41.08,45.36,62.30,72.25
41.47,41.47,54.40,60.50,71.15
39.43,39.43,58.31,65.12,72.17
39.15,39.15,68.16,64.36,73.18
38.91,38.91,71.55,63.50,74.56
33.33,33.33,72.50,65.72,75.40
34.95,34.95,68.45,60.87,73.44
36.48,36.48,65.55,62.08,74.87
33.34,33.34,62.79,61.78,74.78
31.76,31.76,68.22,63.54,75.28
32.03,32.03,67.28,65.96,73.38
31.00,31.00,68.80,66.65,73.51
33.55,33.55,63.76,62.86,74.24
32.30,32.30,60.63,63.08,73.59
31.76,31.76,60.02,64.93,73.42
31.79,31.79,61.93,63.51,73.62
34.36,34.36,71.65,55.86,73.93
34.86,34.86,80.60,61.93,72.64
35.78,35.78,69.18,60.61,74.37
36.58,36.58,62.42,57.62,74.56
36.34,36.34,65.03,59.95,74.86
36.84,36.84,62.58,63.89,74.07
39.15,39.15,59.18,60.55,74.64
39.32,39.32,57.72,60.81,73.99
42.31,42.31,59.30,60.76,73.75
40.80,40.80,57.84,65.56,72.03
39.71,39.71,57.03,69.47,71.99
39.07,39.07,55.26,66.54,72.62
36.44,36.44,59.39,65.42,72.14
34.85,34.85,69.58,67.60,72.70
34.44,34.44,75.35,66.05,74.19
34.36,34.36,68.45,68.03,74.49
37.26,37.26,66.47,61.83,73.61
40.31,40.31,64.18,64.00,72.82
40.12,40.12,63.77,64.30,72.98
45.58,45.58,62.59,65.49,74.07
52.21,52.21,66.61,64.01,73.31
52.16,52.16,68.99,66.20,72.92
55.44,55.44,67.93,66.54,74.33
55.63,55.63,67.00,65.04,72.80
70.49,70.49,64.23,68.10,70.46
70.20,70.20,63.41,59.50,71.60
66.03,66.03,71.61,59.70,75.12
68.39,68.39,78.85,62.32,73.83
74.69,74.69,68.84,63.31,69.99
75.32,75.32,67.85,60.90,71.26
73.31,73.31,65.81,66.30,70.91
74.28,74.28,62.92,70.28,70.09
72.31,72.31,63.47,66.46,71.61
73.69,73.69,63.02,71.65,70.25
73.98,73.98,61.97,67.42,69.53
71.58,71.58,63.18,64.97,70.09
70.12,70.12,62.76,69.30,70.29
71.45,71.45,64.56,69.95,70.52
71.16,71.16,63.93,68.01,71.21
69.63,69.63,63.66,72.68,69.65
71.85,71.85,64.19,69.24,71.64
71.01,71.01,63.63,71.75,71.97
68.97,68.97,62.68,69.34,71.14
69.29,69.29,62.01,69.70,73.03
68.69,68.69,62.81,70.83,71.78
67.30,67.30,62.26,71.69,70.66
67.22,67.22,62.72,67.97,72.35
69.21,69.21,62.34,72.69,71.02
71.43,71.43,60.26,69.08,70.06
68.98,68.98,60.43,70.75,70.53
68.54,68.54,59.53,71.46,69.49
69.52,69.52,58.38,70.40,69.73
71.49,71.49,59.55,70.38,67.98
73.06,73.06,69.13,69.87,71.09
75.63,75.63,69.95,66.94,72.44
74.37,74.37,68.60,66.41,71.53
75.03,75.03,65.06,65.42,71.56
73.37,73.37,63.17,70.58,72.63
72.57,72.57,63.32,65.62,71.97
73.84,73.84,60.00,69.06,71.89
72.71,72.71,62.63,68.99,72.39
73.70,73.70,60.36,65.74,69.11
73.59,73.59,58.96,69.25,72.59
73.49,73.49,58.11,70.79,69.48
75.36,75.36,58.10,66.02,68.60
76.65,76.65,55.96,70.76,69.90
75.77,75.77,57.94,68.11,68.60
73.76,73.76,57.59,68.71,68.87
74.80,74.80,54.97,69.85,67.56
74.67,74.67,53.34,68.62,65.68
74.38,74.38,52.78,68.90,67.95
75.45,75.45,51.93,70.25,67.51
75.27,75.27,51.53,68.51,69.17
74.41,74.41,52.69,70.85,68.28
71.88,71.88,54.55,69.46,71.33
73.45,73.45,51.11,69.55,70.94
72.95,72.95,51.03,70.06,71.15
72.93,72.93,51.60,66.89,68.42
77.59,77.59,56.38,67.06,72.40
76.35,76.35,68.27,59.73,68.25
72.77,72.77,76.66,63.02,70.40
71.83,71.83,71.95,59.91,68.68
72.25,72.25,72.40,70.16,69.91
72.26,72.26,59.43,69.97,69.40
73.63,73.63,61.93,70.15,69.10
71.93,71.93,61.06,71.07,70.08
70.73,70.73,60.85,71.92,69.69
66.93,66.93,59.32,69.42,70.00
63.26,63.26,56.19,73.22,70.68
60.81,60.81,55.17,70.58,70.09
61.40,61.40,50.54,73.50,68.90
62.36,62.36,53.36,70.99,66.15
68.11,68.11,64.19,69.01,66.55
72.81,72.81,71.60,61.79,71.27
77.77,77.77,79.16,60.73,70.90
71.80,71.80,69.10,59.18,70.20
71.34,71.34,66.71,65.75,69.16
71.36,71.36,53.58,70.75,69.58
70.95,70.95,59.47,72.08,68.33
71.93,71.93,52.65,72.74,68.97
74.22,74.22,53.37,69.47,70.06
71.28,71.28,53.66,71.18,69.88
72.82,72.82,49.38,68.25,68.11
71.55,71.55,52.36,72.30,68.40
69.89,69.89,54.61,69.46,69.33
71.30,71.30,58.75,71.64,70.16
71.80,71.80,70.17,70.31,72.46
72.86,72.86,69.78,74.33,72.24
71.86,71.86,69.37,71.36,72.71
63.69,63.69,61.47,70.71,73.22
66.30,66.30,61.85,68.90,72.85
60.15,60.15,59.80,66.72,69.99
58.02,58.02,61.99,69.84,73.31
56.44,56.44,64.02,74.28,73.64
53.90,53.90,60.68,69.14,72.72
50.33,50.33,55.56,73.52,72.64
52.02,52.02,55.55,64.76,69.22
57.61,57.61,56.20,66.08,69.63
60.41,60.41,54.98,53.47,71.28
68.70,68.70,59.68,58.35,70.80
71.34,71.34,78.75,58.26,70.55
72.96,72.96,73.45,53.78,69.96
75.21,75.21,67.47,57.03,68.31
74.18,74.18,61.20,66.15,68.92
75.13,75.13,61.06,68.15,70.32
76.35,76.35,59.67,68.04,69.48
74.99,74.99,53.10,67.11,70.51
74.50,74.50,53.10,69.09,69.95
73.77,73.77,51.68,69.46,70.48
74.83,74.83,47.81,68.43,68.81
72.73,72.73,47.51,68.55,68.19
72.54,72.54,50.64,70.41,69.73
74.32,74.32,56.44,66.75,71.47
76.39,76.39,58.12,69.49,69.48
74.20,74.20,57.49,68.64,70.47
72.74,72.74,56.10,69.60,68.64
74.62,74.62,54.77,70.34,70.07
73.68,73.68,53.05,70.48,69.44
72.43,72.43,51.37,68.57,69.37
74.24,74.24,48.47,69.75,68.37
75.71,75.71,45.96,67.83,66.83
70.69,70.69,42.62,67.89,69.73
72.32,72.32,42.72,67.95,69.14
69.77,69.77,45.18,65.37,69.59
74.33,74.33,52.72,61.08,69.19
74.81,74.81,59.89,60.22,70.70
71.98,71.98,78.43,63.63,72.99
70.40,70.40,73.60,66.70,68.02
73.56,73.56,71.18,67.35,71.70
72.21,72.21,60.15,64.31,71.44
68.26,68.26,59.91,65.70,71.19
63.88,63.88,58.86,64.17,71.02
63.00,63.00,47.80,67.92,72.31
58.43,58.43,52.13,67.09,72.12
57.37,57.37,49.48,66.72,72.71
59.39,59.39,46.41,66.09,72.58
59.71,59.71,50.40,65.95,72.59
67.45,67.45,54.80,66.91,74.71
72.09,72.09,64.49,72.45,72.10
71.58,71.58,76.15,69.30,73.94
71.08,71.08,71.75,71.98,71.45
71.93,71.93,66.53,65.90,71.92
71.17,71.17,62.99,68.65,72.04
71.84,71.84,62.46,69.35,69.41
73.02,73.02,60.54,71.74,75.04
71.74,71.74,63.70,70.13,70.53
70.24,70.24,61.95,70.89,69.98
74.92,74.92,55.54,69.62,72.28
72.67,72.67,56.25,67.27,68.40
72.06,72.06,53.11,69.70,71.71
68.04,68.04,52.24,67.89,69.21
70.58,70.58,57.31,62.66,70.45
70.77,70.77,57.15,61.29,70.41
70.00,70.00,57.08,69.44,73.32
69.60,69.60,53.61,70.72,71.99
68.44,68.44,50.84,65.75,71.30
69.49,69.49,52.32,65.71,71.06
67.51,67.51,50.81,64.18,72.99
65.41,65.41,48.79,64.60,72.41
63.66,63.66,46.39,62.76,72.10
67.04,67.04,43.85,64.85,73.52
60.90,60.90,44.61,63.94,70.64
63.01,63.01,42.84,65.79,74.11
63.28,63.28,54.39,64.91,71.18
58.80,58.80,64.39,58.20,72.19
61.46,61.46,72.36,58.37,72.39
59.79,59.79,77.87,58.95,71.49
61.17,61.17,70.33,59.33,71.03
60.13,60.13,62.68,66.40,71.19
62.67,62.67,60.72,69.88,71.74
60.73,60.73,64.79,69.54,71.54
61.21,61.21,58.41,70.00,70.65
61.41,61.41,56.25,69.91,71.21
59.26,59.26,55.14,69.53,71.87
58.85,58.85,53.26,71.00,70.14
56.46,56.46,48.84,71.25,72.06
57.43,57.43,45.29,66.42,70.11
58.33,58.33,52.29,60.21,70.06
57.32,57.32,62.51,61.83,70.68
61.76,61.76,75.70,63.36,73.25
58.33,58.33,80.05,63.92,70.21
57.79,57.79,70.72,63.94,71.00
57.30,57.30,64.05,65.10,71.46
58.78,58.78,56.23,64.78,72.58
57.78,57.78,59.75,62.82,71.48
58.23,58.23,57.47,65.86,73.22
59.04,59.04,53.80,69.04,72.38
54.78,54.78,47.50,68.35,71.06
58.52,58.52,45.30,67.72,71.43
55.37,55.37,46.50,70.20,71.02
50.07,50.07,55.72,65.19,71.72
52.56,52.56,65.33,68.11,73.23
54.71,54.71,74.35,65.00,72.54
57.47,57.47,70.01,64.49,73.49
54.71,54.71,66.48,73.63,70.87
56.34,56.34,60.99,68.59,72.20
54.56,54.56,62.29,67.41,72.47
52.09,52.09,59.56,67.72,71.74
48.86,48.86,62.08,67.95,72.33
48.55,48.55,62.22,70.96,72.28
45.72,45.72,55.62,69.71,73.98
44.93,44.93,55.71,70.75,75.63
41.10,41.10,57.09,67.45,72.60
39.10,39.10,55.31,68.32,74.12
41.53,41.53,65.07,63.71,76.07
42.82,42.82,76.74,62.94,73.52
39.94,39.94,76.25,62.88,73.51
41.79,41.79,71.88,64.20,74.15
42.95,42.95,62.65,66.18,73.09
44.85,44.85,64.08,66.77,73.55
47.13,47.13,60.05,66.72,71.61
53.87,53.87,58.74,67.43,72.45
61.09,61.09,57.49,69.54,73.87
70.31,70.31,56.38,65.69,72.54
73.15,73.15,52.62,63.57,69.86
72.66,72.66,49.09,61.62,71.05
73.33,73.33,51.20,65.22,70.83
72.53,72.53,55.92,60.19,70.69
73.31,73.31,68.83,55.40,67.45
74.77,74.77,79.92,63.55,68.22
72.48,72.48,69.85,59.97,68.21
71.60,71.60,63.27,60.31,68.54
72.44,72.44,57.05,65.53,66.99
72.03,72.03,60.00,68.66,68.31
72.88,72.88,53.13,71.66,66.98
71.01,71.01,53.54,69.19,66.95
72.12,72.12,56.64,61.26,67.25
73.71,73.71,53.28,68.85,66.23
74.18,74.18,48.93,71.71,67.23
70.59,70.59,46.01,70.96,67.73
72.19,72.19,46.32,71.40,66.91
72.44,72.44,47.95,71.80,68.07
71.35,71.35,53.02,72.60,67.92
72.46,72.46,52.28,72.46,68.06
71.67,71.67,49.92,71.26,68.64
72.13,72.13,44.80,72.85,70.95
69.60,69.60,44.90,70.47,69.85
71.82,71.82,45.69,72.46,72.30
69.19,69.19,41.95,70.19,69.68
68.12,68.12,40.85,71.04,71.65
67.32,67.32,43.22,72.49,72.82
66.35,66.35,44.89,71.94,72.28
65.45,65.45,44.67,68.38,71.59
62.80,62.80,54.06,72.00,70.68
64.73,64.73,65.05,70.69,71.70
70.83,70.83,74.91,69.42,70.30
74.01,74.01,70.03,74.56,73.14
72.02,72.02,66.70,71.81,71.14
71.95,71.95,64.09,63.31,71.13
72.54,72.54,64.48,71.77,71.59
73.11,73.11,61.29,67.48,69.48
71.06,71.06,65.96,71.21,71.38
73.31,73.31,65.77,70.05,69.54
73.67,73.67,58.15,68.88,69.24
73.95,73.95,54.87,69.96,71.03
74.39,74.39,52.31,71.78,72.90
74.06,74.06,53.15,68.22,71.04
74.23,74.23,56.56,72.33,71.34
75.97,75.97,53.88,67.51,69.10
77.08,77.08,52.62,70.14,68.33
71.21,71.21,52.92,72.54,68.44
69.46,69.46,53.98,69.77,69.87
72.38,72.38,52.46,69.67,71.50
72.55,72.55,51.37,73.66,72.46
70.69,70.69,50.42,69.72,74.22
70.25,70.25,48.73,73.17,73.53
70.69,70.69,46.02,70.75,70.64
69.95,69.95,44.54,71.97,71.50
67.03,67.03,45.04,71.80,68.67
72.42,72.42,56.57,70.09,68.38
72.66,72.66,67.76,62.71,70.31
74.11,74.11,78.95,66.72,71.45
72.78,72.78,70.41,57.73,70.27
71.20,71.20,68.01,60.10,69.49
72.51,72.51,62.70,61.82,69.71
73.37,73.37,61.30,66.66,69.90
71.38,71.38,61.80,69.27,68.41
72.34,72.34,57.23,66.78,69.90
67.40,67.40,56.01,70.11,70.72
70.60,70.60,55.10,70.43,69.88
68.77,68.77,51.63,68.49,71.76
69.73,69.73,51.23,71.87,72.58
69.91,69.91,51.18,68.48,71.13
68.26,68.26,53.23,66.51,69.64
66.93,66.93,68.66,61.96,69.33
68.57,68.57,74.97,62.02,69.60
69.48,69.48,70.34,61.48,71.04
75.55,75.55,73.99,67.80,70.92
76.62,76.62,59.77,70.23,69.64
70.76,70.76,56.83,70.30,70.12
70.10,70.10,61.51,73.12,68.20
71.14,71.14,55.80,69.53,69.17
71.68,71.68,54.75,69.59,67.90
75.01,75.01,48.96,69.89,68.90
77.49,77.49,47.88,67.42,70.38
78.59,78.59,50.48,72.75,69.31
78.51,78.51,54.69,70.11,68.23
74.23,74.23,63.59,71.12,70.92
68.72,68.72,71.03,71.01,68.95
66.63,66.63,67.49,62.10,68.65
67.11,67.11,64.67,70.31,70.79
62.30,62.30,60.82,68.51,71.43
62.66,62.66,60.64,70.01,71.67
64.19,64.19,60.48,70.17,69.49
60.45,60.45,63.92,72.11,69.67
59.14,59.14,61.91,68.98,69.96
55.26,55.26,56.33,71.56,69.46
54.72,54.72,55.69,60.57,70.55
57.49,57.49,55.04,61.77,69.36
61.45,61.45,55.33,59.01,68.05
66.46,66.46,62.88,56.16,70.36
71.35,71.35,76.70,61.98,69.28
72.68,72.68,79.15,65.23,67.25
73.91,73.91,70.33,59.58,65.32
73.00,73.00,69.97,66.54,65.61
74.07,74.07,55.45,67.32,64.98
73.77,73.77,62.68,66.41,68.69
73.61,73.61,63.67,65.44,68.64
72.75,72.75,58.03,67.45,69.30
73.86,73.86,55.61,69.82,69.89
73.50,73.50,50.04,71.50,69.27
77.30,77.30,46.51,68.10,69.16
76.95,76.95,47.47,69.60,67.23
74.42,74.42,47.91,69.27,67.07
69.96,69.96,53.72,67.23,68.18
70.22,70.22,55.85,68.77,68.59
66.93,66.93,54.85,67.78,68.58
62.79,62.79,52.97,67.84,71.60
58.72,58.72,49.48,68.04,68.86
59.83,59.83,48.67,68.77,70.44
55.96,55.96,46.00,68.29,69.63
54.10,54.10,45.27,67.61,70.59
58.64,58.64,42.91,68.49,69.98
59.79,59.79,39.70,68.17,70.04
61.84,61.84,39.23,69.68,70.25
65.95,65.95,46.05,68.41,68.97
71.99,71.99,64.50,64.22,69.22
73.69,73.69,74.93,59.79,70.30
75.79,75.79,79.16,61.49,69.10
72.56,72.56,71.16,64.94,67.04
73.67,73.67,63.07,68.22,70.23
76.63,76.63,61.96,64.46,70.37
74.16,74.16,58.06,68.61,71.14
73.55,73.55,67.96,71.26,69.44
72.98,72.98,59.78,70.77,69.47
71.26,71.26,51.20,68.83,67.38
72.94,72.94,43.84,69.12,69.05
73.58,73.58,47.48,69.31,67.86
73.41,73.41,45.77,69.94,68.36
73.29,73.29,52.97,69.22,68.69
74.35,74.35,57.27,69.57,70.48
73.56,73.56,71.35,69.96,70.58
73.81,73.81,70.42,69.75,70.82
69.73,69.73,66.51,67.86,70.32
68.57,68.57,63.06,69.83,73.45
66.73,66.73,62.89,68.59,73.72
65.55,65.55,62.47,69.00,71.75
65.98,65.98,63.61,67.79,72.99
64.63,64.63,62.04,67.06,73.76
65.49,65.49,59.20,66.43,72.43
65.82,65.82,58.44,67.74,71.17
67.41,67.41,58.17,68.13,70.76
68.64,68.64,57.31,68.23,67.77
71.38,71.38,57.68,67.75,66.98
74.77,74.77,58.94,73.51,69.94
76.39,76.39,57.20,63.75,69.18
74.33,74.33,53.96,67.59,68.01
74.25,74.25,54.06,68.84,69.16
74.88,74.88,52.05,63.33,68.75
74.24,74.24,51.16,65.79,67.93
74.99,74.99,50.26,66.95,69.28
75.62,75.62,50.74,67.76,70.79
73.78,73.78,50.64,66.63,70.62
76.36,76.36,50.59,66.27,70.85
77.62,77.62,49.09,67.59,69.31
75.57,75.57,53.48,68.51,72.11
75.13,75.13,66.68,67.22,67.53
71.91,71.91,77.65,66.85,73.14
72.91,72.91,71.46,62.99,70.60
72.79,72.79,67.99,64.86,70.87
68.97,68.97,59.77,64.35,69.73
68.94,68.94,60.23,65.02,70.31
67.44,67.44,59.36,65.89,70.55
67.42,67.42,57.43,66.14,71.66
67.26,67.26,56.83,68.36,71.72
68.00,68.00,52.54,68.00,73.07
64.90,64.90,51.67,69.01,70.16
68.44,68.44,49.61,68.84,68.95
70.85,70.85,51.23,68.23,69.61
67.36,67.36,57.91,67.21,68.83
64.39,64.39,64.48,64.14,71.65
60.39,60.39,80.41,63.59,72.11
57.55,57.55,71.60,64.71,71.18
58.32,58.32,68.85,66.34,72.49
59.05,59.05,63.08,66.88,72.31
54.88,54.88,59.51,68.98,73.23
52.64,52.64,61.42,66.82,72.48
51.48,51.48,52.21,66.30,71.81
51.47,51.47,46.87,66.48,72.88
53.25,53.25,51.08,67.25,73.79
52.90,52.90,51.37,66.16,73.09
50.98,50.98,53.47,67.79,71.93
51.44,51.44,58.78,66.52,71.80
50.59,50.59,66.47,65.62,73.11
49.15,49.15,76.70,67.37,70.40
47.92,47.92,71.81,64.24,70.56
47.01,47.01,67.15,64.72,70.34
47.29,47.29,62.32,64.91,71.89
48.06,48.06,63.24,64.77,72.95
44.40,44.40,64.01,65.39,72.65
44.91,44.91,64.79,65.61,72.06
46.02,46.02,63.66,67.23,71.40
46.45,46.45,59.06,65.63,71.11
47.20,47.20,57.36,66.17,70.81
45.44,45.44,56.87,66.20,69.64
43.43,43.43,58.70,66.29,68.15
44.14,44.14,64.24,66.26,70.62
47.00,47.00,81.76,63.84,70.64
45.15,45.15,72.94,61.36,69.01
47.26,47.26,72.34,61.47,69.13
50.68,50.68,63.92,66.93,70.79
54.61,54.61,62.33,65.29,70.58
56.62,56.62,62.28,66.87,69.42
54.42,54.42,59.93,69.08,70.59
55.14,55.14,59.97,70.30,71.05
56.83,56.83,59.51,68.46,72.04
57.40,57.40,58.07,68.85,72.85
56.17,56.17,56.72,72.18,70.32
57.95,57.95,56.50,73.41,66.67
67.03,67.03,61.75,70.96,65.33
74.87,74.87,67.86,67.94,68.41
77.25,77.25,78.33,63.78,68.78
78.25,78.25,69.74,62.09,66.59
72.38,72.38,66.25,58.53,67.04
75.19,75.19,59.30,67.73,66.58
73.13,73.13,56.04,69.99,68.51
76.29,76.29,52.17,69.66,67.33
74.45,74.45,52.87,70.89,65.03
74.97,74.97,50.09,70.10,65.32
75.03,75.03,47.62,68.73,68.53
76.01,76.01,48.92,69.28,66.05
76.21,76.21,44.76,68.70,65.42
78.01,78.01,44.66,69.17,67.80
75.71,75.71,48.09,70.02,66.49
75.84,75.84,52.27,69.14,68.27
75.71,75.71,51.86,70.62,69.52
77.71,77.71,46.85,69.66,67.88
71.53,71.53,42.24,68.78,65.70
70.87,70.87,44.74,70.09,66.80
69.24,69.24,42.68,69.89,67.47
68.97,68.97,40.94,69.63,65.44
68.87,68.87,39.12,67.18,69.44
67.76,67.76,40.22,68.10,69.99
66.10,66.10,43.60,68.75,68.75
63.70,63.70,48.93,68.84,69.44
62.30,62.30,54.49,71.71,66.22
67.45,67.45,67.84,72.65,69.54
76.30,76.30,74.99,68.74,73.05
70.46,70.46,71.37,68.88,71.19
73.95,73.95,69.43,67.56,70.79
73.91,73.91,66.94,66.97,69.00
74.79,74.79,66.59,67.48,68.79
71.04,71.04,60.48,66.81,70.25
72.08,72.08,60.10,65.91,70.28
72.49,72.49,58.63,67.86,69.44
73.35,73.35,57.94,68.73,69.20
73.54,73.54,58.90,69.21,69.57
72.47,72.47,56.24,67.70,69.39
75.03,75.03,59.31,64.15,69.20
71.27,71.27,56.33,64.56,70.09
76.75,76.75,55.05,65.81,69.04
73.30,73.30,53.16,67.26,67.77
69.72,69.72,53.54,67.75,66.15
70.55,70.55,56.08,68.69,72.11
66.06,66.06,51.55,68.75,69.46
67.83,67.83,48.94,68.28,70.29
67.47,67.47,47.36,67.53,70.53
67.29,67.29,46.78,65.70,71.27
70.53,70.53,51.24,66.34,72.37
67.95,67.95,45.35,65.69,71.01
66.43,66.43,41.73,66.03,69.85
67.66,67.66,53.90,67.50,67.48
69.54,69.54,63.94,66.43,68.83
73.02,73.02,76.98,63.80,71.70
75.71,75.71,74.57,59.85,66.41
73.35,73.35,68.72,60.01,65.67
73.43,73.43,62.72,62.67,66.74
72.69,72.69,61.94,64.79,67.12
73.45,73.45,59.60,64.70,66.62
71.51,71.51,60.21,65.97,67.34
74.46,74.46,58.08,67.47,67.65
74.63,74.63,52.83,68.18,68.80
71.33,71.33,52.59,68.76,68.31
69.56,69.56,48.53,69.16,68.26
66.77,66.77,49.11,69.98,68.49
66.59,66.59,54.42,69.66,70.74
67.82,67.82,66.93,68.52,69.88
67.77,67.77,80.53,68.52,71.69
68.51,68.51,70.22,68.53,67.88
72.20,72.20,66.02,65.17,71.12
72.22,72.22,63.49,66.56,69.79
73.05,73.05,50.22,70.67,69.53
72.61,72.61,59.36,72.77,69.39
73.89,73.89,50.91,70.53,69.94
74.43,74.43,51.81,67.66,69.64
72.31,72.31,49.23,70.48,69.29
75.16,75.16,45.99,70.45,69.71
74.88,74.88,48.18,69.61,67.91
74.55,74.55,53.77,72.04,67.72
73.76,73.76,67.86,71.06,69.81
74.27,74.27,74.26,69.68,72.44
72.60,72.60,69.29,68.79,70.76
69.26,69.26,62.39,68.10,69.80
70.44,70.44,60.53,69.91,68.47
66.08,66.08,59.38,69.68,70.38
66.63,66.63,59.24,69.69,70.02
67.19,67.19,61.29,64.97,71.67
64.47,64.47,59.48,66.71,72.02
62.31,62.31,56.52,65.90,70.69
60.43,60.43,55.69,64.74,68.81
60.14,60.14,55.66,66.29,68.52
64.12,64.12,56.58,61.36,69.22
68.91,68.91,67.47,57.57,69.27
72.08,72.08,78.53,62.31,69.76
73.36,73.36,72.39,58.57,70.00
72.58,72.58,66.92,64.56,72.42
72.24,72.24,58.22,68.93,72.22
73.21,73.21,59.94,66.78,71.85
73.79,73.79,65.07,65.22,71.23
72.30,72.30,58.25,66.18,70.72
73.44,73.44,52.71,69.01,71.81
70.77,70.77,50.88,68.57,71.01
74.23,74.23,50.47,70.62,70.74
71.66,71.66,49.00,69.84,70.92
73.62,73.62,50.29,70.47,70.28
73.44,73.44,54.28,69.24,69.27
73.25,73.25,57.73,68.69,68.94
74.29,74.29,57.13,71.54,70.51
73.77,73.77,55.27,71.13,69.52
73.35,73.35,52.61,70.18,70.86
73.74,73.74,50.11,70.93,69.24
74.23,74.23,48.75,69.31,69.20
73.37,73.37,48.22,71.06,69.69
73.40,73.40,46.42,70.61,69.80
71.14,71.14,46.79,69.66,70.34
67.14,67.14,50.35,70.41,69.71
69.69,69.69,50.42,67.89,68.69
62.86,62.86,52.30,66.24,70.31
68.88,68.88,55.97,57.62,67.70
78.03,78.03,68.21,61.96,71.13
74.60,74.60,77.87,64.37,69.57
70.63,70.63,72.88,65.69,69.28
65.67,65.67,61.34,64.65,70.22
68.20,68.20,58.66,66.57,71.56
69.51,69.51,60.14,65.35,69.33
70.85,70.85,55.94,67.10,68.16
70.05,70.05,52.06,68.33,69.16
66.81,66.81,49.85,69.18,66.83
70.12,70.12,46.79,69.24,70.08
71.05,71.05,45.16,69.39,69.71
71.39,71.39,53.07,70.50,70.11
73.16,73.16,63.92,67.56,69.06
72.61,72.61,71.75,69.30,73.45
67.84,67.84,70.53,66.85,71.96
65.51,65.51,66.59,68.82,71.13
64.14,64.14,61.50,70.55,72.99
67.19,67.19,61.05,71.48,75.66
68.58,68.58,60.63,68.21,72.98
68.50,68.50,63.44,66.88,71.44
67.88,67.88,65.30,66.49,71.23
69.08,69.08,58.63,69.57,72.36
69.30,69.30,59.60,70.99,71.62
66.49,66.49,62.01,66.79,73.21
63.20,63.20,55.21,61.14,72.63
64.25,64.25,54.37,62.73,71.34
68.51,68.51,56.95,69.78,69.69
75.62,75.62,55.22,71.96,68.58
73.36,73.36,56.86,72.45,68.23
75.65,75.65,56.24,69.56,69.09
76.35,76.35,55.06,69.07,69.20
73.49,73.49,53.75,69.17,68.32
74.13,74.13,54.32,67.28,68.12
75.35,75.35,51.53,68.85,67.99
76.07,76.07,48.72,68.89,69.21
73.73,73.73,46.57,68.08,68.57
74.48,74.48,47.08,68.38,67.89
76.92,76.92,50.16,65.89,67.83
75.63,75.63,57.27,64.58,68.00
75.76,75.76,73.81,67.22,69.93
74.01,74.01,78.09,66.38,68.72
74.42,74.42,69.75,65.06,68.69
71.68,71.68,57.49,60.65,69.48
72.74,72.74,64.64,63.56,68.41
71.72,71.72,62.90,66.84,67.93
71.39,71.39,60.00,67.31,67.60
72.84,72.84,56.22,66.78,67.43
71.03,71.03,54.15,66.42,66.94
68.92,68.92,51.65,64.30,67.28
69.37,69.37,48.52,60.35,65.38
70.65,70.65,44.77,57.68,66.60
69.01,69.01,52.56,60.58,66.54
70.77,70.77,64.54,63.25,69.11
69.13,69.13,82.43,65.46,69.70
70.25,70.25,74.23,60.55,71.35
72.16,72.16,70.33,62.15,69.18
72.26,72.26,63.96,64.60,68.81
71.94,71.94,58.15,66.76,70.92
74.11,74.11,54.24,68.03,69.24
75.76,75.76,50.96,65.99,69.57
74.79,74.79,46.03,64.98,71.19
74.48,74.48,45.95,67.56,72.04
65.67,65.67,46.82,67.35,70.96
63.86,63.86,48.35,68.35,71.80
60.74,60.74,56.14,69.83,69.82
62.92,62.92,62.80,67.04,71.20
63.75,63.75,74.20,67.73,72.48
65.59,65.59,68.38,71.67,72.06
65.73,65.73,66.43,70.56,72.51
66.54,66.54,60.26,63.61,71.45
67.21,67.21,55.95,67.37,71.05
66.67,66.67,57.00,68.20,71.26
65.22,65.22,59.72,69.30,71.29
60.37,60.37,58.79,70.87,71.13
55.70,55.70,60.22,70.32,70.50
52.76,52.76,59.96,69.07,72.40
55.75,55.75,56.66,68.96,71.23
55.69,55.69,58.94,66.05,69.59
61.66,61.66,62.49,59.71,69.97
68.81,68.81,74.55,59.45,70.16
72.89,72.89,76.14,63.61,68.03
73.82,73.82,71.98,66.17,68.92
74.76,74.76,64.09,62.73,68.86
76.37,76.37,64.74,62.46,68.06
75.79,75.79,60.65,62.71,67.39
75.25,75.25,57.90,65.82,66.73
72.22,72.22,57.31,66.78,66.49
75.23,75.23,55.27,69.47,67.51
75.49,75.49,49.72,68.78,68.47
74.85,74.85,50.06,63.78,67.49
72.78,72.78,49.44,58.60,68.71
73.91,73.91,53.33,55.84,69.74
74.06,74.06,64.19,59.10,71.68
72.24,72.24,80.20,67.14,69.64
73.09,73.09,74.22,65.01,71.54
73.36,73.36,67.59,66.29,68.40
73.40,73.40,59.55,69.41,70.12
73.22,73.22,62.02,67.76,71.34
72.37,72.37,55.92,69.99,72.21
72.93,72.93,53.15,72.94,70.24
71.93,71.93,57.04,70.17,71.43
71.31,71.31,54.71,69.52,71.03
69.94,69.94,52.46,69.24,68.51
70.16,70.16,48.97,69.35,69.70
72.78,72.78,48.36,70.69,68.75
71.77,71.77,50.97,70.27,70.67
77.62,77.62,56.21,67.89,68.36
75.44,75.44,57.79,72.58,68.72
73.74,73.74,55.47,68.89,67.78
73.06,73.06,53.54,71.52,70.29
71.29,71.29,51.38,71.08,69.98
72.54,72.54,50.52,70.50,70.52
74.74,74.74,46.49,71.13,67.97
76.72,76.72,44.97,72.56,69.87
75.81,75.81,44.68,68.99,70.69
72.95,72.95,44.26,72.31,69.00
72.13,72.13,47.68,68.39,69.60
73.23,73.23,53.47,68.91,68.36
72.20,72.20,65.82,72.28,69.92
68.30,68.30,72.81,68.43,70.98
67.35,67.35,67.62,69.60,69.81
65.63,65.63,67.24,69.37,69.82
64.14,64.14,66.55,71.43,70.09
63.82,63.82,64.06,67.54,70.28
61.81,61.81,62.48,71.99,67.81
61.79,61.79,64.27,70.19,68.86
60.11,60.11,64.79,71.54,67.95
55.99,55.99,60.16,71.69,68.86
52.56,52.56,55.78,73.37,68.81
54.15,54.15,54.35,71.62,69.28
56.07,56.07,54.40,74.44,70.89
55.30,55.30,55.19,72.08,69.58
54.48,54.48,55.18,74.00,70.31
52.41,52.41,55.72,73.69,71.57
48.28,48.28,55.46,74.81,71.57
48.78,48.78,57.45,72.85,70.84
48.41,48.41,55.47,73.55,71.08
48.56,48.56,50.97,72.32,70.96
45.85,45.85,49.02,74.47,70.88
47.39,47.39,46.72,72.77,69.74
52.46,52.46,43.36,73.99,68.57
58.48,58.48,43.52,73.55,68.18
63.54,63.54,43.00,73.83,65.83
73.32,73.32,50.91,71.71,69.34
76.54,76.54,67.35,66.55,68.96
73.27,73.27,73.59,61.67,69.27
74.66,74.66,71.37,60.38,72.39
73.59,73.59,66.68,56.64,69.52
74.07,74.07,60.27,67.71,70.02
73.27,73.27,62.56,69.87,69.31
74.36,74.36,62.23,69.18,70.04
70.46,70.46,60.91,71.97,70.30
70.72,70.72,58.83,72.64,70.24
71.24,71.24,57.14,71.93,69.80
71.29,71.29,54.13,72.09,70.92
72.84,72.84,52.42,71.01,71.44
71.93,71.93,51.05,72.51,70.72
72.96,72.96,55.22,68.84,69.78
72.07,72.07,67.11,66.61,68.98
74.16,74.16,70.21,60.04,70.31
73.07,73.07,74.49,65.36,69.21
72.21,72.21,68.40,60.29,68.24
73.25,73.25,63.13,62.74,69.51
73.66,73.66,57.20,62.98,67.65
74.22,74.22,57.02,64.75,70.28
75.88,75.88,52.36,62.80,69.67
74.24,74.24,57.41,65.37,71.02
73.62,73.62,51.89,62.48,70.62
72.76,72.76,50.81,64.26,71.42
72.60,72.60,51.73,67.20,69.72
70.37,70.37,55.18,60.13,70.55
72.61,72.61,63.23,61.77,71.45
72.11,72.11,74.38,67.50,71.59
72.53,72.53,72.04,65.76,71.20
73.21,73.21,66.51,70.69,72.34
73.51,73.51,64.03,70.34,70.54
70.43,70.43,66.24,70.04,71.41
71.26,71.26,64.39,69.02,70.55
70.19,70.19,63.00,71.44,69.28
72.87,72.87,61.33,68.23,70.97
69.37,69.37,56.18,72.44,70.24
67.26,67.26,56.09,69.09,72.00
69.54,69.54,56.35,66.41,71.39
72.01,72.01,58.04,64.90,70.07
70.91,70.91,61.19,64.65,70.04
75.83,75.83,71.26,65.49,69.47
73.19,73.19,80.31,61.87,69.27
71.97,71.97,70.25,60.62,68.65
72.94,72.94,68.33,63.88,69.02
76.90,76.90,58.83,64.73,72.28
75.78,75.78,57.71,63.26,69.60
74.55,74.55,62.22,69.74,71.01
76.32,76.32,51.95,68.88,71.69
74.75,74.75,48.78,65.29,70.09
72.83,72.83,47.63,65.09,70.27
77.51,77.51,47.13,65.59,70.11
76.07,76.07,48.29,64.98,69.46
73.42,73.42,52.66,65.03,70.10
76.11,76.11,56.94,66.58,68.05
72.64,72.64,58.20,66.40,69.35
71.23,71.23,57.73,66.85,69.24
73.22,73.22,56.96,66.61,68.43
73.44,73.44,56.49,66.76,66.97
71.82,71.82,53.19,67.64,68.66
71.63,71.63,51.60,66.20,67.04
72.65,72.65,50.67,66.97,65.65
73.69,73.69,49.64,67.86,66.58
74.98,74.98,47.41,67.00,67.33
71.49,71.49,46.04,66.62,69.58
70.57,70.57,47.84,64.35,69.49
75.33,75.33,52.62,63.14,73.30
71.97,71.97,61.28,64.54,71.52
74.09,74.09,72.23,61.85,73.00
74.44,74.44,76.60,59.37,72.86
75.39,75.39,70.67,60.34,73.13
73.24,73.24,62.85,63.82,73.98
71.41,71.41,57.32,64.81,73.13
68.78,68.78,56.18,63.19,72.90
69.07,69.07,55.41,65.11,72.76
68.44,68.44,51.39,62.87,72.27
68.39,68.39,49.23,63.22,72.16
72.71,72.71,47.64,63.66,73.31
73.48,73.48,46.91,62.11,73.90
71.73,71.73,52.72,63.44,71.87
68.42,68.42,62.43,64.18,73.50
70.67,70.67,73.69,64.95,75.75
70.39,70.39,69.97,61.64,74.45
70.76,70.76,66.93,64.14,75.73
73.53,73.53,63.36,64.24,73.07
74.42,74.42,62.40,64.69,74.29
72.35,72.35,62.95,65.02,70.93
69.64,69.64,61.87,64.40,73.64
67.25,67.25,62.94,64.46,71.94
68.62,68.62,59.02,65.42,74.50
68.68,68.68,54.60,64.45,72.99
69.71,69.71,56.18,65.23,73.12
68.49,68.49,56.14,64.81,74.33
71.93,71.93,60.46,66.58,73.97
68.97,68.97,78.05,66.29,72.81
68.75,68.75,72.83,59.16,71.90
70.90,70.90,68.30,60.68,71.70
71.19,71.19,65.65,63.93,73.35
72.24,72.24,60.59,66.66,73.06
72.82,72.82,57.17,68.07,71.82
70.30,70.30,53.35,67.07,74.53
72.02,72.02,50.76,65.98,72.81
71.71,71.71,49.81,67.19,72.99
73.53,73.53,49.88,65.94,74.33
71.82,71.82,47.73,66.33,73.77
74.53,74.53,50.43,67.39,74.42
72.52,72.52,59.43,64.07,74.42
71.61,71.61,73.98,61.81,75.92
70.38,70.38,77.82,59.66,74.01
73.12,73.12,67.68,60.13,73.19
69.78,69.78,65.29,65.79,74.19
73.04,73.04,63.63,64.65,73.03
74.23,74.23,60.52,64.35,73.00
73.76,73.76,55.62,63.15,72.49
73.79,73.79,50.91,65.03,72.63
73.07,73.07,50.06,66.70,72.92
72.20,72.20,47.46,65.56,74.21
73.48,73.48,45.73,64.77,73.00
72.38,72.38,54.91,65.79,71.16
72.35,72.35,62.77,66.35,72.56
73.27,73.27,72.81,65.13,73.28
71.18,71.18,73.51,66.99,72.52
71.06,71.06,68.13,69.14,72.52
71.11,71.11,63.10,66.53,71.20
73.14,73.14,62.60,67.28,72.92
72.67,72.67,63.20,65.50,72.99
72.21,72.21,62.43,66.18,74.86
70.82,70.82,63.46,64.70,73.07
71.74,71.74,63.17,64.64,74.19
69.34,69.34,61.54,64.17,75.18
71.72,71.72,59.05,62.86,75.40
69.34,69.34,58.82,66.01,74.26
68.96,68.96,64.15,64.06,75.99
73.17,73.17,70.26,57.64,73.43
71.10,71.10,78.56,58.77,73.99
67.44,67.44,71.56,64.83,72.09
67.92,67.92,65.60,64.42,72.91
70.09,70.09,62.96,65.28,71.86
72.52,72.52,59.60,64.56,74.66
73.22,73.22,56.73,65.94,73.80
72.97,72.97,57.16,68.31,73.47
75.18,75.18,56.28,70.82,74.11
72.31,72.31,53.54,70.91,70.60
74.02,74.02,53.67,68.60,73.71
73.26,73.26,54.41,68.51,71.76
71.17,71.17,59.36,68.09,70.17
73.68,73.68,65.89,68.77,74.91
72.36,72.36,70.10,63.94,75.10
68.80,68.80,67.61,63.18,74.92
71.11,71.11,65.94,63.91,73.99
74.05,74.05,62.29,62.90,73.33
71.69,71.69,60.12,63.48,74.01
73.32,73.32,59.17,62.79,75.25
72.67,72.67,61.27,64.30,75.42
71.91,71.91,62.16,63.24,74.60
71.97,71.97,62.43,62.89,74.48
71.55,71.55,59.54,65.31,74.68
70.94,70.94,59.28,60.30,74.14
71.01,71.01,63.19,56.76,70.88
70.94,70.94,67.22,55.30,73.37
71.75,71.75,77.73,59.99,74.20
70.39,70.39,72.90,58.60,75.70
70.89,70.89,68.75,64.19,73.37
67.95,67.95,65.22,67.85,74.10
71.16,71.16,64.94,66.50,74.94
72.44,72.44,64.65,69.17,73.45
72.32,72.32,65.09,67.19,73.39
70.60,70.60,64.57,70.93,72.65
71.49,71.49,62.88,71.38,74.02
71.09,71.09,63.11,70.39,73.85
74.00,74.00,63.16,69.58,75.14
69.28,69.28,63.09,73.95,74.05
70.45,70.45,63.66,70.50,74.15
73.85,73.85,63.30,73.81,72.56
72.12,72.12,64.58,72.49,72.63
72.48,72.48,64.20,74.14,74.76
71.95,71.95,62.86,72.44,74.99
70.90,70.90,62.75,73.57,74.57
69.99,69.99,61.23,70.50,75.04
70.99,70.99,61.54,74.87,73.79
70.82,70.82,61.00,72.05,73.52
69.92,69.92,60.81,73.89,73.59
66.98,66.98,61.10,73.70,73.40
68.98,68.98,59.99,71.82,72.67
68.37,68.37,61.22,72.44,72.34
64.96,64.96,61.50,72.32,73.10
66.97,66.97,66.71,72.69,74.70
71.68,71.68,71.43,72.36,74.57
70.45,70.45,71.12,69.02,74.13
69.04,69.04,65.66,67.48,74.23
68.41,68.41,63.85,69.20,74.58
73.67,73.67,62.33,70.56,74.40
71.39,71.39,60.83,69.97,73.18
73.31,73.31,63.40,70.79,72.87
72.00,72.00,64.46,70.34,74.53
69.87,69.87,59.24,70.35,72.82
71.44,71.44,56.97,71.27,73.30
68.29,68.29,56.92,67.28,75.14
72.32,72.32,55.45,68.58,73.87
71.40,71.40,58.07,71.62,76.10
70.14,70.14,57.92,65.12,73.60
73.94,73.94,56.01,69.37,72.96
72.68,72.68,56.91,70.45,73.46
71.28,71.28,56.13,65.92,74.42
68.48,68.48,52.77,71.98,73.68
68.41,68.41,52.32,67.84,74.02
68.77,68.77,52.14,69.97,74.53
66.09,66.09,49.41,71.77,73.66
66.81,66.81,48.79,69.72,73.68
70.10,70.10,48.42,69.82,71.91
73.35,73.35,50.54,72.54,73.70
73.75,73.75,54.43,63.45,74.96
73.99,73.99,64.29,65.83,73.26
67.05,67.05,76.84,64.40,70.31
71.69,71.69,71.43,65.95,71.70
71.83,71.83,68.27,64.09,73.66
70.99,70.99,59.70,65.77,72.57
70.15,70.15,59.36,66.09,75.41
72.44,72.44,59.21,68.39,73.36
73.20,73.20,58.33,66.66,73.59
73.08,73.08,59.11,70.40,73.12
72.48,72.48,61.24,67.51,72.33
69.59,69.59,54.90,65.86,72.84
69.63,69.63,54.92,68.73,72.07
73.30,73.30,53.07,70.37,72.28
71.85,71.85,57.96,66.26,71.00
72.40,72.40,70.27,63.45,72.83
71.71,71.71,78.15,65.41,73.75
71.15,71.15,70.88,57.62,72.19
69.21,69.21,69.91,63.43,72.66
64.95,64.95,63.73,68.22,72.68
64.91,64.91,56.04,71.25,73.68
65.50,65.50,59.72,71.27,73.58
64.00,64.00,56.39,67.35,72.53
64.30,64.30,55.60,73.20,71.67
67.03,67.03,52.71,69.19,72.86
69.66,69.66,53.01,73.06,73.35
71.27,71.27,56.00,71.30,71.08
70.29,70.29,64.96,71.60,72.47
66.84,66.84,75.36,71.96,74.00
67.17,67.17,73.44,73.53,71.65
65.92,65.92,66.58,67.94,71.58
66.66,66.66,62.87,70.49,72.98
67.52,67.52,61.14,70.65,73.68
66.95,66.95,62.24,71.51,72.62
67.56,67.56,61.37,72.77,71.88
65.89,65.89,60.27,72.96,73.05
65.59,65.59,59.68,70.95,73.23
67.84,67.84,58.61,75.75,72.92
70.23,70.23,56.61,72.92,71.54
67.64,67.64,54.01,73.49,71.25
69.14,69.14,57.16,57.28,69.69
71.27,71.27,67.16,65.96,72.09
72.07,72.07,80.44,67.58,71.34
69.20,69.20,70.49,65.72,71.91
67.24,67.24,71.74,67.66,72.58
62.87,62.87,65.50,60.30,70.92
66.18,66.18,59.97,68.32,72.91
66.33,66.33,56.18,67.33,71.72
67.21,67.21,52.93,65.96,72.40
69.66,69.66,51.06,68.62,72.25
65.65,65.65,51.05,67.47,72.99
68.53,68.53,48.15,65.13,71.73
63.99,63.99,47.67,66.69,71.09
66.74,66.74,50.10,68.43,71.17
71.42,71.42,55.61,66.90,71.53
66.37,66.37,63.01,69.84,71.77
67.04,67.04,61.80,68.05,69.66
68.40,68.40,59.63,69.96,71.61
63.64,63.64,56.38,70.81,71.58
64.44,64.44,55.18,72.13,71.64
70.16,70.16,53.25,71.28,73.24
70.52,70.52,51.13,72.33,72.69
72.38,72.38,49.22,71.13,72.58
70.14,70.14,47.29,71.83,74.30
69.34,69.34,44.82,72.73,71.22
69.75,69.75,47.13,71.22,72.55
62.51,62.51,55.21,66.39,72.36
59.28,59.28,63.42,65.70,75.06
67.02,67.02,77.10,66.79,75.62
61.89,61.89,77.15,65.10,73.30
62.22,62.22,68.28,64.38,74.01
64.43,64.43,58.65,61.71,72.85
66.01,66.01,62.56,64.75,73.14
63.47,63.47,60.78,68.38,73.25
66.50,66.50,51.36,63.49,73.52
65.38,65.38,50.57,67.63,72.71
65.66,65.66,50.48,64.99,73.29
66.11,66.11,46.57,67.32,73.77
55.47,55.47,42.25,64.44,72.03
59.45,59.45,50.83,66.92,72.35
63.63,63.63,55.48,67.93,74.20
66.57,66.57,70.70,67.30,75.86
65.48,65.48,73.42,64.11,73.54
63.23,63.23,71.84,66.32,74.01
65.52,65.52,64.74,66.56,72.98
67.06,67.06,62.17,68.81,72.13
65.78,65.78,63.86,69.40,73.75
64.11,64.11,61.64,69.84,71.01
65.75,65.75,64.25,69.98,72.39
69.45,69.45,58.30,69.64,73.64
69.42,69.42,56.21,69.77,71.94
64.56,64.56,56.41,70.34,71.83
67.29,67.29,55.83,70.96,71.78
64.69,64.69,57.52,68.20,71.41
63.48,63.48,59.10,69.15,72.61
61.16,61.16,57.39,71.37,74.48
60.56,60.56,54.21,74.39,73.69
60.84,60.84,53.17,70.71,72.74
57.34,57.34,52.43,71.20,71.26
60.02,60.02,51.33,69.08,73.56
61.58,61.58,49.82,70.23,73.19
58.76,58.76,47.30,71.42,72.81
60.19,60.19,49.97,70.86,73.96
62.92,62.92,47.65,72.30,71.67
60.03,60.03,46.07,72.13,72.05
59.78,59.78,50.24,69.98,70.63
60.51,60.51,53.90,68.04,73.75
61.30,61.30,64.93,68.21,72.81
60.75,60.75,81.55,69.81,71.97
59.82,59.82,70.18,68.72,69.78
60.42,60.42,61.71,65.05,69.99
58.90,58.90,59.67,65.67,71.08
57.35,57.35,63.36,67.23,70.72
59.36,59.36,60.55,65.85,72.83
63.51,63.51,58.58,67.85,71.88
64.26,64.26,59.81,68.92,71.80
65.88,65.88,57.07,69.79,73.75
65.04,65.04,53.09,67.93,72.22
57.91,57.91,50.89,65.59,72.57
58.72,58.72,56.63,60.30,72.42
59.98,59.98,61.39,67.03,72.55
62.35,62.35,76.09,62.48,74.17
57.74,57.74,76.15,65.28,72.17
58.99,58.99,66.12,66.96,72.35
58.18,58.18,63.09,67.39,72.02
58.78,58.78,55.18,69.55,71.79
59.91,59.91,59.16,71.43,70.98
58.52,58.52,57.09,71.41,73.04
63.95,63.95,54.98,70.03,73.71
64.15,64.15,52.62,72.40,71.71
64.20,64.20,45.39,71.20,71.47
60.86,60.86,48.51,70.94,71.15
62.82,62.82,54.79,69.59,71.37
65.26,65.26,65.92,69.30,71.63
61.06,61.06,74.14,68.71,72.78
56.83,56.83,70.63,61.95,71.08
57.50,57.50,65.79,71.71,73.03
61.21,61.21,62.63,71.94,73.78
57.58,57.58,63.28,72.77,73.57
58.84,58.84,61.33,71.01,73.26
62.60,62.60,63.34,71.03,70.86
61.01,61.01,61.32,68.59,72.77
63.49,63.49,57.03,70.80,73.18
59.02,59.02,58.50,71.75,70.97
59.45,59.45,54.45,72.66,73.90
58.64,58.64,54.71,68.65,70.67
61.84,61.84,63.28,62.02,71.02
61.53,61.53,68.98,60.87,74.54
59.82,59.82,80.25,66.35,71.53
57.00,57.00,69.78,65.72,72.07
53.98,53.98,64.14,67.49,72.50
55.51,55.51,66.27,69.09,72.48
56.39,56.39,65.86,67.05,71.99
55.55,55.55,60.08,68.69,72.98
54.64,54.64,60.11,65.65,71.35
55.36,55.36,57.51,72.22,72.24
58.21,58.21,56.57,70.89,74.03
57.17,57.17,55.37,69.83,73.00
55.51,55.51,55.23,61.69,72.93
50.85,50.85,56.94,60.38,72.35
48.54,48.54,65.80,59.76,71.30
49.06,49.06,77.77,64.40,73.00
47.23,47.23,77.22,66.91,73.69
43.05,43.05,70.66,64.20,72.22
45.88,45.88,61.31,70.03,72.47
46.93,46.93,62.37,66.34,75.01
53.11,53.11,59.71,71.11,73.45
49.97,49.97,55.29,72.04,72.84
52.32,52.32,55.52,71.29,73.41
49.49,49.49,55.23,71.93,73.22
44.52,44.52,50.97,70.06,73.97
41.68,41.68,49.36,70.94,73.18
42.06,42.06,49.00,72.77,72.24
41.42,41.42,54.28,69.44,74.93
41.24,41.24,57.07,70.88,72.87
40.32,40.32,58.23,70.86,70.57
40.95,40.95,58.02,71.66,74.11
41.51,41.51,56.57,73.34,73.26
42.33,42.33,53.78,70.84,73.72
41.31,41.31,48.85,71.29,73.82
40.42,40.42,47.13,74.46,73.91
39.98,39.98,44.96,68.97,73.16
39.44,39.44,42.09,73.44,73.76
38.47,38.47,41.58,72.72,71.82
35.98,35.98,44.70,69.87,73.11
34.47,34.47,51.97,71.05,74.08
32.24,32.24,58.27,73.65,71.89
38.63,38.63,74.51,65.98,73.18
40.67,40.67,73.60,65.91,75.10
34.41,34.41,71.19,63.37,73.00
34.65,34.65,65.85,69.45,72.49
36.60,36.60,64.13,66.05,73.32
32.76,32.76,61.11,63.85,70.54
27.64,27.64,65.91,65.50,71.39
26.01,26.01,67.46,65.85,71.79
27.43,27.43,60.83,67.11,73.62
28.77,28.77,59.15,68.28,72.74
27.87,27.87,57.93,68.39,72.38
27.81,27.81,55.70,66.63,72.76
29.52,29.52,56.55,66.96,73.39
29.52,29.52,56.98,68.93,71.05
29.87,29.87,56.92,62.14,72.20
28.71,28.71,56.66,68.33,72.44
24.13,24.13,54.94,67.44,71.78
25.53,25.53,52.29,63.70,72.44
27.01,27.01,49.90,69.45,71.07
29.19,29.19,49.36,63.81,72.55
29.50,29.50,47.79,66.29,71.85
33.28,33.28,43.64,68.93,71.18
32.53,32.53,44.04,65.12,73.77
30.26,30.26,45.33,66.57,73.39
24.64,24.64,52.66,65.54,72.16
21.93,21.93,60.29,61.47,73.20
20.66,20.66,77.00,65.49,72.89
16.77,16.77,77.35,68.45,72.67
17.89,17.89,68.61,65.20,70.11
16.96,16.96,62.66,67.95,71.01
22.35,22.35,60.12,72.89,72.33
24.54,24.54,60.36,67.87,70.88
26.63,26.63,60.40,70.19,73.44
28.05,28.05,59.67,73.09,73.44
26.39,26.39,57.48,68.03,73.69
25.12,25.12,54.28,73.97,72.33
23.55,23.55,50.93,72.55,70.62
20.80,20.80,49.52,71.94,69.45
17.67,17.67,58.06,69.87,72.62
14.35,14.35,70.13,64.20,72.19
16.18,16.18,76.15,63.24,74.25
20.67,20.67,74.84,61.38,72.90
23.43,23.43,74.37,68.19,74.09
20.73,20.73,63.13,71.64,72.18
23.69,23.69,58.06,72.28,71.86
22.73,22.73,59.89,76.22,72.46
22.56,22.56,52.22,72.80,70.68
21.45,21.45,52.60,75.41,72.70
23.42,23.42,50.86,73.56,70.97
22.22,22.22,48.92,71.96,73.35
23.22,23.22,53.48,74.94,71.52
17.56,17.56,58.10,74.98,71.90
14.81,14.81,66.68,72.47,76.05
16.92,16.92,76.15,69.23,72.67
19.95,19.95,73.34,68.80,75.68
20.38,20.38,67.10,67.02,73.88
18.45,18.45,62.08,66.39,74.02
24.28,24.28,64.95,65.80,74.72
25.74,25.74,62.93,68.98,74.30
22.82,22.82,64.25,65.94,73.93
21.61,21.61,64.78,65.33,75.26
23.24,23.24,64.68,68.94,74.11
25.94,25.94,58.25,64.16,74.97
34.32,34.32,56.29,69.61,75.05
30.83,30.83,55.31,67.99,73.30
34.56,34.56,52.86,63.93,73.10
36.05,36.05,56.97,63.41,76.03
39.52,39.52,71.63,65.48,75.36
42.78,42.78,81.55,69.03,76.21
45.80,45.80,71.53,63.06,79.40
47.07,47.07,68.14,65.98,78.56
48.87,48.87,57.54,67.11,77.36
56.87,56.87,59.77,65.15,76.91
60.31,60.31,65.94,63.25,77.62
59.22,59.22,55.51,65.78,77.96
57.60,57.60,55.52,67.19,77.85
56.90,56.90,48.79,67.20,76.79
56.93,56.93,47.53,66.88,78.60
55.66,55.66,48.43,66.78,77.30
58.40,58.40,47.87,67.09,78.03
55.10,55.10,53.54,66.58,76.47
62.30,62.30,60.65,66.88,78.16
64.82,64.82,61.97,67.54,77.41
56.73,56.73,59.89,69.54,75.55
48.63,48.63,56.43,67.70,76.44
56.47,56.47,55.57,66.91,76.83
56.09,56.09,53.17,67.02,76.62
59.78,59.78,49.88,66.84,76.23
59.00,59.00,44.48,66.05,77.48
60.84,60.84,43.07,66.60,77.48
61.80,61.80,41.02,66.26,76.83
63.74,63.74,44.46,65.00,76.44
64.51,64.51,50.96,64.12,76.90
60.26,60.26,61.64,61.78,76.47
54.72,54.72,76.65,62.86,75.31
56.84,56.84,73.31,61.54,76.02
55.49,55.49,72.87,64.26,74.31
58.39,58.39,63.75,64.87,74.08
59.49,59.49,58.54,67.05,73.35
57.51,57.51,62.23,65.62,74.34
58.19,58.19,55.19,72.03,74.41
60.63,60.63,50.77,69.35,73.85
66.08,66.08,50.36,63.53,74.24
66.99,66.99,51.59,67.90,74.74
66.72,66.72,45.42,66.87,74.89
67.02,67.02,48.49,67.92,74.94
64.08,64.08,55.04,66.35,73.91
52.23,52.23,69.62,68.11,74.41
52.16,52.16,73.52,67.56,73.82
58.87,58.87,68.89,67.92,74.79
56.72,56.72,65.72,68.06,75.90
53.13,53.13,62.44,68.33,73.50
49.76,49.76,61.75,68.19,74.62
51.53,51.53,60.49,67.90,75.36
49.03,49.03,61.31,68.53,74.57
46.81,46.81,58.00,68.34,74.63
49.97,49.97,54.61,67.98,75.01
50.20,50.20,54.11,66.95,75.01
53.37,53.37,53.23,62.74,78.22
48.10,48.10,55.28,66.78,74.57
50.39,50.39,58.30,67.76,76.57
45.51,45.51,60.57,68.37,76.44
42.52,42.52,60.33,62.78,75.16
44.48,44.48,57.00,69.44,76.55
42.40,42.40,54.33,69.49,76.97
43.25,43.25,51.53,67.84,78.59
45.08,45.08,48.82,66.63,77.31
45.40,45.40,45.67,65.70,76.34
42.37,42.37,44.58,67.91,76.19
45.98,45.98,42.31,66.36,74.03
46.72,46.72,41.08,67.50,72.09
44.18,44.18,49.69,67.06,73.06
46.63,46.63,56.25,63.02,74.83
49.80,49.80,71.38,64.51,75.91
47.69,47.69,77.66,64.16,72.22
46.93,46.93,66.31,64.17,72.35
43.04,43.04,67.94,67.16,73.71
43.07,43.07,61.89,66.25,76.69
45.76,45.76,57.25,65.71,74.84
45.45,45.45,54.78,64.25,76.14
46.51,46.51,56.41,64.43,77.07
46.94,46.94,54.81,67.03,75.66
47.07,47.07,53.75,67.37,76.11
46.81,46.81,52.70,68.11,76.12
47.05,47.05,50.78,67.99,74.46
51.14,51.14,56.24,66.37,74.75
55.48,55.48,62.68,65.62,75.60
50.51,50.51,79.66,65.56,74.67
47.26,47.26,71.47,66.44,71.20
46.74,46.74,70.04,68.46,72.50
47.61,47.61,66.17,69.20,72.25
43.44,43.44,59.07,68.29,74.69
50.63,50.63,57.67,68.76,73.79
51.71,51.71,55.84,69.29,75.94
48.87,48.87,55.09,69.84,75.39
44.55,44.55,50.80,70.40,73.09
45.52,45.52,45.83,70.56,73.17
47.62,47.62,48.90,69.57,74.96
46.86,46.86,54.72,70.15,74.35
45.30,45.30,68.48,70.61,76.70
42.60,42.60,73.97,71.26,74.68
43.66,43.66,70.17,69.01,75.42
47.27,47.27,67.60,67.90,76.30
46.72,46.72,62.84,60.92,72.08
52.97,52.97,63.59,66.68,75.36
48.32,48.32,63.62,62.93,74.55
53.61,53.61,64.59,65.63,74.68
58.01,58.01,63.01,64.85,74.50
63.63,63.63,58.11,66.72,74.71
60.71,60.71,56.74,62.87,72.84
63.72,63.72,56.13,64.14,72.73
66.29,66.29,56.32,59.99,70.09
64.01,64.01,61.56,59.37,72.68
60.97,60.97,77.89,63.12,73.09
49.45,49.45,78.65,64.42,71.24
42.02,42.02,70.17,67.42,73.02
45.61,45.61,64.63,67.18,72.34
43.99,43.99,65.89,69.20,75.38
47.61,47.61,62.61,69.84,75.53
47.50,47.50,60.60,69.81,75.19
42.68,42.68,58.23,67.65,72.72
44.89,44.89,57.91,66.28,71.26
40.47,40.47,57.06,67.79,74.33
42.45,42.45,56.65,67.46,74.76
40.38,40.38,57.33,68.73,72.84
38.17,38.17,60.89,65.61,70.72
37.42,37.42,68.67,64.14,73.41
37.37,37.37,80.07,66.86,73.08
36.90,36.90,72.07,62.80,73.36
30.71,30.71,71.11,68.86,73.98
37.57,37.57,62.05,70.14,73.76
36.80,36.80,62.57,71.22,72.82
33.59,33.59,56.79,70.97,71.03
36.20,36.20,53.14,69.32,73.28
35.28,35.28,54.89,70.87,72.70
35.74,35.74,52.31,72.50,70.76
35.01,35.01,49.39,72.60,70.74
35.09,35.09,49.42,72.99,72.98
33.34,33.34,51.60,72.99,71.50
32.95,32.95,55.67,73.10,71.79
33.31,33.31,57.48,71.72,73.32
30.98,30.98,57.28,70.32,72.32
29.74,29.74,56.04,68.95,72.52
28.27,28.27,54.86,70.13,73.74
28.00,28.00,51.86,69.68,71.93
27.39,27.39,48.68,68.51,73.19
30.20,30.20,46.38,68.80,70.83
29.13,29.13,42.64,68.50,72.50
30.77,30.77,42.98,69.27,73.84
28.05,28.05,40.31,69.16,73.25
28.03,28.03,45.18,69.22,72.90
24.69,24.69,52.91,68.62,72.87
22.50,22.50,65.26,70.30,72.53
18.48,18.48,74.50,69.76,73.77
22.85,22.85,74.88,60.07,70.94
25.39,25.39,70.35,65.92,74.53
27.29,27.29,64.02,62.44,73.02
29.61,29.61,65.50,66.56,71.40
26.93,26.93,67.56,68.18,71.50
25.04,25.04,66.65,69.60,73.37
23.83,23.83,64.76,68.98,73.90
27.04,27.04,60.68,69.31,71.74
27.30,27.30,60.83,69.74,71.30
26.98,26.98,59.65,70.57,73.58
25.76,25.76,59.51,70.66,72.38
24.26,24.26,58.50,69.95,73.95
26.82,26.82,57.57,69.73,74.12
31.43,31.43,57.64,68.63,73.61
34.81,34.81,56.34,68.36,75.50
33.23,33.23,57.35,67.75,74.40
32.96,32.96,54.61,70.32,75.82
33.58,33.58,51.81,70.04,76.25
33.27,33.27,52.17,70.74,74.35
37.60,37.60,52.47,69.76,76.33
36.20,36.20,50.96,68.46,73.65
42.00,42.00,51.38,67.63,74.96
40.77,40.77,53.83,68.31,73.65
42.17,42.17,58.81,64.83,74.68
37.43,37.43,71.44,65.25,75.53
40.23,40.23,79.76,66.74,74.05
41.70,41.70,67.45,66.51,75.49
41.35,41.35,66.55,67.25,73.58
48.30,48.30,62.78,65.49,74.38
49.94,49.94,61.31,67.76,75.30
55.07,55.07,61.66,70.65,74.16
56.32,56.32,62.72,70.98,75.22
50.09,50.09,57.75,70.63,74.60
47.59,47.59,53.62,70.21,74.33
54.48,54.48,51.22,70.47,75.38
56.41,56.41,52.50,71.16,76.57
58.58,58.58,54.69,71.30,75.59
53.22,53.22,60.59,69.09,72.47
57.65,57.65,78.65,67.69,75.26
58.07,58.07,76.16,62.51,73.37
62.14,62.14,69.33,59.79,75.55
54.87,54.87,65.41,61.85,72.59
54.27,54.27,64.24,64.01,75.48
50.89,50.89,57.35,65.11,74.87
50.63,50.63,54.92,69.39,74.71
47.82,47.82,53.11,71.71,75.77
43.30,43.30,51.85,70.59,74.69
45.00,45.00,52.24,69.22,73.67
42.25,42.25,50.54,69.95,74.87
38.98,38.98,51.39,67.51,73.50
32.38,32.38,58.46,70.57,71.67
31.47,31.47,70.31,69.46,74.45
32.30,32.30,74.59,67.06,75.22
33.14,33.14,72.12,64.39,73.20
33.72,33.72,66.70,70.14,74.62
30.99,30.99,63.75,66.78,75.19
36.10,36.10,62.93,70.16,76.53
36.02,36.02,60.88,69.42,75.75
30.17,30.17,58.38,68.35,74.83
32.27,32.27,59.09,69.02,76.48
33.23,33.23,57.10,69.40,75.46
41.89,41.89,54.49,68.14,72.90
35.89,35.89,55.40,64.72,73.65
37.51,37.51,59.63,63.86,72.12
39.14,39.14,61.81,62.12,74.29
31.73,31.73,78.11,64.41,73.84
27.07,27.07,76.92,65.63,70.94
30.81,30.81,72.81,67.60,70.36
33.62,33.62,61.20,60.57,75.19
33.71,33.71,58.43,64.87,73.02
33.21,33.21,59.25,67.78,71.45
28.80,28.80,56.73,70.35,72.51
27.91,27.91,52.00,70.33,73.63
29.38,29.38,49.52,66.04,72.67
30.04,30.04,47.51,70.67,72.09
31.51,31.51,45.32,69.30,72.94
30.60,30.60,45.15,70.00,73.25
32.54,32.54,54.12,70.97,73.89
33.03,33.03,60.80,69.19,74.79
32.39,32.39,62.26,71.84,74.96
27.19,27.19,59.81,70.81,75.50
26.33,26.33,58.35,71.72,72.39
25.90,25.90,56.02,71.72,73.26
28.85,28.85,54.30,71.60,73.34
27.95,27.95,52.60,68.44,74.02
26.95,26.95,49.83,69.87,73.21
26.85,26.85,46.20,69.22,76.95
26.10,26.10,43.32,71.08,74.72
24.89,24.89,44.69,70.28,75.43
22.71,22.71,48.81,66.25,75.90
20.67,20.67,61.95,61.08,73.96
24.16,24.16,68.04,62.72,76.40
20.54,20.54,79.64,63.63,72.83
21.72,21.72,71.99,55.59,73.84
23.36,23.36,66.75,65.59,74.90
28.76,28.76,64.46,69.31,74.53
24.16,24.16,60.54,73.63,72.98
21.80,21.80,58.54,71.30,72.15
24.07,24.07,49.55,71.11,72.09
21.50,21.50,49.79,71.56,72.68
20.08,20.08,46.93,69.46,73.52
20.87,20.87,45.91,71.48,72.84
22.72,22.72,44.91,71.55,73.96
19.06,19.06,54.58,72.74,73.31
19.17,19.17,63.36,71.49,74.47
24.00,24.00,75.21,68.68,76.31
23.13,23.13,71.49,66.80,74.97
22.41,22.41,68.75,71.15,74.64
13.40,13.40,63.15,71.95,74.61
13.19,13.19,64.06,72.58,74.89
15.48,15.48,64.70,70.57,74.07
16.46,16.46,63.16,69.90,74.56
16.50,16.50,61.25,71.33,73.06
12.25,12.25,57.46,70.17,73.44
13.76,13.76,56.60,67.60,72.67
14.60,14.60,57.15,63.63,73.89
14.22,14.22,55.26,64.72,73.00
11.27,11.27,60.35,69.72,74.24
9.79,9.79,60.07,73.72,74.07
11.75,11.75,60.40,68.40,77.48
14.68,14.68,57.60,67.16,74.61
13.23,13.23,55.36,67.10,73.47
13.84,13.84,53.42,68.62,73.05
15.63,15.63,51.33,67.60,73.91
15.38,15.38,47.75,69.29,74.48
14.89,14.89,45.08,67.66,73.82
15.01,15.01,43.81,69.06,75.36
18.79,18.79,42.46,67.80,73.86
16.63,16.63,43.40,70.55,73.06
13.16,13.16,51.26,69.87,73.59
7.94,7.94,61.90,67.06,72.35
4.66,4.66,79.09,68.74,73.07
5.85,5.85,73.20,68.80,71.36
6.94,6.94,68.62,70.01,72.35
11.89,11.89,72.57,71.90,72.44
11.44,11.44,56.42,71.30,72.28
12.22,12.22,57.41,69.37,72.93
12.92,12.92,57.53,72.50,73.64
12.10,12.10,53.00,70.74,74.25
11.94,11.94,51.09,72.28,72.51
13.78,13.78,48.05,71.37,72.85
12.08,12.08,46.82,71.23,73.48
10.27,10.27,48.72,67.24,71.62
8.26,8.26,60.82,60.82,71.41
7.70,7.70,66.36,57.83,73.11
8.50,8.50,79.77,60.13,73.52
15.21,15.21,67.70,59.74,72.99
18.57,18.57,66.23,63.47,73.80
22.13,22.13,61.91,67.54,73.05
20.49,20.49,57.01,69.71,72.78
23.87,23.87,53.82,67.50,71.67
24.12,24.12,47.00,68.24,72.29
31.46,31.46,46.60,71.23,73.27
27.78,27.78,43.58,67.72,71.81
22.66,22.66,44.33,65.80,72.49
20.57,20.57,50.06,67.63,71.22
14.80,14.80,56.15,69.11,71.85
13.05,13.05,68.07,67.94,72.36
11.65,11.65,73.91,60.50,71.73
7.81,7.81,69.15,72.99,73.61
17.68,17.68,64.85,67.36,73.34
21.42,21.42,64.11,67.44,74.46
19.78,19.78,62.67,64.73,73.66
16.00,16.00,62.23,66.51,73.31
13.68,13.68,64.41,67.25,73.74
14.01,14.01,62.16,68.81,73.16
11.28,11.28,55.51,69.56,72.03
12.41,12.41,55.77,70.39,71.89
9.34,9.34,58.48,67.75,72.20
9.33,9.33,55.02,66.56,72.91
7.40,7.40,58.47,62.79,73.87
17.16,17.16,70.97,66.07,74.21
19.35,19.35,78.73,63.28,72.42
16.90,16.90,71.95,65.66,72.24
22.03,22.03,65.57,62.86,73.48
25.19,25.19,61.95,68.35,72.40
26.44,26.44,64.02,71.03,74.19
23.57,23.57,60.08,70.89,71.65
23.99,23.99,58.91,69.51,73.27
24.09,24.09,57.24,66.31,73.78
26.14,26.14,55.78,69.51,73.75
24.08,24.08,54.62,58.31,73.98
17.87,17.87,56.94,53.66,72.31
17.96,17.96,59.05,56.05,71.52
13.56,13.56,72.82,59.71,73.65
12.99,12.99,82.74,68.43,71.39
15.60,15.60,70.16,61.78,69.67
17.66,17.66,64.40,67.64,72.57
19.72,19.72,58.33,72.21,71.86
19.39,19.39,60.15,65.60,71.42
19.68,19.68,53.73,65.89,71.27
18.28,18.28,53.11,74.10,71.07
19.02,19.02,58.55,70.12,70.91
21.38,21.38,58.59,72.75,71.46
22.17,22.17,52.74,71.34,70.99
19.93,19.93,47.40,69.39,72.39
21.05,21.05,48.36,74.29,71.49
24.29,24.29,55.25,71.51,72.57
25.18,25.18,59.07,69.86,73.06
21.81,21.81,58.54,75.17,72.40
20.74,20.74,56.26,72.30,73.14
19.11,19.11,55.00,73.29,74.04
22.20,22.20,53.07,72.57,72.24
23.27,23.27,50.41,72.67,72.38
22.78,22.78,47.62,73.14,71.77
20.03,20.03,43.70,72.71,72.11
17.27,17.27,41.34,72.73,72.33
21.36,21.36,39.42,74.42,72.04
17.15,17.15,44.57,73.21,69.81
11.80,11.80,52.74,74.57,70.17
11.66,11.66,64.45,73.95,69.40
10.17,10.17,73.39,68.12,75.97
7.99,7.99,69.54,69.39,73.37
13.05,13.05,70.57,69.95,73.00
18.59,18.59,67.11,66.01,72.49
16.96,16.96,65.24,64.35,73.24
12.26,12.26,63.14,71.50,74.10
12.03,12.03,62.87,66.27,73.00
12.95,12.95,66.01,68.41,73.44
13.11,13.11,61.33,71.44,71.81
18.16,18.16,57.58,67.02,71.07
18.02,18.02,56.20,68.81,70.51
17.10,17.10,55.74,66.03,72.01
17.66,17.66,60.99,66.22,73.51
17.66,17.66,59.76,70.59,72.89
21.16,21.16,57.76,65.96,71.86
21.76,21.76,57.73,66.21,72.66
18.71,18.71,56.44,71.07,73.58
18.46,18.46,54.16,64.36,73.18
20.59,20.59,51.21,70.19,73.07
22.05,22.05,49.31,67.08,73.44
21.30,21.30,48.13,65.84,73.13
20.51,20.51,45.87,72.07,73.20
20.52,20.52,43.06,67.76,71.74
20.94,20.94,45.71,64.16,71.77
21.50,21.50,58.88,65.58,69.62
14.01,14.01,62.04,62.01,70.68
10.55,10.55,77.14,63.53,71.31
7.78,7.78,78.33,68.94,70.69
7.78,7.78,69.58,66.48,72.50
12.56,12.56,63.58,66.24,72.82
15.46,15.46,60.25,71.94,73.87
17.29,17.29,60.32,65.89,71.29
17.02,17.02,58.59,68.98,71.04
17.44,17.44,56.68,71.34,71.05
15.13,15.13,55.71,67.99,71.33
16.14,16.14,56.43,69.75,73.15
17.94,17.94,59.26,72.13,72.36
16.27,16.27,58.13,67.09,71.48
14.26,14.26,62.54,68.60,68.43
14.08,14.08,69.25,57.59,72.16
15.94,15.94,77.23,64.07,73.03
16.69,16.69,71.13,59.47,72.73
16.56,16.56,72.82,62.05,73.04
15.63,15.63,63.60,67.87,72.18
14.48,14.48,62.02,72.78,73.43
15.19,15.19,62.53,73.38,72.35
17.25,17.25,61.60,74.17,71.44
19.67,19.67,63.63,71.60,71.74
21.44,21.44,63.32,73.46,71.95
22.79,22.79,63.85,71.04,73.59
23.84,23.84,63.91,73.47,72.33
23.54,23.54,63.34,73.10,71.56
21.40,21.40,65.42,72.97,70.85
20.45,20.45,73.84,71.46,72.30
21.55,21.55,74.18,72.59,72.47
23.64,23.64,72.50,71.14,71.44
24.18,24.18,68.74,71.24,69.04
23.61,23.61,69.01,73.12,73.17
22.40,22.40,67.36,69.87,71.13
20.52,20.52,69.07,70.32,70.61
17.70,17.70,68.39,73.17,70.30
17.33,17.33,66.43,72.19,71.16
20.86,20.86,65.82,70.91,70.01
22.53,22.53,65.59,60.46,70.26
20.95,20.95,65.87,59.32,72.11
17.23,17.23,66.24,60.60,73.01
16.15,16.15,71.88,65.02,76.29
11.88,11.88,78.73,62.69,72.26
9.05,9.05,74.06,64.57,73.41
7.86,7.86,64.82,63.60,74.38
9.21,9.21,61.53,64.85,75.19
11.23,11.23,60.97,62.88,72.86
12.88,12.88,61.11,61.89,72.28
14.24,14.24,58.46,63.85,71.87
14.66,14.66,56.16,68.09,73.82
15.70,15.70,54.78,69.96,70.96
16.80,16.80,53.86,66.92,69.80
16.49,16.49,54.14,65.86,71.27
15.28,15.28,56.39,66.71,72.08
13.03,13.03,57.76,66.90,73.74
14.38,14.38,61.48,66.24,71.60
15.02,15.02,62.03,66.15,71.55
18.54,18.54,61.59,65.71,71.59
18.46,18.46,58.77,64.98,70.51
23.80,23.80,56.34,67.55,70.93
21.68,21.68,55.86,64.14,70.48
23.06,23.06,54.12,65.20,70.80
20.63,20.63,51.46,66.84,70.24
25.29,25.29,49.20,66.33,70.09
26.20,26.20,49.02,68.04,69.88
19.37,19.37,49.34,66.75,71.21
12.88,12.88,59.49,66.32,70.55
6.62,6.62,68.01,64.47,74.43
4.56,4.56,80.57,66.17,72.45
8.19,8.19,73.62,66.18,71.83
10.93,10.93,68.21,67.04,72.72
14.84,14.84,65.35,67.30,73.37
19.17,19.17,62.22,68.26,75.97
22.41,22.41,66.10,69.77,74.53
25.87,25.87,54.08,68.65,73.93
25.27,25.27,50.18,67.80,76.36
27.37,27.37,47.42,66.41,75.98
27.69,27.69,47.92,67.02,75.75
21.97,21.97,49.93,68.26,76.59
15.30,15.30,57.74,66.73,73.03
13.59,13.59,64.12,68.00,75.10
15.96,15.96,75.05,68.56,76.65
18.11,18.11,71.96,66.33,75.23
18.78,18.78,68.75,66.23,75.95
17.14,17.14,64.65,68.49,75.27
15.80,15.80,64.31,67.16,73.60
15.04,15.04,62.63,67.67,74.47
15.62,15.62,64.02,67.73,74.62
15.33,15.33,61.52,66.96,74.63
17.20,17.20,57.76,67.79,73.57
18.09,18.09,57.90,68.90,76.14
18.14,18.14,54.40,66.87,73.85
16.22,16.22,55.71,64.04,74.95
12.62,12.62,57.42,66.69,76.15
14.23,14.23,60.24,69.91,76.54
12.13,12.13,59.73,71.23,75.81
12.36,12.36,57.48,59.30,75.37
14.47,14.47,54.90,68.73,75.70
14.96,14.96,51.64,65.71,75.12
16.28,16.28,49.39,64.33,75.74
19.65,19.65,47.99,64.46,76.67
22.14,22.14,45.33,66.60,77.20
21.87,21.87,43.45,65.61,77.19
22.89,22.89,41.57,63.82,76.12
21.60,21.60,44.62,64.84,75.85
13.65,13.65,57.00,64.91,76.73
7.18,7.18,64.84,59.43,74.75
6.08,6.08,79.35,62.85,76.33
7.16,7.16,71.40,61.91,75.20
6.18,6.18,63.57,63.66,75.89
8.19,8.19,62.50,65.75,75.61
15.01,15.01,61.38,65.87,75.10
19.37,19.37,59.39,66.00,76.76
22.09,22.09,56.05,66.27,77.91
25.74,25.74,53.05,67.01,75.75
26.68,26.68,53.80,66.51,75.22
25.01,25.01,50.11,67.76,76.60
23.42,23.42,47.08,67.29,75.42
16.66,16.66,50.08,64.61,73.49
12.46,12.46,59.05,62.78,74.76
7.65,7.65,71.28,59.59,75.93
10.71,10.71,78.41,62.77,75.94
13.46,13.46,64.45,60.91,74.10
18.79,18.79,63.69,61.72,73.27
20.93,20.93,60.63,64.07,75.20
25.03,25.03,53.98,66.48,76.62
30.72,30.72,62.40,68.46,75.37
31.74,31.74,52.76,68.49,75.11
30.66,30.66,47.57,68.21,75.98
27.01,27.01,48.66,66.81,75.08
23.80,23.80,49.50,66.43,75.66
18.91,18.91,53.82,67.35,76.73
10.99,10.99,64.25,64.74,76.12
3.80,3.80,74.00,68.84,76.08
5.27,5.27,71.00,69.97,75.11
9.15,9.15,70.06,65.54,75.54
13.53,13.53,65.83,65.34,75.07
17.40,17.40,63.96,68.16,74.31
14.13,14.13,62.43,68.16,74.99
14.23,14.23,60.79,65.73,74.71
17.84,17.84,62.46,67.36,75.15
19.42,19.42,58.44,67.48,76.10
19.34,19.34,56.94,67.02,74.75
17.09,17.09,56.02,65.88,75.91
19.93,19.93,59.66,65.79,75.60
15.34,15.34,63.27,61.93,76.72
17.01,17.01,77.40,61.23,77.04
19.77,19.77,73.54,65.28,75.92
16.15,16.15,71.38,68.06,75.53
23.60,23.60,64.24,65.66,76.27
24.94,24.94,62.14,67.64,75.15
27.49,27.49,60.60,66.58,76.11
31.99,31.99,60.36,64.45,74.54
30.87,30.87,60.04,64.93,76.46
25.86,25.86,59.31,66.61,75.40
28.23,28.23,59.16,66.29,74.85
19.04,19.04,59.37,66.82,75.50
10.44,10.44,57.85,60.01,72.88
6.46,6.46,63.68,54.89,74.57
8.68,8.68,79.00,63.68,77.01
15.95,15.95,71.99,61.48,78.54
16.67,16.67,68.72,58.78,75.31
16.47,16.47,67.19,64.69,76.56
13.77,13.77,67.80,66.07,75.49
7.28,7.28,65.60,66.97,76.39
6.89,6.89,66.34,71.23,75.72
4.64,4.64,68.22,68.85,76.06
4.31,4.31,67.49,68.40,75.68
4.43,4.43,67.53,70.36,76.07
4.69,4.69,66.10,68.38,76.63
5.33,5.33,64.67,70.21,74.42
6.32,6.32,65.53,69.43,76.00
2.93,2.93,64.76,69.76,75.57
4.54,4.54,66.21,71.30,74.77
6.44,6.44,65.20,70.19,75.64
10.02,10.02,65.99,71.06,76.11
12.57,12.57,64.30,71.37,75.23
14.12,14.12,65.00,69.60,75.45
15.28,15.28,64.12,71.22,74.40
14.75,14.75,64.94,70.82,74.28
14.62,14.62,65.06,70.59,77.05
10.44,10.44,63.98,71.58,76.78
8.69,8.69,63.51,71.71,76.38
11.35,11.35,62.05,70.27,75.94
11.32,11.32,62.47,72.58,76.19
11.95,11.95,67.69,69.38,75.40
13.79,13.79,71.59,62.69,76.47
10.50,10.50,70.23,62.71,75.27
8.27,8.27,68.63,67.02,74.02
11.56,11.56,65.51,66.99,74.05
16.33,16.33,66.68,66.62,76.36
16.51,16.51,64.66,65.78,75.10
16.72,16.72,62.97,68.33,76.18
17.78,17.78,63.34,67.31,74.69
21.39,21.39,60.23,70.57,74.95
18.13,18.13,59.73,67.84,75.43
10.48,10.48,59.52,69.35,75.01
9.08,9.08,57.78,69.26,75.38
9.52,9.52,59.58,67.01,76.24
12.25,12.25,59.55,68.03,76.34
18.03,18.03,59.27,70.12,76.80
17.56,17.56,57.72,68.37,76.19
20.19,20.19,58.39,72.29,75.60
18.44,18.44,55.50,65.05,77.69
21.04,21.04,54.88,69.61,76.63
20.81,20.81,54.67,70.08,76.57
25.34,25.34,55.05,67.09,77.51
24.28,24.28,54.22,69.26,76.08
24.48,24.48,53.95,71.27,77.62
27.66,27.66,53.70,63.96,78.42
23.60,23.60,55.10,68.48,78.08
20.89,20.89,64.54,61.31,75.98
12.15,12.15,74.01,63.05,75.86
11.51,11.51,76.06,62.49,76.65
14.19,14.19,66.19,63.31,75.23
16.16,16.16,64.94,63.35,76.03
18.34,18.34,62.51,66.67,75.65
17.07,17.07,62.52,64.11,74.96
16.93,16.93,61.05,64.64,74.68
19.21,19.21,60.66,68.64,77.28
20.30,20.30,55.01,63.11,76.30
20.14,20.14,55.74,65.38,76.16
20.39,20.39,55.48,68.13,74.22
18.58,18.58,55.58,61.22,76.35
17.58,17.58,60.86,60.43,76.12
18.41,18.41,65.34,57.35,75.90
22.29,22.29,81.81,66.93,75.93
17.58,17.58,75.19,60.90,74.48
21.57,21.57,66.60,61.03,75.70
23.71,23.71,60.89,64.28,74.38
25.03,25.03,60.58,64.64,74.86
25.05,25.05,63.21,65.76,75.46
28.60,28.60,61.17,67.53,78.80
22.50,22.50,53.90,63.74,78.04
23.04,23.04,53.85,70.38,76.52
26.97,26.97,55.19,69.71,73.60
19.91,19.91,54.21,69.61,74.78
15.93,15.93,57.88,70.69,73.93
12.90,12.90,67.67,70.64,77.72
12.71,12.71,76.42,70.06,77.51
14.08,14.08,73.62,69.30,76.63
10.27,10.27,66.27,66.92,75.73
12.26,12.26,63.05,72.38,77.77
13.95,13.95,64.86,67.27,76.07
14.94,14.94,65.64,70.53,77.45
14.62,14.62,64.90,69.18,76.45
15.66,15.66,61.36,67.24,74.03
17.85,17.85,57.26,72.09,74.54
18.89,18.89,56.74,68.52,75.75
17.01,17.01,55.51,59.27,77.06
13.06,13.06,57.23,55.43,76.99
13.39,13.39,61.38,55.96,75.96
16.14,16.14,75.69,63.27,77.69
16.87,16.87,75.51,58.38,77.63
20.06,20.06,70.15,64.59,76.33
24.58,24.58,62.22,69.15,77.22
20.73,20.73,61.24,68.10,77.62
23.84,23.84,59.78,67.18,76.72
22.23,22.23,58.93,71.75,76.64
23.71,23.71,58.63,70.03,76.36
26.54,26.54,53.63,68.62,77.30
25.00,25.00,49.52,70.43,77.93
24.49,24.49,49.71,69.90,75.07
20.06,20.06,52.69,69.79,75.39
14.72,14.72,55.06,69.67,76.01
11.56,11.56,59.45,69.10,76.67
9.68,9.68,60.89,69.29,75.81
13.35,13.35,61.70,70.79,77.08
17.69,17.69,58.65,68.41,78.36
15.47,15.47,57.71,68.88,77.90
16.27,16.27,57.08,69.25,78.02
17.61,17.61,55.77,68.46,76.72
20.18,20.18,52.12,70.43,75.65
20.23,20.23,50.55,71.01,76.24
21.29,21.29,49.55,68.37,77.54
19.82,19.82,49.62,68.33,75.63
17.32,17.32,53.11,59.85,78.28
12.49,12.49,57.47,59.88,78.59
12.62,12.62,70.44,62.90,78.62
14.37,14.37,78.29,62.94,76.55
15.24,15.24,70.88,64.20,78.89
15.47,15.47,62.78,66.01,77.49
18.21,18.21,62.58,64.46,75.95
21.50,21.50,60.97,69.84,73.92
18.94,18.94,56.98,68.00,74.88
20.00,20.00,54.56,66.82,75.39
23.18,23.18,52.11,69.04,77.10
26.12,26.12,50.07,66.51,77.28
22.02,22.02,50.75,65.50,76.84
18.81,18.81,53.88,68.16,75.59
13.17,13.17,61.31,68.00,73.86
11.84,11.84,72.88,70.08,75.84
13.76,13.76,72.10,66.80,74.93
16.70,16.70,70.49,69.32,75.31
16.71,16.71,66.74,70.01,76.76
14.64,14.64,64.35,67.46,75.64
18.62,18.62,64.60,65.20,75.53
20.90,20.90,63.73,68.69,75.39
18.46,18.46,63.86,71.50,75.92
18.51,18.51,60.67,70.26,77.88
18.70,18.70,57.61,69.99,75.09
19.88,19.88,57.78,65.95,74.16
21.43,21.43,56.85,65.45,75.49
27.39,27.39,55.22,62.62,77.74
25.85,25.85,56.84,67.10,76.75
27.32,27.32,57.50,67.59,76.62
27.91,27.91,58.99,70.74,77.08
29.10,29.10,59.08,70.45,76.77
30.13,30.13,56.20,69.32,76.89
31.67,31.67,53.91,70.08,76.20
28.73,28.73,53.87,70.26,76.50
22.60,22.60,52.30,69.25,78.12
20.21,20.21,50.32,69.35,76.51
21.09,21.09,48.83,70.53,76.84
23.73,23.73,50.73,69.62,74.49
22.40,22.40,54.87,69.34,75.73
21.70,21.70,64.10,66.84,77.28
21.53,21.53,68.55,56.83,77.97
20.51,20.51,77.75,59.95,77.38
20.50,20.50,68.48,56.54,77.39
20.16,20.16,63.27,67.30,77.93
24.64,24.64,63.41,71.29,76.00
28.06,28.06,61.66,71.19,76.20
32.28,32.28,60.30,72.11,76.44
36.80,36.80,60.29,72.93,76.59
36.68,36.68,58.22,70.75,78.69
33.85,33.85,54.97,71.10,76.23
30.09,30.09,54.66,71.29,76.79
23.61,23.61,54.64,67.37,75.29
22.10,22.10,57.95,64.91,75.21
21.81,21.81,65.96,63.72,77.30
18.05,18.05,74.90,62.46,77.33
22.98,22.98,75.79,65.73,76.34
29.59,29.59,69.15,65.90,75.71
34.89,34.89,64.10,70.48,76.96
37.47,37.47,58.59,69.29,77.24
37.52,37.52,57.94,69.50,77.28
37.27,37.27,58.87,71.62,77.19
37.60,37.60,52.62,70.60,75.90
37.73,37.73,51.68,72.07,76.70
39.84,39.84,50.73,68.82,75.49
41.46,41.46,50.22,72.38,76.16
30.95,30.95,56.64,71.90,74.24
27.94,27.94,64.08,69.78,74.64
19.42,19.42,74.41,66.28,74.81
10.75,10.75,72.39,67.57,76.72
18.01,18.01,67.34,71.96,77.24
24.63,24.63,64.24,68.55,76.93
23.05,23.05,63.75,63.83,76.63
16.43,16.43,62.38,65.02,75.55
14.57,14.57,63.67,69.25,74.87
17.32,17.32,61.85,71.80,76.81
18.90,18.90,59.15,70.73,76.07
20.68,20.68,60.19,67.91,77.01
20.10,20.10,57.60,68.39,76.93
15.10,15.10,58.41,67.79,77.56
11.09,11.09,63.98,66.69,77.25
10.11,10.11,77.34,62.77,76.20
14.01,14.01,76.59,56.35,75.47
18.36,18.36,70.56,59.78,75.21
20.20,20.20,62.24,63.80,75.88
21.43,21.43,61.60,71.29,76.17
22.07,22.07,61.45,70.86,76.86
21.85,21.85,61.63,69.30,77.41
20.39,20.39,57.74,70.36,78.14
19.95,19.95,57.29,69.32,76.04
19.50,19.50,57.06,67.27,76.98
15.15,15.15,53.49,56.88,74.85
19.36,19.36,56.85,50.47,75.91
23.04,23.04,60.27,50.84,75.39
27.21,27.21,70.12,55.09,77.46
24.67,24.67,79.77,61.32,76.80
16.62,16.62,70.20,61.48,77.09
20.12,20.12,65.79,69.98,75.78
23.72,23.72,61.62,68.58,77.30
22.13,22.13,61.40,67.59,76.35
18.26,18.26,56.71,68.48,76.22
19.66,19.66,57.04,70.89,77.61
20.65,20.65,65.16,70.08,78.11
25.71,25.71,62.16,68.76,78.50
23.09,23.09,54.76,69.78,78.15
20.29,20.29,55.17,69.39,76.27
18.58,18.58,55.10,68.87,77.37
17.82,17.82,57.79,70.55,75.83
17.93,17.93,59.06,69.11,75.86
17.62,17.62,59.69,70.85,76.76
14.90,14.90,58.32,65.65,74.68
16.32,16.32,57.27,67.55,77.01
17.82,17.82,55.57,68.98,75.45
19.12,19.12,54.26,70.70,77.42
20.23,20.23,53.15,69.64,77.02
19.96,19.96,51.25,72.43,77.26
22.84,22.84,49.47,71.01,78.77
21.97,21.97,47.90,72.35,78.62
23.41,23.41,48.39,68.10,75.96
17.48,17.48,50.90,71.28,78.52
14.41,14.41,58.66,69.40,78.26
6.80,6.80,67.68,66.38,79.37
4.46,4.46,68.20,65.40,77.29
5.29,5.29,67.26,64.02,76.50
8.30,8.30,65.03,66.59,76.82
14.05,14.05,63.61,64.59,76.70
17.20,17.20,60.45,68.67,77.15
17.96,17.96,60.49,68.15,78.42
16.98,16.98,65.03,63.84,76.68
18.52,18.52,62.11,65.83,76.86
25.25,25.25,56.94,64.38,76.91
28.42,28.42,53.79,65.79,77.10
27.70,27.70,53.28,65.95,75.14
24.44,24.44,54.87,68.66,75.69
18.72,18.72,56.60,67.79,75.24
15.84,15.84,56.79,67.03,75.95
15.85,15.85,57.76,67.57,75.79
15.80,15.80,56.01,67.66,75.89
12.48,12.48,55.65,64.31,76.35
15.35,15.35,53.19,68.21,75.06
18.44,18.44,50.13,67.50,76.48
18.95,18.95,49.03,68.00,76.57
18.31,18.31,47.51,68.04,75.23
17.91,17.91,45.74,68.82,73.80
20.41,20.41,46.43,65.70,75.13
22.53,22.53,46.67,66.72,73.51
25.17,25.17,56.97,59.93,74.17
24.82,24.82,65.69,53.71,74.79
21.67,21.67,76.41,57.93,76.49
22.08,22.08,71.76,57.18,76.54
20.77,20.77,69.75,62.50,74.81
17.10,17.10,61.97,66.73,75.95
17.61,17.61,62.42,68.02,77.27
14.43,14.43,59.53,68.21,75.02
14.88,14.88,59.50,68.84,75.99
18.11,18.11,55.62,68.59,76.65
20.14,20.14,55.41,66.23,76.95
21.98,21.98,52.94,68.59,76.67
20.99,20.99,51.82,68.16,75.34
15.80,15.80,52.36,67.24,75.35
14.17,14.17,61.25,66.77,75.50
17.67,17.67,73.51,63.97,74.44
14.89,14.89,77.58,56.11,74.53
11.62,11.62,72.76,60.02,75.51
12.64,12.64,70.00,57.19,74.74
12.36,12.36,59.75,66.86,74.22
15.09,15.09,60.39,62.72,76.18
20.56,20.56,67.01,60.66,76.95
23.20,23.20,58.34,61.95,76.49
22.70,22.70,52.51,64.07,77.10
24.00,24.00,51.53,66.69,77.15
24.81,24.81,53.43,62.90,75.92
22.93,22.93,54.78,61.38,75.68
17.12,17.12,58.92,64.54,76.23
8.73,8.73,69.91,65.28,74.58
9.73,9.73,73.39,68.32,74.54
11.69,11.69,72.56,70.27,76.35
14.85,14.85,66.53,69.67,74.37
21.25,21.25,63.82,72.50,73.58
20.41,20.41,64.67,69.84,74.23
13.27,13.27,64.27,71.78,74.13
10.74,10.74,63.08,69.68,75.50
15.86,15.86,58.57,71.74,72.25
21.30,21.30,57.97,73.03,74.60
22.84,22.84,56.76,65.55,74.79
18.44,18.44,55.12,63.30,77.59
15.57,15.57,59.12,65.89,75.92
16.77,16.77,64.68,65.73,79.01
16.63,16.63,80.32,67.87,75.94
19.73,19.73,71.34,62.24,75.65
20.28,20.28,65.00,62.94,76.15
22.01,22.01,59.58,65.74,75.10
21.95,21.95,59.37,66.06,74.84
23.49,23.49,63.26,66.93,73.93
24.93,24.93,61.00,64.98,76.13
23.73,23.73,54.63,64.93,75.50
25.67,25.67,51.36,64.84,74.55
30.52,30.52,47.59,65.88,76.19
28.60,28.60,45.27,63.76,75.92
25.69,25.69,50.51,64.89,75.48
31.28,31.28,56.92,65.66,76.23
34.82,34.82,62.24,65.48,75.26
33.20,33.20,61.86,67.47,75.29
28.20,28.20,62.26,68.70,74.55
22.12,22.12,62.34,67.62,74.45
22.29,22.29,59.94,66.01,74.70
25.63,25.63,56.02,64.91,74.39
28.04,28.04,56.42,64.80,75.33
22.10,22.10,52.42,67.45,75.74
22.59,22.59,49.52,65.05,72.92
21.45,21.45,48.34,67.23,74.46
20.56,20.56,48.63,68.05,74.62
19.99,19.99,56.04,59.37,76.07
15.18,15.18,62.93,63.88,77.27
9.99,9.99,75.45,58.89,77.46
8.60,8.60,77.12,62.50,74.60
10.92,10.92,68.69,64.47,76.82
12.11,12.11,62.27,65.02,75.05
15.57,15.57,62.41,62.52,75.78
18.64,18.64,63.18,66.11,75.50
21.62,21.62,54.31,64.62,75.38
23.35,23.35,50.60,65.33,75.49
24.45,24.45,52.30,68.18,75.42
22.59,22.59,44.94,67.50,73.60
22.96,22.96,48.56,63.20,75.34
19.23,19.23,60.02,63.66,75.52
9.54,9.54,67.82,65.29,75.23
8.03,8.03,71.13,67.15,80.64
7.70,7.70,71.27,67.35,79.67
6.18,6.18,66.58,66.97,78.83
6.17,6.17,64.01,64.45,75.51
7.09,7.09,64.04,65.98,75.75
10.86,10.86,61.17,68.09,75.85
12.46,12.46,63.66,66.02,75.16
14.76,14.76,59.60,62.93,74.69
17.76,17.76,56.91,64.31,76.59
16.65,16.65,55.60,64.20,75.62
16.18,16.18,57.10,64.53,73.90
17.45,17.45,56.61,66.55,76.22
21.78,21.78,58.65,66.73,77.96
20.25,20.25,60.89,66.12,78.54
15.81,15.81,59.79,67.26,76.11
17.47,17.47,58.24,65.64,77.15
18.81,18.81,56.32,69.73,77.53
19.04,19.04,54.28,67.83,77.27
18.96,18.96,51.19,68.82,75.59
23.56,23.56,50.03,69.59,75.28
24.96,24.96,49.89,70.29,74.89
26.21,26.21,50.50,70.59,75.99
30.06,30.06,46.56,70.03,75.53
30.81,30.81,47.72,68.28,74.82
30.91,30.91,55.25,66.98,71.92
37.77,37.77,62.17,66.02,75.75
44.67,44.67,69.46,65.95,77.17
47.78,47.78,80.10,66.39,76.37
43.45,43.45,69.45,66.14,76.26
40.93,40.93,64.78,68.43,75.60
42.50,42.50,61.85,68.63,74.51
39.85,39.85,61.93,66.23,76.26
29.07,29.07,58.78,64.84,77.56
31.75,31.75,56.94,63.69,75.96
28.35,28.35,55.33,62.48,78.13
34.61,34.61,49.58,61.85,76.05
30.11,30.11,50.55,59.59,76.64
24.59,24.59,51.39,59.78,74.14
22.12,22.12,59.83,61.78,76.39
25.92,25.92,68.23,61.87,77.69
24.83,24.83,81.38,67.48,75.36
26.37,26.37,70.15,63.99,76.17
25.08,25.08,64.02,67.42,75.01
25.25,25.25,55.45,65.18,75.43
23.97,23.97,57.04,66.61,76.27
24.13,24.13,59.02,66.94,75.04
25.87,25.87,50.81,66.15,75.80
26.84,26.84,48.42,66.45,75.64
27.79,27.79,53.38,68.50,75.55
25.64,25.64,51.97,68.01,77.74
27.52,27.52,50.06,67.18,77.27
23.07,23.07,56.13,64.22,77.88
26.20,26.20,70.18,64.90,78.64
27.27,27.27,70.34,63.57,76.74
23.31,23.31,69.68,67.42,78.04
12.76,12.76,65.06,69.76,76.41
12.93,12.93,63.24,69.71,76.84
16.66,16.66,61.87,66.90,75.81
18.14,18.14,61.14,66.91,76.95
20.28,20.28,60.90,68.14,75.64
19.43,19.43,59.11,67.27,75.48
19.02,19.02,56.84,67.42,77.04
16.97,16.97,55.40,66.37,76.61
15.18,15.18,53.90,66.62,74.64
12.60,12.60,57.40,65.37,77.60
12.06,12.06,64.39,66.32,77.33
11.90,11.90,78.35,66.69,76.80
14.27,14.27,73.40,65.42,75.73
17.01,17.01,66.37,65.68,75.94
17.84,17.84,64.81,66.01,76.48
15.93,15.93,63.36,67.57,76.07
16.45,16.45,60.83,67.44,75.59
16.57,16.57,59.43,66.71,75.91
17.93,17.93,59.31,67.66,75.52
23.30,23.30,56.47,69.49,75.43
24.18,24.18,56.97,67.80,75.52
18.22,18.22,57.10,72.27,75.37
13.10,13.10,60.34,69.92,74.96
12.02,12.02,74.00,68.53,75.46
16.85,16.85,81.35,64.72,74.30
22.90,22.90,71.39,65.47,75.50
25.23,25.23,69.71,64.46,77.69
20.51,20.51,66.24,64.04,76.38
20.57,20.57,66.31,67.14,74.99
23.05,23.05,65.91,66.94,76.52
17.79,17.79,67.34,63.88,78.53
17.78,17.78,67.17,62.16,73.71
21.21,21.21,67.30,67.51,74.70
15.85,15.85,66.97,68.53,75.84
24.36,24.36,67.51,68.16,74.33
24.37,24.37,65.92,67.74,76.07
20.67,20.67,65.29,66.15,78.08
23.22,23.22,64.90,66.30,79.72
21.43,21.43,64.39,67.35,78.14
22.27,22.27,65.18,66.70,78.99
25.21,25.21,65.39,63.84,78.96
26.59,26.59,66.06,64.53,76.74
26.20,26.20,64.75,66.51,75.93
20.80,20.80,65.01,66.67,73.77
14.44,14.44,64.25,65.31,76.55
13.34,13.34,64.18,65.52,76.68
17.93,17.93,64.06,64.67,75.92
20.77,20.77,64.26,65.27,76.36
19.93,19.93,62.54,65.12,75.76
22.17,22.17,64.32,65.41,76.45
21.16,21.16,68.17,65.41,76.43
20.28,20.28,75.44,66.82,76.42
23.17,23.17,74.63,68.17,74.61
26.13,26.13,69.81,59.57,75.10
22.54,22.54,65.79,67.94,75.33
25.09,25.09,64.95,66.95,76.57
28.81,28.81,65.46,67.75,77.72
24.40,24.40,66.87,68.50,79.98
24.29,24.29,65.83,68.60,77.74
22.58,22.58,61.91,68.35,76.70
19.78,19.78,60.67,67.97,74.87
20.69,20.69,61.23,69.51,76.08
22.74,22.74,60.20,70.05,77.56
25.85,25.85,58.95,68.94,76.55
22.14,22.14,57.34,68.72,79.16
18.12,18.12,58.14,68.39,76.89
17.35,17.35,57.97,68.51,76.32
16.39,16.39,57.77,68.29,75.90
14.92,14.92,56.85,66.79,76.55
18.52,18.52,56.15,67.73,76.10
25.00,25.00,56.38,67.48,75.87
23.34,23.34,55.30,67.98,77.44
20.35,20.35,54.51,67.39,77.09
21.18,21.18,53.00,67.81,76.86
18.41,18.41,54.70,68.32,78.93
16.07,16.07,55.35,66.39,76.74
14.18,14.18,63.70,64.51,76.67
24.78,24.78,73.44,63.01,76.52
23.58,23.58,78.29,58.69,76.93
24.19,24.19,69.77,66.59,76.09
23.68,23.68,62.45,67.15,76.32
25.90,25.90,64.57,64.70,76.02
25.10,25.10,61.79,64.01,77.38
22.88,22.88,60.90,64.43,77.36
23.42,23.42,60.33,67.32,76.17
25.42,25.42,58.57,66.86,77.27
26.47,26.47,56.40,68.25,76.01
23.95,23.95,55.13,66.59,76.16
21.96,21.96,54.97,65.92,75.56
23.03,23.03,58.76,66.56,78.41
24.40,24.40,67.70,62.48,78.71
28.75,28.75,77.77,60.09,77.52
29.88,29.88,68.95,59.97,76.54
25.06,25.06,66.82,63.76,77.96
20.01,20.01,63.75,64.32,76.98
23.51,23.51,57.02,66.19,76.39
28.87,28.87,59.89,70.10,79.22
24.62,24.62,57.39,65.16,78.90
24.88,24.88,55.26,62.81,76.99
22.95,22.95,53.02,67.27,76.79
24.57,24.57,52.66,69.07,77.84
25.84,25.84,52.63,70.26,75.22
28.88,28.88,61.95,71.55,77.52
28.36,28.36,73.14,71.23,77.05
30.21,30.21,72.36,69.98,76.53
33.18,33.18,66.10,69.50,74.91
32.76,32.76,67.48,60.74,77.77
29.37,29.37,67.12,67.04,77.99
29.55,29.55,68.52,68.55,77.45
22.00,22.00,67.32,68.02,76.50
23.32,23.32,65.30,70.92,77.64
25.40,25.40,60.85,68.87,76.39
22.91,22.91,57.76,68.52,75.59
18.84,18.84,56.22,66.07,74.86
18.37,18.37,55.79,65.08,76.33
15.13,15.13,60.19,66.25,76.41
9.63,9.63,61.92,66.45,74.48
8.81,8.81,76.28,63.88,77.16
9.61,9.61,77.63,64.25,77.74
6.95,6.95,67.84,68.36,75.79
11.11,11.11,62.45,70.76,76.78
13.32,13.32,61.06,69.67,76.12
14.71,14.71,62.64,69.89,75.42
15.04,15.04,61.11,69.61,76.78
14.51,14.51,55.88,69.01,75.46
14.63,14.63,55.74,67.59,78.19
15.21,15.21,53.59,70.44,75.89
15.20,15.20,50.88,71.01,74.98
14.91,14.91,50.01,69.07,79.38
16.47,16.47,53.11,69.39,78.27
19.36,19.36,57.59,69.25,76.74
12.23,12.23,60.25,67.47,73.93
14.42,14.42,60.52,69.33,74.80
13.65,13.65,59.14,69.50,75.02
15.49,15.49,58.71,69.92,74.44
15.74,15.74,57.73,71.02,75.11
15.58,15.58,55.18,68.73,74.62
15.59,15.59,53.37,70.72,75.98
17.05,17.05,52.69,70.70,76.06
16.33,16.33,52.29,70.31,76.93
15.49,15.49,50.67,71.59,77.00
14.62,14.62,56.24,69.58,75.70
14.61,14.61,62.35,61.38,76.99
17.26,17.26,73.03,58.24,77.77
19.03,19.03,77.00,51.62,77.29
29.43,29.43,69.11,53.11,76.58
27.39,27.39,65.32,66.85,77.68
25.06,25.06,60.38,65.85,77.31
25.95,25.95,56.44,70.45,76.67
24.83,24.83,53.26,70.22,76.49
27.66,27.66,51.37,70.73,76.77
27.72,27.72,49.54,70.92,75.33
25.70,25.70,48.42,70.27,76.85
26.34,26.34,47.49,69.35,77.40
23.33,23.33,52.95,71.30,77.31
16.46,16.46,60.73,69.74,74.92
11.33,11.33,70.10,72.22,75.52
8.96,8.96,72.61,71.74,75.68
14.94,14.94,70.50,69.97,73.99
19.43,19.43,65.07,69.45,75.77
15.95,15.95,65.62,70.78,75.37
11.42,11.42,62.91,72.43,73.68
9.17,9.17,64.51,72.46,73.53
10.93,10.93,63.07,71.22,74.74
13.27,13.27,60.84,71.53,73.79
13.44,13.44,55.48,70.36,74.52
14.55,14.55,56.27,68.17,75.06
18.35,18.35,54.04,64.95,73.03
19.71,19.71,53.27,59.81,75.29
16.97,16.97,55.81,68.68,75.09
13.39,13.39,58.50,72.39,74.80
13.49,13.49,58.61,73.29,75.54
15.43,15.43,57.76,70.40,75.21
17.20,17.20,56.54,70.08,75.06
14.19,14.19,53.28,70.80,74.74
15.52,15.52,51.52,69.49,75.25
17.42,17.42,49.38,69.08,74.19
21.63,21.63,47.59,70.99,75.14
24.70,24.70,45.15,70.29,76.38
23.26,23.26,43.17,70.07,75.24
19.90,19.90,47.26,71.56,75.06
16.31,16.31,58.06,68.45,75.60
10.43,10.43,64.99,67.04,77.63
13.09,13.09,79.59,68.16,75.95
18.93,18.93,68.40,63.99,75.14
19.14,19.14,63.46,63.17,76.68
24.54,24.54,64.26,67.22,76.92
27.71,27.71,61.80,67.32,77.11
27.50,27.50,59.15,69.55,77.40
32.13,32.13,57.05,69.47,77.36
29.53,29.53,59.71,67.23,75.81
24.52,24.52,55.68,69.09,77.57
23.64,23.64,51.12,66.54,75.99
22.79,22.79,51.15,64.05,76.28
21.67,21.67,53.87,61.39,78.57
20.14,20.14,60.35,57.33,77.34
23.80,23.80,73.59,55.96,76.75
24.95,24.95,74.40,61.53,77.18
24.48,24.48,69.68,64.97,77.23
21.01,21.01,63.02,67.89,77.99
25.42,25.42,58.71,67.24,78.13
26.30,26.30,57.84,69.92,77.35
25.70,25.70,57.21,68.51,79.33
25.84,25.84,50.61,69.39,78.61
28.44,28.44,50.53,70.58,78.02
28.51,28.51,50.09,70.51,77.21
26.57,26.57,48.63,68.59,75.23
28.09,28.09,52.00,69.61,74.44
21.54,21.54,57.64,65.83,75.21
10.35,10.35,74.25,67.01,77.25
8.14,8.14,72.71,63.74,77.01
17.48,17.48,69.11,72.04,77.30
12.06,12.06,63.32,72.51,77.10
12.18,12.18,61.87,70.87,75.25
10.46,10.46,61.86,63.96,76.15
11.37,11.37,64.14,65.90,76.66
12.73,12.73,63.61,69.64,76.80
18.24,18.24,59.89,70.78,77.41
22.08,22.08,57.14,72.39,77.89
26.61,26.61,54.94,69.39,79.04
30.17,30.17,54.74,63.22,78.80
28.02,28.02,59.87,61.05,77.38
21.80,21.80,65.54,49.32,79.63
19.77,19.77,75.73,55.73,76.86
19.85,19.85,73.65,56.51,75.02
13.82,13.82,67.08,57.38,75.62
16.49,16.49,64.16,65.56,75.31
14.32,14.32,63.86,69.46,73.95
14.86,14.86,61.55,68.28,73.63
19.20,19.20,61.64,67.39,73.76
23.09,23.09,60.40,71.64,75.12
23.39,23.39,58.93,67.75,75.72
20.06,20.06,58.39,61.42,74.27
16.98,16.98,59.12,60.74,75.09
9.88,9.88,57.78,55.14,75.70
10.33,10.33,64.54,54.31,77.85
6.43,6.43,77.90,61.43,78.80
12.28,12.28,78.15,63.83,77.44
15.09,15.09,76.53,63.64,76.39
16.75,16.75,70.13,69.92,77.95
19.71,19.71,64.54,63.89,76.76
22.78,22.78,61.35,71.13,77.56
27.15,27.15,61.52,70.93,76.35
24.31,24.31,56.18,71.67,75.86
18.47,18.47,56.23,74.93,76.11
28.81,28.81,59.74,70.57,77.50
30.51,30.51,53.57,67.79,79.47
28.27,28.27,51.83,71.12,79.98
21.34,21.34,50.69,65.45,78.96
18.02,18.02,50.55,70.35,79.23
14.93,14.93,54.12,70.54,77.23
18.31,18.31,58.72,69.22,78.40
20.32,20.32,58.34,72.45,74.78
22.88,22.88,56.85,72.48,74.85
22.40,22.40,54.41,69.51,76.96
17.60,17.60,54.45,73.50,74.72
20.89,20.89,54.43,71.79,74.70
20.64,20.64,51.83,72.67,74.54
19.71,19.71,50.47,73.24,77.00
17.49,17.49,46.66,70.38,75.89
17.60,17.60,45.15,70.56,77.75
16.86,16.86,45.96,71.11,74.58
14.85,14.85,55.32,70.65,79.38
15.59,15.59,68.83,69.07,78.13
16.02,16.02,74.44,61.35,77.76
14.12,14.12,71.07,69.98,77.51
8.76,8.76,66.31,64.37,76.45
7.43,7.43,63.45,70.75,76.52
11.60,11.60,64.25,69.30,79.47
13.12,13.12,64.09,69.41,77.49
15.39,15.39,63.01,68.39,76.50
17.87,17.87,59.11,70.69,76.06
20.47,20.47,57.27,69.17,76.24
18.62,18.62,55.49,70.13,75.11
15.69,15.69,59.91,69.11,76.13
12.00,12.00,59.05,70.05,78.08
12.64,12.64,69.27,66.54,76.83
12.72,12.72,80.68,69.76,74.49
14.16,14.16,68.13,62.54,75.22
16.72,16.72,67.44,68.48,74.04
17.79,17.79,57.62,71.35,73.79
15.00,15.00,59.15,70.48,72.46
14.68,14.68,52.54,72.25,78.02
18.48,18.48,51.81,73.23,76.49
17.98,17.98,50.97,68.76,76.88
20.63,20.63,54.41,74.17,75.43
18.25,18.25,44.78,71.32,75.97
15.30,15.30,46.16,72.58,78.36
17.58,17.58,58.96,69.53,80.32
15.94,15.94,63.25,66.83,80.18
15.49,15.49,78.27,64.74,77.95
13.23,13.23,72.02,61.31,76.52
11.49,11.49,68.02,64.25,76.71
15.54,15.54,59.95,68.03,78.15
18.71,18.71,60.48,66.06,76.28
26.27,26.27,60.39,65.38,76.65
28.20,28.20,59.22,65.02,76.69
26.96,26.96,49.63,67.36,75.80
26.07,26.07,49.27,68.40,75.71
22.43,22.43,50.82,65.91,76.75
17.37,17.37,56.01,63.96,78.36
15.33,15.33,68.74,69.07,77.98
8.34,8.34,71.23,65.07,74.98
8.83,8.83,70.05,68.80,76.60
3.75,3.75,70.20,69.61,76.56
5.45,5.45,69.10,71.50,75.22
12.75,12.75,68.01,67.04,78.48
19.79,19.79,65.94,71.93,77.47
24.64,24.64,65.50,67.95,77.05
27.27,27.27,60.76,71.12,77.67
24.65,24.65,58.06,69.71,76.34
20.79,20.79,57.76,69.48,77.52
18.16,18.16,60.43,71.07,76.56
13.40,13.40,63.00,71.60,75.38
9.50,9.50,62.68,69.30,77.41
6.17,6.17,72.64,72.94,77.45
2.25,2.25,70.79,68.52,74.17
1.56,1.56,69.48,64.83,74.77
1.10,1.10,71.27,66.60,74.28
5.56,5.56,72.40,67.55,74.53
14.48,14.48,68.40,69.47,75.64
24.24,24.24,64.36,65.20,75.66
26.71,26.71,62.13,68.93,74.95
22.69,22.69,62.39,71.34,76.02
16.91,16.91,61.71,67.79,75.71
14.42,14.42,63.40,67.56,76.38
12.06,12.06,61.17,66.01,75.80
11.76,11.76,57.54,62.85,74.25
14.03,14.03,59.28,62.53,76.06
14.87,14.87,64.92,68.56,78.09
11.17,11.17,73.54,71.18,78.02
8.61,8.61,76.78,67.62,75.41
7.15,7.15,69.58,64.17,76.38
11.81,11.81,64.45,67.02,77.71
16.38,16.38,64.52,68.77,78.85
17.25,17.25,63.29,66.88,77.00
13.71,13.71,64.89,65.17,77.63
11.45,11.45,65.07,65.50,76.90
10.52,10.52,63.94,66.63,76.60
9.53,9.53,64.50,65.96,76.80
6.97,6.97,65.17,63.49,76.00
5.87,5.87,64.72,65.83,74.17
4.26,4.26,63.61,65.13,79.22
4.52,4.52,65.33,65.09,76.58
6.85,6.85,65.11,65.91,75.73
9.58,9.58,64.57,65.24,78.65
9.08,9.08,64.86,65.31,76.07
7.60,7.60,65.30,65.33,73.73
8.13,8.13,64.90,67.13,75.48
11.25,11.25,63.71,68.70,77.54
10.65,10.65,61.84,67.80,77.95
12.55,12.55,60.11,65.83,76.58
17.14,17.14,59.55,66.01,76.96
18.47,18.47,58.36,64.31,77.41
18.26,18.26,59.37,66.44,78.01
18.06,18.06,59.05,67.89,77.49
19.42,19.42,59.51,63.85,76.03
20.33,20.33,58.92,65.84,76.14
30.43,30.43,57.79,64.64,75.99
32.16,32.16,57.28,61.71,75.57
24.86,24.86,55.87,62.01,76.76
27.51,27.51,56.63,64.43,77.26
30.88,30.88,54.66,66.07,77.05
29.93,29.93,55.40,65.37,76.70
26.98,26.98,54.43,67.71,76.28
27.16,27.16,53.79,66.76,75.86
25.72,25.72,54.62,66.68,77.52
25.62,25.62,52.79,68.54,77.07
21.92,21.92,53.38,68.69,79.04
21.41,21.41,53.84,67.07,78.64
25.07,25.07,52.51,67.34,76.76
29.66,29.66,52.88,67.59,75.71
30.94,30.94,52.53,69.42,76.93
28.95,28.95,52.55,68.96,76.57
27.59,27.59,51.70,68.80,75.35
25.11,25.11,49.91,69.58,74.55
24.66,24.66,51.15,69.46,76.38
27.72,27.72,51.02,68.33,76.02
30.92,30.92,49.48,69.10,75.76
26.91,26.91,48.47,69.51,76.08
27.41,27.41,48.43,69.22,78.10
28.98,28.98,49.45,70.28,75.47
31.88,31.88,48.34,68.89,74.68
34.47,34.47,46.88,68.80,75.05
30.03,30.03,46.36,68.27,73.16
29.99,29.99,47.48,69.67,75.63
29.27,29.27,46.30,69.74,75.25
26.50,26.50,44.74,69.48,75.42
28.43,28.43,44.87,69.45,76.01
28.17,28.17,43.76,68.29,75.87
26.62,26.62,44.00,68.23,76.66
26.89,26.89,43.24,68.02,75.51
27.08,27.08,43.08,66.95,75.54
27.93,27.93,43.60,66.24,77.79
27.88,27.88,42.99,65.58,77.77
27.14,27.14,42.31,64.73,76.72
26.73,26.73,42.66,65.57,75.87
26.95,26.95,41.88,66.57,75.34
27.04,27.04,41.88,65.92,77.66
25.03,25.03,40.22,64.76,76.99
25.82,25.82,37.83,64.49,76.43
27.55,27.55,38.53,64.74,74.18
27.24,27.24,36.89,65.28,71.62
25.75,25.75,36.86,66.14,75.41
26.82,26.82,37.48,66.90,76.08
27.92,27.92,37.50,65.20,74.93
27.24,27.24,35.31,63.19,76.64
27.25,27.25,34.75,63.22,73.47
25.92,25.92,32.56,63.96,75.66
26.77,26.77,31.48,62.40,76.87
27.04,27.04,32.07,60.38,74.85
26.18,26.18,30.40,58.90,75.51
25.02,25.02,29.91,60.56,75.40
25.31,25.31,31.09,62.82,74.12
25.64,25.64,30.89,62.13,73.50
25.31,25.31,30.90,62.39,75.91
26.18,26.18,30.32,61.80,76.45
24.99,24.99,28.70,61.78,74.52
23.53,23.53,28.33,61.23,74.96
24.76,24.76,27.93,61.52,74.12
24.52,24.52,27.71,59.48,74.75
23.52,23.52,26.25,61.57,74.70
24.96,24.96,27.30,59.91,75.83
24.54,24.54,26.14,61.95,75.39
23.13,23.13,25.63,61.77,75.20
25.33,25.33,27.11,58.29,74.68
26.33,26.33,26.96,60.26,72.71
24.96,24.96,25.05,57.11,72.39
25.14,25.14,24.60,55.41,73.04
24.19,24.19,23.54,58.23,72.72
27.62,27.62,27.14,58.07,74.63
29.59,29.59,29.84,58.98,72.52
32.20,32.20,33.46,57.28,74.85
32.86,32.86,35.27,55.74,74.27
33.71,33.71,36.32,56.36,72.99
35.30,35.30,39.33,56.17,72.55
34.96,34.96,41.30,56.60,71.94
35.85,35.85,43.72,57.12,71.21
35.84,35.84,44.10,57.79,71.86
34.81,34.81,44.20,51.49,71.51
35.95,35.95,43.62,52.39,70.72
33.53,33.53,42.07,54.38,72.02
32.77,32.77,42.13,53.15,72.40
32.16,32.16,40.49,52.94,71.74
31.51,31.51,40.96,51.70,70.44
30.02,30.02,39.58,55.27,70.42
28.92,28.92,37.06,53.75,71.48
30.83,30.83,39.43,54.05,70.61
30.23,30.23,37.94,53.59,71.19
29.20,29.20,37.30,51.75,71.61
29.10,29.10,36.66,51.12,70.75
29.16,29.16,37.21,52.93,72.43
29.38,29.38,36.91,52.52,70.71
28.97,28.97,36.30,53.05,70.96
28.79,28.79,35.47,52.09,71.32
27.52,27.52,33.68,51.86,70.63
25.70,25.70,31.69,52.88,71.76
25.61,25.61,30.28,49.07,71.67
25.24,25.24,29.84,51.92,71.44
25.15,25.15,29.32,53.36,70.28
23.83,23.83,26.26,54.01,70.52
24.71,24.71,27.04,53.24,71.07
25.87,25.87,25.23,54.78,70.97
25.96,25.96,25.11,54.30,70.94
24.97,24.97,23.86,52.73,70.12
21.96,21.96,23.42,53.47,71.02
23.30,23.30,23.18,51.98,71.50
22.58,22.58,21.99,52.34,69.47
21.81,21.81,22.86,52.10,69.73
21.87,21.87,25.16,55.93,69.73
21.93,21.93,24.90,54.39,69.48
22.63,22.63,23.34,54.70,69.56
23.71,23.71,21.81,53.46,69.00
24.77,24.77,21.88,53.37,69.61
25.44,25.44,21.56,55.94,70.21
24.89,24.89,21.65,56.00,69.45
24.60,24.60,23.37,56.63,68.78
25.70,25.70,21.22,57.02,66.11
26.25,26.25,20.54,56.68,66.37
25.54,25.54,21.89,55.99,66.60
23.85,23.85,21.13,58.09,67.01
23.22,23.22,19.92,56.50,66.68
23.13,23.13,19.75,57.44,67.72
22.46,22.46,19.87,56.44,67.56
24.12,24.12,21.76,57.82,67.34
23.85,23.85,21.95,57.55,66.44
23.22,23.22,22.69,58.21,67.01
21.51,21.51,20.43,57.46,66.86
21.44,21.44,21.48,56.85,66.84
21.71,21.71,20.99,57.19,68.13
22.12,22.12,20.55,56.88,68.39
22.65,22.65,22.50,57.72,68.24
21.23,21.23,22.20,56.82,67.40
20.93,20.93,22.64,57.88,66.43
21.63,21.63,23.55,56.95,65.82
24.37,24.37,25.38,57.36,65.56
25.54,25.54,29.73,56.02,66.03
27.66,27.66,29.59,57.10,66.20
27.94,27.94,27.65,56.21,65.55
29.21,29.21,25.06,57.67,65.42
29.91,29.91,26.16,55.45,65.89
29.72,29.72,25.32,55.16,65.75
31.81,31.81,23.33,53.72,66.75
32.86,32.86,24.52,55.10,68.98
33.76,33.76,24.87,54.98,67.87
34.32,34.32,24.16,52.91,67.56
34.52,34.52,27.03,52.30,68.10
34.44,34.44,24.62,52.55,67.09
34.67,34.67,27.59,53.88,67.95
34.39,34.39,26.82,52.99,67.99
37.00,37.00,27.86,53.68,68.32
39.48,39.48,29.21,51.59,68.26
39.08,39.08,29.22,53.90,67.26
39.26,39.26,28.04,53.11,66.58
39.48,39.48,28.87,50.94,65.73
41.42,41.42,30.13,48.90,66.40
39.75,39.75,29.00,51.27,65.22
39.16,39.16,29.52,50.11,65.31
37.43,37.43,28.75,53.49,65.70
37.93,37.93,30.12,51.60,64.99
39.91,39.91,31.92,53.29,65.66
39.77,39.77,34.12,53.78,64.45
39.93,39.93,34.69,52.76,63.23
40.36,40.36,35.32,53.01,63.38
41.19,41.19,33.90,50.77,64.54
42.47,42.47,37.94,51.64,63.08
42.26,42.26,38.14,50.55,61.55
43.65,43.65,38.65,50.79,63.02
44.67,44.67,41.24,52.83,62.51
45.68,45.68,41.49,53.50,61.90
45.77,45.77,41.10,52.48,60.47
45.64,45.64,40.85,51.68,59.59
45.94,45.94,40.24,50.69,60.21
43.48,43.48,39.93,50.82,59.94
43.90,43.90,39.84,52.42,59.71
44.09,44.09,40.91,53.08,59.34
44.15,44.15,42.20,51.62,58.63
44.13,44.13,41.07,52.29,57.41
42.06,42.06,41.90,53.38,56.90
42.43,42.43,41.86,52.91,56.67
43.35,43.35,43.87,52.52,56.15
41.76,41.76,43.23,53.98,57.16
42.41,42.41,43.16,53.34,56.32
41.13,41.13,40.59,53.85,55.22
39.42,39.42,40.34,52.75,57.97
37.79,37.79,40.27,51.77,58.31
38.61,38.61,38.05,51.59,58.88
37.74,37.74,37.18,51.37,58.31
37.83,37.83,37.44,51.11,57.26
37.72,37.72,36.26,51.04,59.23
39.70,39.70,37.87,51.80,58.74
40.19,40.19,39.17,52.64,58.12
39.41,39.41,39.01,51.29,58.54
39.09,39.09,39.42,52.22,59.28
39.03,39.03,39.64,51.95,60.54
40.21,40.21,40.01,51.51,60.07
40.41,40.41,39.53,51.83,60.22
39.39,39.39,38.28,52.47,59.86
40.69,40.69,38.64,50.83,59.54
40.50,40.50,38.81,51.33,59.82
38.71,38.71,38.53,51.27,60.33
40.31,40.31,39.76,52.33,58.55
39.12,39.12,38.62,52.52,57.94
41.23,41.23,39.82,53.55,57.08
41.89,41.89,40.82,54.83,54.88
41.75,41.75,41.07,57.44,53.71
42.43,42.43,42.26,57.62,51.35
42.41,42.41,42.65,58.85,49.75
42.94,42.94,43.02,60.21,48.42
43.69,43.69,43.51,61.59,47.80
44.48,44.48,44.88,60.54,48.11
44.13,44.13,45.54,60.89,47.78
44.10,44.10,45.28,61.55,47.10
44.08,44.08,45.37,60.75,46.20
43.53,43.53,44.63,60.88,45.63
42.79,42.79,43.82,61.39,45.06
42.70,42.70,43.76,60.77,44.50
42.96,42.96,44.27,60.89,43.67
41.71,41.71,42.23,60.97,41.92
41.42,41.42,42.68,60.02,41.20
40.23,40.23,41.13,60.62,40.76
39.58,39.58,41.63,60.19,39.21
38.97,38.97,40.43,60.11,38.04
37.35,37.35,39.76,60.26,35.74
35.70,35.70,37.83,59.68,35.94
35.32,35.32,38.41,59.38,35.37
33.91,33.91,37.29,59.52,33.98
33.86,33.86,36.42,59.94,32.59
33.18,33.18,35.11,58.72,31.59
32.21,32.21,35.87,58.67,30.20
30.70,30.70,36.64,59.59,30.14
29.29,29.29,38.11,58.79,29.53
31.49,31.49,37.20,58.31,27.73
31.87,31.87,36.88,59.52,29.28
29.81,29.81,38.00,58.67,29.73
29.73,29.73,39.41,58.26,29.37
30.58,30.58,39.71,58.51,28.72
29.75,29.75,39.96,57.58,27.73
29.22,29.22,39.24,57.39,28.59
30.86,30.86,39.83,57.86,28.95
30.99,30.99,40.56,57.14,30.13
31.91,31.91,43.45,56.80,30.59
31.89,31.89,43.22,56.78,29.81
32.71,32.71,42.61,55.68,29.91
33.48,33.48,44.39,55.53,30.51
33.02,33.02,45.69,55.86,29.97
32.98,32.98,46.26,54.76,26.93
33.05,33.05,46.13,54.32,25.44
32.62,32.62,46.66,54.94,25.97
32.42,32.42,46.26,53.82,24.63
31.36,31.36,47.01,53.24,24.84
31.61,31.61,47.02,53.03,23.75
31.33,31.33,47.51,51.13,24.50
31.39,31.39,47.65,50.37,23.80
31.96,31.96,48.35,50.79,22.23
31.80,31.80,49.33,50.18,22.06
31.86,31.86,50.24,50.20,23.65
31.37,31.37,50.42,50.86,24.74
31.04,31.04,50.04,49.95,24.30
31.52,31.52,50.02,49.91,22.54
31.31,31.31,49.84,50.51,21.68
31.44,31.44,48.74,49.11,21.78
31.10,31.10,49.07,48.74,22.42
30.83,30.83,48.81,49.48,21.66
31.07,31.07,49.25,48.23,20.05
32.19,32.19,47.99,47.16,19.80
31.33,31.33,48.75,47.62,20.21
31.76,31.76,49.23,46.46,19.70
30.94,30.94,49.18,45.77,19.03
31.51,31.51,49.16,45.89,17.89
31.89,31.89,50.76,44.86,18.68
30.87,30.87,50.30,44.22,17.65
31.36,31.36,51.97,44.57,17.68
29.89,29.89,50.06,42.98,16.11
30.29,30.29,49.24,42.49,15.51
30.39,30.39,49.59,42.07,16.05
29.25,29.25,49.93,40.94,17.15
29.99,29.99,50.49,40.66,19.61
29.70,29.70,52.03,40.66,16.49
30.29,30.29,51.16,39.38,16.17
29.12,29.12,51.43,39.15,14.95
28.55,28.55,52.21,38.20,14.80
28.32,28.32,51.73,36.65,14.87
27.50,27.50,51.35,35.36,15.46
26.65,26.65,52.35,36.17,15.02
25.81,25.81,51.90,35.26,14.41
26.11,26.11,50.96,34.38,13.40
25.84,25.84,51.30,33.94,12.44
24.60,24.60,51.30,33.69,11.76
24.65,24.65,51.56,31.68,11.25
24.38,24.38,51.95,31.48,10.46
23.82,23.82,51.22,30.75,11.08
25.26,25.26,51.77,30.75,11.49
25.35,25.35,51.97,30.25,10.39
25.12,25.12,51.30,28.20,9.87
26.11,26.11,51.19,29.09,7.52
25.51,25.51,52.01,28.21,7.67
25.22,25.22,51.40,27.88,7.11
25.78,25.78,50.84,26.23,7.14
25.71,25.71,51.40,26.20,8.87
25.83,25.83,50.78,24.47,7.72
25.49,25.49,50.53,25.41,8.07
25.69,25.69,51.70,22.88,10.91
25.18,25.18,50.73,24.29,4.85
24.76,24.76,50.94,24.38,7.66
23.82,23.82,51.28,24.51,6.07
23.38,23.38,50.63,24.96,3.58
23.32,23.32,50.62,24.82,5.26
23.97,23.97,51.05,25.67,9.23
23.16,23.16,50.46,24.09,7.10
22.93,22.93,50.47,22.49,7.45
22.29,22.29,50.24,23.78,8.74
21.54,21.54,49.63,23.63,5.85
21.97,21.97,50.02,23.63,5.14
22.10,22.10,50.78,26.08,5.17
21.39,21.39,50.14,24.71,5.37
21.20,21.20,50.11,23.93,5.13
21.25,21.25,50.75,25.12,6.13
21.44,21.44,49.82,23.30,8.57
21.13,21.13,50.23,23.30,8.87
20.08,20.08,50.37,24.51,8.66
20.09,20.09,49.93,23.23,7.22
19.71,19.71,50.48,22.36,5.92
20.10,20.10,50.05,23.02,6.20
20.66,20.66,49.79,22.38,6.90
21.09,21.09,50.34,22.36,7.19
20.84,20.84,49.97,23.67,8.37
19.84,19.84,49.76,22.47,7.47
20.43,20.43,49.98,21.06,8.05
20.19,20.19,50.33,22.04,8.57
21.86,21.86,49.43,21.72,8.76
22.80,22.80,49.67,22.49,10.18
23.66,23.66,49.27,25.82,11.77
12.80,12.80,22.48,18.59,8.52
6.37,6.37,17.29,15.71,7.39
11.03,11.03,30.46,29.04,14.90
17.47,17.47,48.04,47.95,20.23
25.31,25.31,41.91,49.51,28.49
32.85,32.85,39.15,61.71,37.17
33.74,33.74,36.60,57.41,44.31
33.55,33.55,33.79,68.02,47.58
32.53,32.53,29.39,63.29,54.89
32.48,32.48,27.11,66.50,59.50
31.26,31.26,26.71,64.79,59.62
31.54,31.54,24.75,67.29,63.05
31.61,31.61,22.75,67.34,65.83
30.50,30.50,21.40,63.16,65.36
30.34,30.34,18.20,70.28,68.20
31.24,31.24,15.17,62.22,68.97
26.49,26.49,11.45,71.28,70.05
17.53,17.53,14.19,69.25,72.12
12.75,12.75,21.83,65.95,72.60
2.56,2.56,20.92,49.54,75.93
6.66,6.66,23.34,44.98,78.73
9.68,9.68,23.62,38.69,77.75
12.17,12.17,20.90,21.86,76.48
13.17,13.17,21.99,29.14,77.01
12.55,12.55,22.57,28.27,76.73
15.11,15.11,22.40,34.23,76.04
17.85,17.85,23.70,37.87,75.67
18.43,18.43,33.29,44.63,76.14
17.30,17.30,44.58,59.89,74.43
18.78,18.78,41.76,71.84,73.90
18.66,18.66,33.28,70.79,75.21
19.55,19.55,28.89,72.38,73.80
21.96,21.96,19.81,71.12,73.48
22.81,22.81,17.22,72.17,70.23
20.47,20.47,19.06,71.14,70.47
23.56,23.56,25.28,68.10,67.44
32.73,32.73,31.23,74.31,68.52
32.20,32.20,25.26,65.71,66.60
29.51,29.51,19.07,73.16,67.54
30.76,30.76,18.60,61.44,66.98
30.77,30.77,20.49,72.53,65.35
30.90,30.90,19.54,62.79,67.44
29.72,29.72,19.90,71.24,67.07
32.31,32.31,22.07,61.95,69.07
33.23,33.23,23.84,69.42,68.48
33.01,33.01,24.20,66.14,69.87
33.44,33.44,25.40,58.51,72.77
35.54,35.54,25.86,52.63,68.54
32.22,32.22,26.50,45.31,73.85
33.27,33.27,25.30,39.72,70.58
28.27,28.27,25.03,26.49,73.90
22.86,22.86,31.11,38.31,72.29
27.77,27.77,42.34,44.08,74.37
26.14,26.14,39.65,42.88,72.39
29.70,29.70,35.81,69.53,75.17
28.53,28.53,25.69,67.85,74.74
28.63,28.63,20.34,74.35,75.20
32.86,32.86,18.36,68.91,73.87
33.43,33.43,18.76,76.86,74.41
33.96,33.96,20.21,68.12,71.37
32.82,32.82,19.48,75.40,72.79
33.36,33.36,21.10,65.95,68.46
33.53,33.53,20.09,72.37,72.37
34.34,34.34,22.18,57.70,69.12
32.91,32.91,22.64,51.56,73.50
32.00,32.00,21.95,48.56,68.96
32.29,32.29,20.73,40.05,72.21
30.83,30.83,21.81,31.96,71.19
23.93,23.93,26.95,31.20,74.11
18.14,18.14,32.24,34.15,71.14
21.19,21.19,44.24,51.56,72.69
12.24,12.24,49.64,65.17,76.30
7.84,7.84,48.15,70.16,74.41
14.46,14.46,42.10,70.77,70.59
18.86,18.86,40.82,70.44,75.25
18.46,18.46,34.77,73.57,72.64
20.21,20.21,33.08,68.67,71.51
20.48,20.48,31.00,75.38,71.01
22.52,22.52,27.83,64.67,73.36
26.12,26.12,26.23,73.97,71.91
28.52,28.52,24.92,64.32,74.04
28.70,28.70,22.99,72.50,71.36
29.15,29.15,21.18,62.57,72.42
28.63,28.63,20.24,70.84,72.11
25.64,25.64,16.28,63.95,74.44
26.89,26.89,16.59,67.87,72.43
22.48,22.48,18.16,61.21,72.08
16.67,16.67,16.72,65.01,73.65
17.02,17.02,26.47,65.78,73.93
7.46,7.46,21.30,65.96,75.22
8.79,8.79,18.41,69.31,78.74
8.48,8.48,10.34,63.94,76.63
14.10,14.10,11.97,50.59,75.95
19.53,19.53,19.52,44.21,76.91
22.72,22.72,29.09,42.63,75.24
21.35,21.35,34.51,43.64,76.14
17.08,17.08,35.98,43.30,75.09
21.91,21.91,43.86,71.03,78.54
29.04,29.04,40.10,68.68,73.12
31.81,31.81,35.37,76.54,78.21
32.20,32.20,31.29,68.31,74.07
32.70,32.70,26.51,75.23,69.82
26.69,26.69,18.76,69.54,77.24
31.97,31.97,21.21,75.01,72.67
32.67,32.67,27.12,65.48,72.69
29.65,29.65,28.96,73.70,69.26
21.21,21.21,33.80,67.09,73.23
20.40,20.40,22.94,69.82,73.02
21.59,21.59,19.71,67.37,73.63
26.82,26.82,22.73,67.81,69.79
33.97,33.97,26.97,68.30,71.27
35.12,35.12,21.84,67.00,72.31
20.96,20.96,15.67,69.19,70.71
13.87,13.87,16.80,63.22,76.02
15.01,15.01,23.63,68.01,79.42
10.69,10.69,10.37,64.51,76.71
10.08,10.08,9.98,68.32,76.01
13.98,13.98,13.24,59.05,76.17
18.55,18.55,16.04,47.14,76.78
20.31,20.31,30.74,42.47,76.08
23.32,23.32,28.99,46.34,75.62
22.20,22.20,34.65,47.27,74.35
25.81,25.81,37.41,52.86,75.96
14.95,14.95,37.83,72.49,72.01
9.28,9.28,34.26,68.86,79.82
9.99,9.99,28.22,76.02,72.20
14.85,14.85,20.36,69.76,76.87
17.84,17.84,19.48,75.05,74.81
19.36,19.36,19.38,68.38,74.17
18.61,18.61,21.83,70.95,73.53
20.99,20.99,29.60,64.43,73.20
20.04,20.04,40.91,72.55,78.22
10.16,10.16,29.45,49.00,80.02
11.95,11.95,27.38,45.17,76.11
18.70,18.70,27.79,43.68,77.37
23.60,23.60,28.31,38.09,75.88
25.63,25.63,31.96,35.74,76.76
25.22,25.22,33.61,33.74,75.24
28.51,28.51,38.39,45.31,76.07
28.40,28.40,36.89,56.05,76.09
28.51,28.51,39.41,70.52,76.73
31.50,31.50,33.48,63.11,75.90
32.30,32.30,30.46,76.28,74.68
32.28,32.28,26.33,67.73,73.56
32.91,32.91,22.84,75.82,70.26
36.96,36.96,22.06,68.78,74.22
38.88,38.88,20.38,73.99,71.51
37.44,37.44,19.43,69.21,72.52
36.26,36.26,21.12,70.75,69.75
38.30,38.30,22.25,70.57,70.81
36.61,36.61,21.71,68.20,70.83
38.05,38.05,22.33,64.76,70.96
37.70,37.70,21.55,63.81,71.04
33.74,33.74,20.50,69.86,70.71
25.64,25.64,18.20,68.89,70.69
20.24,20.24,27.48,67.56,70.22
16.20,16.20,34.50,52.27,78.05
15.10,15.10,34.66,48.32,73.82
18.30,18.30,35.54,43.29,75.99
14.72,14.72,30.00,23.71,73.03
14.31,14.31,28.85,39.39,74.42
16.19,16.19,29.28,21.19,73.66
17.17,17.17,31.72,27.60,75.32
21.28,21.28,26.88,34.14,74.77
20.93,20.93,29.14,38.66,75.35
22.92,22.92,35.58,56.43,74.97
22.28,22.28,32.58,71.49,75.01
23.87,23.87,25.99,69.76,75.85
24.74,24.74,21.62,75.34,75.54
24.67,24.67,18.93,69.88,76.72
22.01,22.01,18.87,73.02,72.04
26.20,26.20,23.82,70.64,72.77
28.68,28.68,28.05,70.75,73.19
33.29,33.29,32.65,71.39,72.41
33.45,33.45,28.58,67.96,72.22
33.27,33.27,25.01,71.88,72.41
32.55,32.55,23.04,63.48,71.36
34.51,34.51,23.32,72.31,70.19
35.55,35.55,26.14,61.20,71.69
35.73,35.73,25.98,72.08,70.45
37.03,37.03,28.21,59.91,70.28
36.31,36.31,30.53,71.66,73.07
35.80,35.80,32.30,65.46,71.38
35.89,35.89,34.34,58.12,72.68
37.81,37.81,33.96,49.76,72.92
36.26,36.26,35.87,43.14,70.46
35.35,35.35,36.01,35.23,72.67
33.25,33.25,39.29,27.09,70.19
27.99,27.99,32.49,20.74,70.62
33.29,33.29,40.03,37.53,71.48
29.21,29.21,38.31,44.80,71.81
26.76,26.76,37.89,60.85,72.10
27.38,27.38,31.59,70.77,73.05
29.09,29.09,25.07,72.42,71.58
31.29,31.29,21.83,71.54,75.38
33.14,33.14,20.33,73.38,71.50
32.29,32.29,20.48,69.81,75.54
35.71,35.71,21.94,75.69,70.69
35.48,35.48,21.95,64.01,73.88
34.11,34.11,23.05,74.19,70.96
33.91,33.91,23.61,63.97,70.91
35.98,35.98,26.13,47.24,68.75
36.36,36.36,27.17,47.71,70.39
37.75,37.75,27.43,43.73,66.29
36.21,36.21,27.71,23.57,69.67
31.68,31.68,38.63,28.07,67.88
24.01,24.01,31.71,34.83,68.14
25.63,25.63,41.03,48.17,70.62
12.02,12.02,44.97,65.10,74.51
9.73,9.73,42.90,72.19,73.54
15.34,15.34,38.58,69.70,71.50
17.57,17.57,37.25,72.95,72.76
18.21,18.21,34.98,71.06,71.69
18.42,18.42,33.72,72.51,71.32
21.31,21.31,34.46,70.95,71.57
25.20,25.20,30.63,68.22,73.28
25.99,25.99,28.50,73.31,72.33
28.32,28.32,26.38,65.91,72.87
31.79,31.79,26.36,72.85,72.53
30.88,30.88,25.89,62.36,71.85
29.24,29.24,21.81,72.41,71.48
26.40,26.40,20.23,61.90,70.85
23.84,23.84,19.41,70.27,69.23
21.64,21.64,20.10,61.78,67.78
16.36,16.36,18.14,68.19,66.88
17.74,17.74,25.88,65.17,69.05
12.63,12.63,23.57,67.38,70.10
9.83,9.83,20.36,65.71,71.49
8.94,8.94,16.21,66.89,74.13
16.45,16.45,18.08,50.48,75.00
20.32,20.32,23.05,39.15,70.59
23.21,23.21,26.24,25.86,74.92
22.28,22.28,30.88,36.92,72.89
23.03,23.03,37.04,46.32,75.22
24.28,24.28,44.62,69.53,71.97
28.77,28.77,41.12,66.95,74.81
34.91,34.91,36.92,74.54,68.22
34.26,34.26,30.64,69.12,73.41
36.56,36.56,27.88,76.81,70.70
32.30,32.30,23.29,65.59,71.48
32.11,32.11,20.38,75.66,72.02
34.31,34.31,27.83,68.06,71.53
29.86,29.86,29.90,73.62,68.28
20.55,20.55,29.05,63.80,73.86
22.99,22.99,20.73,72.69,73.39
23.15,23.15,14.49,65.59,74.35
27.00,27.00,17.27,68.00,69.93
36.22,36.22,24.21,64.18,73.49
36.28,36.28,18.71,65.22,72.27
21.57,21.57,14.23,66.21,70.39
15.92,15.92,18.44,66.57,72.70
13.60,13.60,22.23,70.26,79.37
10.75,10.75,9.63,65.00,76.07
13.75,13.75,10.58,69.61,75.74
17.93,17.93,14.86,60.46,75.82
22.12,22.12,14.72,47.61,72.06
25.02,25.02,21.76,43.35,74.38
29.88,29.88,35.96,31.61,69.71
29.02,29.02,35.59,42.28,67.41
30.08,30.08,37.25,48.08,68.52
17.72,17.72,42.29,70.22,68.61
12.16,12.16,32.95,68.04,71.66
14.09,14.09,28.40,76.94,71.38
19.79,19.79,20.11,69.17,72.24
23.43,23.43,17.61,75.34,69.53
24.18,24.18,17.48,66.83,69.49
21.16,21.16,17.17,73.58,69.65
14.37,14.37,18.67,65.80,68.17
16.38,16.38,29.42,70.75,77.52
9.35,9.35,24.08,52.54,76.74
11.23,11.23,23.00,52.14,73.99
14.39,14.39,33.87,50.28,75.29
17.76,17.76,37.87,36.10,77.94
18.61,18.61,30.59,30.95,75.42
20.16,20.16,39.26,32.93,77.02
25.15,25.15,33.56,43.23,79.28
24.26,24.26,25.96,49.11,77.41
23.70,23.70,24.29,69.16,79.44
27.36,27.36,26.91,78.61,76.04
28.91,28.91,24.56,76.81,74.67
28.08,28.08,22.06,75.64,74.93
32.00,32.00,22.83,75.38,67.91
35.32,35.32,22.65,75.20,69.88
35.26,35.26,20.21,75.48,70.51
34.67,34.67,20.42,74.08,66.80
35.44,35.44,18.20,72.22,70.88
35.50,35.50,19.31,72.43,72.04
34.85,34.85,18.29,73.17,72.33
34.58,34.58,18.67,74.53,76.48
32.29,32.29,16.62,72.50,71.08
29.13,29.13,14.61,71.76,73.87
23.92,23.92,11.63,69.88,74.45
21.89,21.89,18.61,70.14,74.86
17.24,17.24,27.16,70.49,73.93
17.92,17.92,28.71,65.64,75.86
19.29,19.29,24.75,52.36,76.66
24.49,24.49,25.27,45.99,75.11
29.04,29.04,29.91,38.49,73.69
32.56,32.56,37.23,34.75,76.10
35.66,35.66,36.58,24.65,75.55
36.57,36.57,34.97,38.04,74.71
37.62,37.62,32.23,49.81,75.67
34.23,34.23,27.07,55.49,74.62
29.09,29.09,25.39,72.70,76.33
34.32,34.32,28.25,77.85,78.21
39.34,39.34,32.22,77.10,76.13
40.92,40.92,33.80,77.48,75.95
40.00,40.00,33.21,76.88,77.14
33.27,33.27,27.10,75.16,74.26
19.03,19.03,21.96,74.08,74.70
6.84,6.84,20.85,72.07,73.59
13.03,13.03,17.70,72.00,75.28
12.64,12.64,14.33,72.90,75.39
9.26,9.26,14.82,72.69,75.66
9.53,9.53,16.41,72.25,74.76
12.03,12.03,15.62,72.08,74.86
11.62,11.62,17.49,72.00,74.55
14.62,14.62,18.01,71.62,74.31
13.87,13.87,14.13,69.00,73.51
12.27,12.27,13.18,68.53,74.12
12.88,12.88,14.61,65.26,74.79
12.36,12.36,15.52,54.24,75.39
12.81,12.81,17.05,43.73,75.01
15.54,15.54,21.31,36.44,73.53
16.50,16.50,22.66,36.46,75.14
16.15,16.15,26.36,32.91,76.62
14.90,14.90,22.79,35.63,75.87
12.17,12.17,20.07,42.40,75.22
14.44,14.44,15.14,58.62,76.81
10.96,10.96,14.28,74.82,76.50
12.55,12.55,16.79,78.67,75.45
19.12,19.12,21.27,76.06,76.04
17.97,17.97,21.42,75.07,76.16
16.27,16.27,20.92,73.89,75.29
21.99,21.99,21.27,74.55,76.30
23.10,23.10,20.43,75.72,75.34
21.89,21.89,20.14,73.37,77.10
21.25,21.25,21.42,72.96,76.21
23.01,23.01,17.72,72.47,76.51
21.81,21.81,19.50,71.15,76.64
18.08,18.08,18.89,72.27,76.17
21.07,21.07,20.64,64.40,75.55
21.18,21.18,20.15,49.96,76.21
13.87,13.87,18.42,34.95,76.58
13.98,13.98,22.05,44.25,76.13
6.82,6.82,17.52,59.26,76.24
3.50,3.50,15.28,73.71,77.47
9.85,9.85,17.97,77.58,76.44
11.23,11.23,18.20,76.06,77.38
11.16,11.16,21.75,75.21,75.23
11.82,11.82,22.47,76.61,76.89
15.29,15.29,24.08,76.56,75.97
17.06,17.06,21.37,73.79,76.76
15.79,15.79,19.35,73.52,75.39
14.70,14.70,17.15,72.95,74.62
20.07,20.07,18.35,72.90,72.88
23.74,23.74,20.10,74.31,73.74
23.04,23.04,23.03,71.93,73.32
23.41,23.41,24.30,71.47,73.38
22.63,22.63,23.28,70.80,73.40
25.10,25.10,24.48,70.73,73.02
25.93,25.93,25.74,71.07,71.79
23.82,23.82,24.92,69.11,73.95
20.03,20.03,22.67,68.06,74.02
19.20,19.20,20.76,68.22,73.34
21.14,21.14,21.26,69.42,75.02
22.27,22.27,24.08,69.15,77.52
22.37,22.37,22.81,67.51,75.86
23.67,23.67,22.41,58.40,76.41
27.39,27.39,20.67,47.91,76.16
26.54,26.54,20.03,44.62,77.36
29.33,29.33,22.47,61.27,75.58
34.79,34.79,24.18,76.99,77.43
34.47,34.47,20.78,77.86,77.22
33.56,33.56,19.52,77.52,74.92
35.09,35.09,18.99,77.02,75.35
29.75,29.75,19.64,75.19,78.46
27.06,27.06,19.09,74.75,73.15
17.67,17.67,19.38,73.85,74.60
13.22,13.22,21.77,74.22,77.52
10.71,10.71,22.80,74.57,79.06
12.97,12.97,23.01,72.13,78.06
12.62,12.62,20.28,72.07,76.85
12.05,12.05,21.36,71.87,77.29
12.77,12.77,22.72,73.18,77.66
14.47,14.47,23.68,70.99,75.65
16.23,16.23,26.06,68.90,77.66
16.08,16.08,25.98,69.52,77.71
19.40,19.40,27.14,69.30,77.93
21.88,21.88,26.75,71.00,77.07
22.38,22.38,25.56,68.80,77.66
26.28,26.28,25.75,57.01,78.07
26.53,26.53,24.09,48.50,78.23
26.86,26.86,26.35,33.42,77.55
29.37,29.37,25.59,41.22,77.78
20.57,20.57,23.47,43.09,76.92
13.42,13.42,21.18,52.75,76.86
7.56,7.56,23.61,68.89,80.94
6.96,6.96,19.72,78.96,77.10
14.91,14.91,19.98,78.17,76.95
13.85,13.85,20.79,75.31,77.65
11.65,11.65,24.15,75.31,76.87
13.85,13.85,26.60,75.27,78.26
13.56,13.56,27.12,75.90,78.86
15.00,15.00,25.26,74.02,78.33
16.71,16.71,23.23,71.95,77.70
19.41,19.41,24.22,72.57,78.05
19.63,19.63,24.68,66.06,77.67
23.89,23.89,26.31,56.78,77.33
23.49,23.49,27.79,42.98,76.08
24.36,24.36,29.00,47.80,76.52
22.54,22.54,28.86,47.95,77.68
20.99,20.99,27.29,43.46,76.86
21.98,21.98,27.02,49.12,74.02
22.12,22.12,27.05,68.52,73.99
24.70,24.70,27.11,77.41,75.22
23.60,23.60,25.82,77.22,74.99
24.99,24.99,26.58,76.28,74.61
26.68,26.68,26.89,76.03,75.04
26.11,26.11,27.66,76.51,73.68
25.76,25.76,25.85,74.32,75.56
26.55,26.55,26.52,73.46,74.86
28.28,28.28,26.45,72.78,74.61
29.77,29.77,26.87,73.43,74.45
35.55,35.55,27.85,74.79,75.24
31.91,31.91,28.23,72.60,75.16
30.39,30.39,27.57,72.00,74.30
30.87,30.87,28.04,70.89,73.75
30.69,30.69,26.62,70.92,74.58
32.33,32.33,26.33,71.94,75.86
32.37,32.37,27.87,69.56,74.55
32.53,32.53,28.91,65.29,75.51
31.34,31.34,28.78,56.21,74.02
30.37,30.37,30.78,43.67,75.57
30.54,30.54,29.81,38.11,75.97
30.02,30.02,29.48,34.12,74.73
28.72,28.72,30.94,27.60,74.83
29.68,29.68,30.48,30.00,71.07
28.13,28.13,26.39,38.43,72.77
29.54,29.54,27.17,59.44,71.37
26.04,26.04,26.61,71.81,70.74
27.94,27.94,27.30,77.95,70.77
25.87,25.87,27.16,79.23,72.13
25.68,25.68,27.95,76.71,72.42
26.97,26.97,28.57,75.64,73.46
28.96,28.96,29.23,74.88,72.78
29.74,29.74,29.38,74.09,73.88
28.49,28.49,29.53,74.01,73.63
29.06,29.06,30.29,73.96,72.03
31.55,31.55,30.71,72.36,71.50
31.54,31.54,29.63,72.79,75.15
31.45,31.45,30.40,72.45,74.30
28.29,28.29,28.36,73.18,74.47
25.42,25.42,26.97,72.27,75.19
25.72,25.72,27.78,70.45,77.88
25.86,25.86,26.81,69.23,76.27
26.61,26.61,27.24,69.16,77.15
28.84,28.84,27.54,66.84,77.66
28.33,28.33,28.65,57.76,75.17
29.55,29.55,28.26,43.27,76.11
29.59,29.59,28.10,36.67,76.46
29.46,29.46,29.66,38.37,75.30
27.95,27.95,29.15,38.99,76.19
29.20,29.20,31.24,36.49,75.46
27.56,27.56,29.51,42.75,76.02
25.31,25.31,27.47,58.04,74.88
26.83,26.83,27.05,74.12,76.27
25.58,25.58,24.84,78.27,77.30
27.64,27.64,23.88,76.23,75.35
33.16,33.16,26.51,75.51,75.27
31.71,31.71,24.97,76.08,78.40
30.01,30.01,25.63,76.01,77.07
32.54,32.54,26.29,73.31,77.86
33.09,33.09,25.47,73.13,76.00
28.16,28.16,22.76,72.06,77.43
28.39,28.39,22.23,72.62,74.21
29.74,29.74,23.42,74.34,73.82
31.04,31.04,24.40,71.99,77.02
31.50,31.50,23.78,64.27,75.27
30.77,30.77,24.75,54.95,73.42
31.36,31.36,26.91,46.78,75.09
30.81,30.81,26.51,48.53,73.38
32.87,32.87,26.54,57.29,71.24
32.33,32.33,24.49,71.67,75.26
31.48,31.48,22.69,76.86,72.97
33.53,33.53,22.58,76.51,72.78
30.41,30.41,22.95,76.98,74.61
31.34,31.34,25.88,76.79,76.03
35.38,35.38,29.76,74.29,74.36
34.07,34.07,29.42,73.23,73.49
32.93,32.93,29.29,73.27,73.67
33.08,33.08,27.26,73.37,72.68
33.10,33.10,25.96,74.15,71.84
32.44,32.44,26.21,73.01,70.30
31.53,31.53,25.92,72.23,70.68
31.87,31.87,25.80,72.04,70.71
27.81,27.81,23.60,72.80,71.74
28.70,28.70,25.49,71.43,72.32
32.99,32.99,29.04,69.39,72.21
13.30,13.30,18.54,68.92,71.33
11.52,11.52,18.36,69.43,78.74
8.63,8.63,14.23,69.68,75.23
16.73,16.73,24.37,69.60,75.28
17.04,17.04,23.00,68.13,74.09
18.76,18.76,21.58,65.43,73.44
17.96,17.96,20.06,60.94,73.77
17.18,17.18,23.20,48.15,76.05
9.83,9.83,22.34,53.54,73.66
7.60,7.60,28.61,59.38,72.05
6.92,6.92,23.58,75.32,75.22
12.01,12.01,20.11,79.56,74.62
14.12,14.12,18.00,76.72,72.41
17.31,17.31,21.55,75.58,74.19
21.02,21.02,21.25,75.27,74.23
22.32,22.32,18.28,74.78,72.92
32.57,32.57,27.32,75.18,75.69
23.46,23.46,20.47,72.88,73.22
11.20,11.20,19.60,72.29,73.51
8.07,8.07,16.34,72.32,73.99
9.98,9.98,12.05,73.38,71.21
15.96,15.96,12.99,72.90,75.47
17.63,17.63,15.84,71.33,72.07
16.97,16.97,16.70,70.43,72.92
13.53,13.53,13.08,69.62,71.74
9.58,9.58,16.49,69.45,72.62
19.26,19.26,25.83,69.91,75.44
10.22,10.22,18.96,68.11,74.59
5.71,5.71,16.14,67.77,73.05
6.63,6.63,21.41,60.02,73.37
13.40,13.40,33.10,51.82,74.97
13.94,13.94,35.44,29.79,78.48
15.54,15.54,35.10,40.41,75.59
14.97,14.97,30.41,44.99,73.54
12.01,12.01,26.00,50.34,75.54
11.22,11.22,22.54,68.13,77.12
10.07,10.07,22.79,74.69,76.91
10.35,10.35,24.74,76.48,74.33
12.59,12.59,26.77,75.82,74.57
15.06,15.06,31.03,76.19,74.85
17.53,17.53,32.08,76.14,74.80
14.47,14.47,36.29,73.15,76.79
9.95,9.95,40.02,73.22,76.61
6.18,6.18,48.62,72.62,76.09
6.91,6.91,48.27,71.89,77.03
6.16,6.16,34.77,68.72,77.78
8.26,8.26,28.39,58.24,75.49
11.52,11.52,28.13,43.89,76.79
13.18,13.18,28.47,47.01,78.80
13.73,13.73,32.45,49.69,77.46
13.66,13.66,34.23,35.32,77.55
15.51,15.51,36.78,54.58,78.04
17.15,17.15,35.19,67.26,75.22
17.71,17.71,32.84,71.61,72.73
20.34,20.34,32.11,75.52,73.63
22.58,22.58,31.80,76.37,69.34
25.54,25.54,30.24,75.17,70.32
25.20,25.20,30.23,74.60,69.94
27.59,27.59,30.80,72.32,72.95
29.26,29.26,30.29,75.62,69.85
29.07,29.07,27.93,70.06,71.19
29.38,29.38,27.89,73.90,70.63
30.65,30.65,28.12,72.71,72.00
27.70,27.70,23.68,74.54,69.34
27.71,27.71,22.40,72.43,72.16
27.98,27.98,24.84,70.60,74.32
22.82,22.82,21.94,73.89,75.39
15.96,15.96,18.51,67.70,71.25
13.00,13.00,18.40,70.15,75.01
12.85,12.85,16.43,67.77,77.76
14.41,14.41,16.05,71.05,77.92
15.60,15.60,16.85,66.30,78.54
16.42,16.42,18.77,47.59,78.78
16.17,16.17,19.53,45.79,77.54
15.97,15.97,22.65,37.63,76.64
19.09,19.09,26.39,34.84,79.10
19.19,19.19,23.95,43.30,77.16
21.28,21.28,25.75,50.52,74.89
17.69,17.69,28.56,69.52,77.80
18.92,18.92,27.64,75.38,77.05
21.02,21.02,26.51,75.69,75.77
22.52,22.52,26.87,74.15,76.90
23.39,23.39,26.56,77.05,78.22
22.82,22.82,24.95,72.21,76.00
24.30,24.30,27.61,74.09,73.80
29.54,29.54,32.41,71.45,75.32
34.14,34.14,30.56,74.51,72.80
29.04,29.04,25.41,72.52,71.13
28.09,28.09,22.93,71.90,73.18
29.65,29.65,21.52,73.12,72.81
30.91,30.91,21.75,70.00,68.79
33.80,33.80,21.73,72.22,71.58
33.21,33.21,21.74,69.24,67.67
34.07,34.07,21.42,71.54,70.93
35.17,35.17,21.95,69.97,69.33
34.26,34.26,22.57,68.40,67.41
31.66,31.66,21.54,71.35,69.80
30.50,30.50,20.56,67.94,69.33
24.09,24.09,17.58,63.23,69.29
22.26,22.26,21.73,40.44,70.01
17.41,17.41,23.62,33.92,73.07
13.30,13.30,25.72,37.36,76.04
19.39,19.39,31.42,45.89,74.39
21.89,21.89,28.16,49.68,75.52
21.57,21.57,22.96,70.52,76.66
18.86,18.86,17.75,76.93,77.32
19.19,19.19,17.87,75.35,78.36
20.47,20.47,18.25,76.23,77.38
22.19,22.19,18.82,74.00,78.56
21.80,21.80,16.34,76.77,76.09
23.19,23.19,15.96,71.42,76.58
24.22,24.22,14.05,73.66,76.10
22.87,22.87,12.65,72.66,75.32
21.66,21.66,12.26,72.84,74.87
24.97,24.97,12.65,73.27,72.14
25.56,25.56,12.17,71.12,72.35
25.82,25.82,10.89,73.90,72.88
22.89,22.89,13.20,69.51,72.10
19.26,19.26,16.65,65.10,69.93
21.12,21.12,24.13,49.75,72.16
17.56,17.56,31.42,64.20,73.57
12.57,12.57,31.22,67.56,76.55
12.02,12.02,33.26,76.71,71.84
11.79,11.79,33.24,72.49,73.01
12.60,12.60,33.60,75.44,73.53
10.69,10.69,33.55,74.55,70.46
10.67,10.67,32.60,76.29,73.52
11.44,11.44,31.27,73.61,70.92
12.11,12.11,28.42,72.55,68.95
12.44,12.44,27.69,74.72,70.36
16.42,16.42,25.80,70.88,72.62
19.56,19.56,25.07,72.99,73.44
19.60,19.60,23.20,71.61,72.18
21.31,21.31,20.86,73.43,72.25
18.33,18.33,19.11,71.80,69.50
19.23,19.23,19.07,69.04,68.42
18.34,18.34,18.74,71.83,72.15
18.41,18.41,18.81,67.60,72.68
21.29,21.29,18.07,70.22,73.19
25.01,25.01,18.65,67.91,70.71
28.54,28.54,19.63,61.30,76.93
29.80,29.80,19.71,41.93,75.44
27.71,27.71,23.03,41.97,72.68
28.07,28.07,22.56,33.35,75.62
26.73,26.73,29.71,41.71,74.24
26.32,26.32,27.56,43.22,73.69
26.80,26.80,32.21,62.42,72.02
26.65,26.65,29.03,69.55,74.92
27.00,27.00,27.60,75.85,72.64
28.56,28.56,25.01,78.69,71.66
30.26,30.26,24.55,75.07,75.66
32.00,32.00,20.42,73.99,73.11
30.42,30.42,24.18,73.39,73.81
31.02,31.02,22.41,73.14,73.62
32.14,32.14,21.06,73.49,71.70
33.21,33.21,21.63,71.15,69.65
33.15,33.15,23.32,75.45,68.93
34.25,34.25,22.95,72.43,72.55
34.67,34.67,21.47,71.07,71.72
34.50,34.50,21.65,72.95,70.95
34.26,34.26,20.97,69.01,72.35
35.73,35.73,22.08,71.34,71.54
35.36,35.36,21.86,68.57,74.08
35.18,35.18,23.50,71.76,71.05
32.90,32.90,20.95,69.44,69.90
34.15,34.15,23.55,69.05,72.66
33.87,33.87,25.94,67.31,71.11
32.27,32.27,22.61,56.62,73.21
33.61,33.61,22.84,40.21,70.88
32.14,32.14,24.81,36.64,73.23
31.14,31.14,26.21,36.71,70.72
32.21,32.21,27.90,45.33,71.96
33.66,33.66,27.87,68.10,72.53
32.27,32.27,25.88,71.99,71.49
32.53,32.53,26.67,76.04,72.31
32.65,32.65,24.91,76.26,66.85
31.95,31.95,27.23,74.55,69.21
34.39,34.39,29.10,74.30,70.44
32.85,32.85,26.35,72.26,68.48
33.44,33.44,23.04,76.28,68.91
33.08,33.08,19.33,70.04,70.71
32.94,32.94,18.73,73.21,67.58
32.70,32.70,19.57,73.14,67.88
32.03,32.03,20.10,72.61,70.49
29.89,29.89,25.42,73.42,69.47
29.06,29.06,34.17,72.12,71.74
34.90,34.90,47.61,69.81,72.45
29.10,29.10,30.39,57.43,72.91
30.77,30.77,25.88,49.21,69.81
29.80,29.80,26.74,64.15,70.33
30.43,30.43,30.54,70.64,74.88
37.42,37.42,51.16,75.71,72.84
31.02,31.02,36.79,79.23,73.42
30.11,30.11,29.92,72.73,71.34
31.23,31.23,23.93,76.36,72.25
32.73,32.73,24.83,72.16,71.66
32.36,32.36,22.72,75.09,72.11
30.78,30.78,22.49,72.28,70.36
33.03,33.03,26.10,71.62,72.92
33.92,33.92,22.94,74.65,70.30
33.18,33.18,22.48,70.32,71.42
32.56,32.56,25.17,73.72,72.21
33.07,33.07,18.13,70.60,68.56
27.45,27.45,11.37,72.67,70.17
24.25,24.25,12.65,70.46,71.22
21.72,21.72,19.99,68.91,71.92
14.08,14.08,12.59,69.96,76.57
15.17,15.17,14.97,68.23,76.73
16.61,16.61,15.62,69.22,76.34
15.49,15.49,16.07,53.26,76.16
13.14,13.14,16.78,30.78,74.59
12.79,12.79,20.09,34.76,74.65
16.35,16.35,25.16,37.85,74.44
17.71,17.71,24.08,41.00,75.19
17.40,17.40,32.72,47.96,74.31
15.24,15.24,32.09,68.87,74.21
15.18,15.18,29.26,72.94,74.87
16.79,16.79,26.19,77.46,74.14
17.42,17.42,26.73,74.94,75.53
17.84,17.84,25.42,78.64,75.24
16.73,16.73,20.83,73.65,72.63
19.60,19.60,22.48,73.42,74.78
27.40,27.40,30.36,73.68,73.33
35.37,35.37,30.94,72.65,70.08
31.96,31.96,27.28,73.76,71.60
30.61,30.61,23.49,71.14,71.64
31.23,31.23,21.85,74.66,67.96
33.42,33.42,22.21,70.35,71.68
34.49,34.49,23.71,71.35,71.33
34.33,34.33,22.08,71.21,70.69
35.58,35.58,25.17,70.01,68.69
34.53,34.53,22.84,70.10,67.82
35.70,35.70,27.42,67.62,72.32
33.13,33.13,27.17,71.61,70.17
34.33,34.33,30.18,67.98,71.84
31.93,31.93,27.52,64.29,73.52
30.83,30.83,26.60,48.14,69.84
26.85,26.85,30.33,36.79,74.41
21.30,21.30,36.61,39.52,72.10
31.29,31.29,50.11,50.68,70.48
27.01,27.01,43.64,56.53,71.33
25.20,25.20,36.41,69.63,70.05
22.79,22.79,31.61,78.10,70.19
33.17,33.17,50.96,73.45,67.35
30.36,30.36,28.98,76.14,73.46
29.61,29.61,21.61,75.20,73.40
30.81,30.81,23.71,75.63,69.83
31.15,31.15,28.22,73.88,72.31
39.62,39.62,50.31,71.24,74.37
29.35,29.35,38.67,74.48,73.51
28.92,28.92,24.24,69.89,69.95
32.29,32.29,18.92,73.69,69.70
33.28,33.28,17.48,71.37,71.10
33.30,33.30,16.80,72.58,70.06
32.19,32.19,19.12,71.13,69.20
25.96,25.96,27.98,66.34,69.05
19.77,19.77,42.40,49.87,69.77
12.78,12.78,52.56,54.07,72.02
6.73,6.73,47.01,70.34,75.51
12.06,12.06,35.76,73.87,77.17
16.27,16.27,33.64,75.24,72.68
19.36,19.36,36.16,73.58,75.35
17.63,17.63,32.26,77.56,71.60
16.87,16.87,28.69,72.59,72.05
16.19,16.19,29.02,72.82,72.68
19.28,19.28,30.83,71.77,72.96
21.82,21.82,29.17,75.18,72.04
21.80,21.80,26.59,72.36,72.62
24.32,24.32,26.07,71.08,71.36
25.22,25.22,23.65,73.68,72.32
26.50,26.50,18.72,69.89,73.78
26.50,26.50,18.95,72.30,70.39
27.19,27.19,17.23,69.13,70.36
29.53,29.53,18.11,71.69,71.06
30.05,30.05,17.18,68.53,70.25
30.50,30.50,15.63,68.30,68.48
33.94,33.94,18.96,71.35,72.49
33.28,33.28,16.96,62.20,66.54
33.89,33.89,17.88,48.37,69.66
36.02,36.02,20.02,32.74,69.59
34.80,34.80,31.37,39.09,65.65
34.51,34.51,28.75,40.33,68.46
32.77,32.77,24.93,43.27,66.06
33.29,33.29,25.01,58.11,65.37
32.93,32.93,23.19,69.22,72.55
34.75,34.75,24.50,76.45,68.71
33.22,33.22,24.06,76.04,68.91
32.92,32.92,25.95,75.45,71.35
34.60,34.60,23.63,73.51,68.30
34.43,34.43,23.96,76.53,64.43
34.15,34.15,22.69,70.50,66.39
35.63,35.63,22.95,72.89,63.79
34.89,34.89,23.70,72.77,62.60
33.35,33.35,19.53,73.24,66.09
36.44,36.44,23.28,72.94,66.50
33.86,33.86,21.83,70.62,66.25
34.42,34.42,20.18,73.97,64.81
33.60,33.60,26.49,69.35,63.57
40.53,40.53,39.20,71.32,66.58
51.53,51.53,59.95,71.25,66.44
52.83,52.83,59.18,69.73,64.30
53.43,53.43,53.94,71.03,67.59
53.44,53.44,47.92,68.50,70.41
52.71,52.71,45.71,69.93,70.47
50.14,50.14,39.28,56.32,69.14
49.02,49.02,36.83,39.89,71.98
48.01,48.01,35.39,35.65,71.53
47.66,47.66,37.42,40.98,70.88
46.80,46.80,38.63,45.21,71.16
45.05,45.05,38.05,64.97,68.93
43.70,43.70,37.20,71.69,64.42
42.66,42.66,36.34,75.11,65.76
42.31,42.31,37.14,78.95,62.80
41.86,41.86,35.73,71.85,67.11
42.15,42.15,32.87,75.55,66.53
41.94,41.94,30.97,72.69,66.52
43.14,43.14,30.34,75.29,69.71
43.69,43.69,30.54,72.50,69.07
44.85,44.85,29.45,71.78,68.55
43.92,43.92,28.01,74.54,70.87
44.19,44.19,26.76,69.79,68.37
44.92,44.92,26.45,73.12,69.88
44.53,44.53,26.15,71.84,72.38
45.06,45.06,25.10,71.46,69.65
45.07,45.07,23.91,59.13,70.74
44.96,44.96,22.67,52.95,71.84
44.17,44.17,23.02,63.58,68.44
44.21,44.21,22.69,72.12,68.79
43.19,43.19,19.65,78.37,68.88
42.93,42.93,19.27,79.23,64.57
43.24,43.24,19.18,77.98,71.63
43.41,43.41,17.00,75.00,67.50
43.55,43.55,16.79,76.03,64.59
43.31,43.31,17.24,73.00,68.68
43.27,43.27,17.36,73.62,66.16
43.00,43.00,16.32,75.19,67.46
42.64,42.64,14.95,71.40,66.97
43.12,43.12,15.71,74.33,69.73
43.11,43.11,14.93,71.75,71.16
41.26,41.26,11.80,71.66,68.59
36.67,36.67,7.67,73.33,69.48
26.47,26.47,4.32,70.02,70.65
16.08,16.08,4.77,72.07,73.69
7.39,7.39,4.52,69.63,72.35
7.29,7.29,5.16,69.42,74.46
3.04,3.04,4.14,70.60,73.83
4.28,4.28,2.56,67.92,73.95
5.61,5.61,2.96,64.35,74.99
7.86,7.86,6.86,53.19,72.24
7.19,7.19,11.30,46.22,72.56
7.73,7.73,20.93,49.96,73.71
8.43,8.43,10.14,52.52,74.17
13.58,13.58,14.08,65.63,74.48
13.96,13.96,15.47,73.13,72.74
12.55,12.55,14.98,78.05,74.09
12.74,12.74,14.02,74.97,72.05
13.43,13.43,13.23,76.07,70.30
12.82,12.82,7.54,77.89,72.30
13.69,13.69,5.60,73.15,69.11
18.72,18.72,6.17,75.13,67.93
21.78,21.78,8.74,73.35,68.84
22.93,22.93,9.77,74.20,69.92
24.25,24.25,14.16,76.31,69.96
23.95,23.95,12.47,72.76,66.65
27.06,27.06,16.26,74.74,68.03
26.90,26.90,15.56,71.33,68.57
24.94,24.94,14.97,71.05,67.76
25.43,25.43,16.54,72.17,68.96
25.09,25.09,14.57,69.40,65.91
24.73,24.73,15.32,71.44,65.57
24.20,24.20,15.75,68.50,68.59
23.04,23.04,18.96,63.81,69.41
24.10,24.10,24.16,53.74,71.42
26.28,26.28,22.88,41.46,71.64
24.37,24.37,23.02,39.41,71.51
23.55,23.55,20.22,39.87,73.92
24.81,24.81,19.42,42.53,75.37
19.14,19.14,12.32,55.61,75.13
17.85,17.85,10.24,69.03,73.35
16.58,16.58,9.62,74.90,74.94
18.82,18.82,10.06,76.23,76.14
20.20,20.20,11.27,76.62,76.74
20.97,20.97,8.67,74.56,77.41
21.00,21.00,10.14,74.59,77.67
17.48,17.48,10.40,76.42,75.56
16.21,16.21,14.91,72.35,74.52
20.80,20.80,15.53,70.43,71.30
19.41,19.41,9.56,63.08,71.04
20.75,20.75,14.74,53.58,70.09
21.41,21.41,20.65,49.42,68.96
21.77,21.77,21.90,42.25,68.58
20.78,20.78,28.57,42.76,72.17
16.17,16.17,30.41,41.34,71.23
14.03,14.03,28.49,41.34,73.39
11.03,11.03,23.88,52.13,70.71
5.21,5.21,23.79,66.82,71.24
4.59,4.59,23.17,74.26,70.89
6.59,6.59,17.29,76.49,69.20
9.54,9.54,15.26,76.37,70.66
13.59,13.59,19.98,74.46,72.23
16.06,16.06,12.17,77.32,72.26
17.60,17.60,10.79,74.09,72.05
17.77,17.77,8.57,72.69,73.60
17.64,17.64,10.18,74.43,71.80
17.54,17.54,11.01,72.55,70.54
19.52,19.52,11.50,75.71,73.52
17.23,17.23,10.10,73.30,74.40
17.06,17.06,7.36,71.76,72.94
15.78,15.78,12.49,73.13,70.64
16.64,16.64,13.06,70.16,71.88
15.91,15.91,14.38,72.29,72.72
18.33,18.33,15.69,69.49,72.60
19.44,19.44,18.59,69.05,74.28
24.90,24.90,25.55,71.10,73.36
28.16,28.16,32.48,73.71,72.97
22.96,22.96,29.64,72.43,73.82
21.49,21.49,24.04,61.51,74.28
21.22,21.22,19.76,45.91,74.58
19.32,19.32,15.46,44.53,72.10
17.65,17.65,13.95,44.47,74.04
20.22,20.22,15.49,55.81,75.25
22.41,22.41,16.01,67.25,73.53
22.78,22.78,17.89,78.44,75.38
24.13,24.13,16.61,76.84,75.45
23.20,23.20,17.03,75.10,74.59
25.21,25.21,16.38,76.90,74.00
24.91,24.91,15.04,73.66,72.11
21.91,21.91,17.04,75.66,72.91
23.80,23.80,24.56,73.86,71.53
28.36,28.36,28.54,72.33,70.34
29.19,29.19,26.50,75.45,71.04
26.19,26.19,27.00,72.16,71.68
27.31,27.31,26.80,74.26,72.64
30.18,30.18,28.47,73.12,71.35
30.56,30.56,25.11,70.76,67.53
27.27,27.27,22.91,72.55,70.08
28.86,28.86,25.71,69.69,69.20
30.60,30.60,22.28,72.29,69.88
28.74,28.74,21.76,69.91,70.18
30.82,30.82,24.76,69.22,70.09
29.49,29.49,23.73,65.66,70.58
29.75,29.75,21.15,50.39,69.84
29.28,29.28,18.30,31.66,71.90
29.84,29.84,19.60,37.52,72.02
28.41,28.41,13.94,39.56,73.42
26.39,26.39,11.95,50.22,74.67
24.55,24.55,12.87,62.14,74.12
25.89,25.89,11.25,70.63,76.64
25.38,25.38,10.48,77.41,75.74
26.57,26.57,13.09,79.13,75.83
29.50,29.50,10.63,76.70,74.92
26.33,26.33,8.25,74.48,75.05
26.73,26.73,8.07,76.77,76.18
27.81,27.81,11.07,73.08,74.53
28.38,28.38,13.26,74.51,74.31
29.84,29.84,14.62,73.32,75.09
27.65,27.65,16.15,58.17,74.30
28.47,28.47,14.32,53.45,72.67
28.17,28.17,19.68,46.33,74.54
28.20,28.20,26.24,35.41,75.03
29.31,29.31,33.57,37.13,75.78
28.17,28.17,36.18,42.69,72.87
29.19,29.19,28.10,49.36,70.13
31.22,31.22,30.34,57.02,67.27
34.16,34.16,37.36,68.92,65.62
34.01,34.01,40.67,77.94,62.60
34.21,34.21,35.02,80.15,58.63
34.40,34.40,26.03,75.79,64.86
35.42,35.42,19.94,76.79,66.22
34.46,34.46,17.92,74.83,67.87
33.94,33.94,21.18,74.37,66.88
34.92,34.92,22.15,76.32,67.26
35.39,35.39,23.66,73.07,68.12
34.86,34.86,23.25,74.10,69.14
33.87,33.87,22.95,73.27,71.08
33.06,33.06,23.23,72.27,72.30
34.70,34.70,25.16,74.54,71.94
34.14,34.14,24.70,70.86,71.51
33.58,33.58,18.73,71.35,70.40
32.42,32.42,19.48,70.26,70.67
33.98,33.98,22.93,68.44,71.74
34.15,34.15,24.74,70.74,69.92
34.43,34.43,25.63,66.87,69.77
32.45,32.45,26.89,67.49,70.67
34.80,34.80,26.89,64.36,72.54
33.89,33.89,28.18,45.55,71.17
36.27,36.27,28.66,33.90,71.65
31.53,31.53,27.37,29.89,71.13
31.20,31.20,27.16,29.84,71.49
32.97,32.97,29.51,25.58,69.54
34.98,34.98,31.62,20.42,71.36
31.13,31.13,33.12,25.99,72.44
33.36,33.36,33.24,28.17,71.49
30.42,30.42,30.01,19.16,69.04
28.82,28.82,32.83,18.32,67.70
30.29,30.29,32.99,16.76,66.97
30.47,30.47,33.22,25.91,66.84
30.92,30.92,32.46,20.81,61.29
28.76,28.76,32.71,25.24,62.49
28.88,28.88,34.23,30.32,62.21
28.27,28.27,34.54,32.37,60.14
28.75,28.75,36.41,35.55,58.85
30.46,30.46,37.67,36.22,58.41
28.70,28.70,39.54,34.27,56.66
24.50,24.50,38.57,31.82,53.43
25.51,25.51,42.05,32.90,48.78
21.16,21.16,39.89,26.97,43.57
12.21,12.21,26.51,20.81,34.39
7.08,7.08,19.31,10.53,21.79
1.79,1.79,5.50,1.03,4.35
0.02,0.02,0.14,-0.00,0.01
-0.00,-0.00,-0.00,-0.00,-0.00
-0.00,-0.00,-0.00,-0.00,-0.00
